/*
SQLyog Ultimate v12.5.0 (64 bit)
MySQL - 5.7.31-0ubuntu0.18.04.1 : Database - clinic_investigation
*********************************************************************
*/

/*!40101 SET NAMES utf8 */;

/*!40101 SET SQL_MODE=''*/;

/*!40014 SET @OLD_UNIQUE_CHECKS=@@UNIQUE_CHECKS, UNIQUE_CHECKS=0 */;
/*!40014 SET @OLD_FOREIGN_KEY_CHECKS=@@FOREIGN_KEY_CHECKS, FOREIGN_KEY_CHECKS=0 */;
/*!40101 SET @OLD_SQL_MODE=@@SQL_MODE, SQL_MODE='NO_AUTO_VALUE_ON_ZERO' */;
/*!40111 SET @OLD_SQL_NOTES=@@SQL_NOTES, SQL_NOTES=0 */;
CREATE DATABASE /*!32312 IF NOT EXISTS*/`clinic_investigation` /*!40100 DEFAULT CHARACTER SET utf8mb4 */;

USE `clinic_investigation`;

/*Table structure for table `sys_dict` */

DROP TABLE IF EXISTS `sys_dict`;

CREATE TABLE `sys_dict` (
  `id` bigint(20) NOT NULL COMMENT '字典主键ID',
  `dict_name` varchar(32) NOT NULL COMMENT '字典名称',
  `dict_value` varchar(32) NOT NULL COMMENT '字典值',
  `dict_type` varchar(32) NOT NULL COMMENT '字典类型',
  `dict_sequence` bigint(20) DEFAULT NULL COMMENT '排序',
  `parent_id` bigint(20) NOT NULL DEFAULT '0' COMMENT '上级字典ID',
  `create_time` timestamp NOT NULL DEFAULT CURRENT_TIMESTAMP COMMENT '创建时间',
  `update_time` timestamp NULL DEFAULT NULL ON UPDATE CURRENT_TIMESTAMP COMMENT '修改时间',
  PRIMARY KEY (`id`) USING BTREE
) ENGINE=InnoDB DEFAULT CHARSET=utf8mb4 ROW_FORMAT=DYNAMIC COMMENT='字典表';

/*Data for the table `sys_dict` */

insert  into `sys_dict`(`id`,`dict_name`,`dict_value`,`dict_type`,`dict_sequence`,`parent_id`,`create_time`,`update_time`) values 
(1,'性别','gender','sex',1,0,'2019-08-13 12:41:19','2019-09-24 18:12:39'),
(2,'男','male','sex',1,1,'2019-08-25 21:33:29','2019-08-28 10:05:39'),
(3,'女','female','sex',2,1,'2019-08-25 21:34:14','2019-08-28 10:05:54'),
(38,'机构','organization','org',2,0,'2019-08-28 17:39:10',NULL),
(39,'公司','company','org',2,38,'2019-08-28 17:39:50','2021-04-18 17:06:00'),
(40,'部门','department','org',3,38,'2019-08-28 17:40:32','2021-04-18 17:06:08'),
(41,'小组','team','org',4,38,'2019-08-28 17:42:00','2021-04-18 17:06:14'),
(45,'区域类型','regiontype','region',4,0,'2019-09-17 14:43:40',NULL),
(46,'省份','province','region',1,45,'2019-09-17 14:44:38',NULL),
(47,'地市','city','region',2,45,'2019-09-17 14:45:06','2019-10-07 14:12:50'),
(53,'消息通知类型','notificationtype','notification',5,0,'2019-10-07 15:20:03',NULL),
(54,'系统消息','message','notification',1,53,'2019-10-07 15:25:04',NULL),
(55,'通知公告','notification','notification',2,53,'2019-10-07 15:26:36',NULL),
(56,'消息通知优先级','notificationpriority','priority',6,0,'2019-10-07 15:29:43','2019-10-07 15:32:40'),
(57,'高','high','priority',1,56,'2019-10-07 15:32:14',NULL),
(58,'中','medium','priority',2,56,'2019-10-07 15:34:06',NULL),
(59,'低','low','priority',3,56,'2019-10-07 15:34:46',NULL),
(690409019042877440,'按钮类型','buttontype','button',3,0,'2020-03-20 11:59:00',NULL),
(690409184067768320,'查看','view','button',1,690409019042877440,'2020-03-20 11:59:39',NULL),
(690409389072764928,'新增','add','button',2,690409019042877440,'2020-03-20 12:00:28',NULL),
(690409525698023424,'编辑','update','button',3,690409019042877440,'2020-03-20 12:01:01',NULL),
(690409681893904384,'删除','delete','button',4,690409019042877440,'2020-03-20 12:01:38','2020-03-20 12:01:59'),
(690409931979280384,'导出','export','button',5,690409019042877440,'2020-03-20 12:02:38',NULL),
(690412734541910016,'授权','authorize','button',6,690409019042877440,'2020-03-20 12:13:46',NULL),
(690413233668280320,'上传','upload','button',7,690409019042877440,'2020-03-20 12:15:45',NULL),
(690433305002561536,'下载','download','button',8,690409019042877440,'2020-03-20 13:35:30',NULL),
(690436655534231552,'生成','generate','button',9,690409019042877440,'2020-03-20 13:48:49',NULL),
(690437022095429632,'预览','preview','button',10,690409019042877440,'2020-03-20 13:50:17',NULL),
(690440262862163968,'发起','start','button',11,690409019042877440,'2020-03-20 14:03:09','2020-03-20 14:03:26'),
(690440661547536384,'跟踪','track','button',12,690409019042877440,'2020-03-20 14:04:45',NULL),
(690440905299513344,'签收','assign','button',13,690409019042877440,'2020-03-20 14:05:42','2020-03-20 14:05:52'),
(690441553252372480,'通过','complete','button',14,690409019042877440,'2020-03-20 14:08:17',NULL),
(690441876436078592,'委派','delegate','button',15,690409019042877440,'2020-03-20 14:09:34',NULL),
(690442190606225408,'回退','regress','button',16,690409019042877440,'2020-03-20 14:10:49',NULL),
(690442344885309440,'驳回','reject','button',17,690409019042877440,'2020-03-20 14:11:26',NULL),
(690442513152397312,'终止','terminate','button',18,690409019042877440,'2020-03-20 14:12:06',NULL),
(690442893357666304,'流程设计','design','button',19,690409019042877440,'2020-03-20 14:13:36',NULL),
(690443118273024000,'部署','deploy','button',20,690409019042877440,'2020-03-20 14:14:30',NULL),
(690443434502574080,'挂起','suspend','button',21,690409019042877440,'2020-03-20 14:15:46',NULL),
(690443568074379264,'激活','activate','button',22,690409019042877440,'2020-03-20 14:16:17',NULL),
(690443896224141312,'路径','execution','button',23,690409019042877440,'2020-03-20 14:17:36',NULL),
(690444200416038912,'节点','activity','button',24,690409019042877440,'2020-03-20 14:18:48',NULL),
(690444357635330048,'详细','detail','button',25,690409019042877440,'2020-03-20 14:19:26',NULL),
(690444491202940928,'变量','variable','button',26,690409019042877440,'2020-03-20 14:19:57',NULL),
(693426304712101888,'详情','details','button',27,690409019042877440,'2020-03-28 19:48:34',NULL),
(798063426328252416,'文件类型','filetype','file',7,0,'2021-01-11 13:39:08',NULL),
(798063617890504704,'图片','image','file',1,798063426328252416,'2021-01-11 13:39:54',NULL),
(798063838640918528,'文档','document','file',2,798063426328252416,'2021-01-11 13:40:47',NULL),
(798063992991305728,'视频','video','file',3,798063426328252416,'2021-01-11 13:41:24',NULL),
(798064175741325312,'音频','audio','file',4,798063426328252416,'2021-01-11 13:42:07',NULL),
(798064281538449408,'其他','other','file',5,798063426328252416,'2021-01-11 13:42:32',NULL),
(833267511255814144,'集团','group','org',1,38,'2021-04-18 17:07:36',NULL);

/*Table structure for table `sys_menu` */

DROP TABLE IF EXISTS `sys_menu`;

CREATE TABLE `sys_menu` (
  `id` bigint(20) NOT NULL COMMENT '菜单主键ID',
  `menu_code` varchar(32) NOT NULL COMMENT '菜单编码',
  `menu_name` varchar(32) NOT NULL COMMENT '菜单名称',
  `menu_icon` varchar(32) DEFAULT NULL COMMENT '菜单图标',
  `menu_path` varchar(512) DEFAULT NULL COMMENT '菜单路由',
  `menu_component` varchar(256) DEFAULT NULL COMMENT '菜单组件',
  `menu_sequence` bigint(20) DEFAULT NULL COMMENT '排序',
  `menu_status` tinyint(4) NOT NULL COMMENT '菜单状态 0：不隐藏 1：隐藏',
  `parent_id` bigint(20) NOT NULL DEFAULT '0' COMMENT '上级菜单ID',
  `create_time` timestamp NOT NULL DEFAULT CURRENT_TIMESTAMP COMMENT '创建时间',
  `update_time` timestamp NULL DEFAULT NULL ON UPDATE CURRENT_TIMESTAMP COMMENT '修改时间',
  PRIMARY KEY (`id`) USING BTREE,
  UNIQUE KEY `idx_menu_route` (`menu_path`) USING BTREE
) ENGINE=InnoDB DEFAULT CHARSET=utf8mb4 ROW_FORMAT=DYNAMIC COMMENT='菜单表';

/*Data for the table `sys_menu` */

insert  into `sys_menu`(`id`,`menu_code`,`menu_name`,`menu_icon`,`menu_path`,`menu_component`,`menu_sequence`,`menu_status`,`parent_id`,`create_time`,`update_time`) values 
(663750580350930944,'home','首页','home','/home',NULL,0,1,0,'2020-01-06 22:27:52','2022-03-08 08:50:10'),
(663854683370475520,'workbench','工作台','profile','/home/workbench','./Home/Workbench',1,1,663750580350930944,'2020-01-07 05:21:33','2020-06-29 09:18:00'),
(663854974853632000,'mynotification','我的消息','message','/home/mynotification','./Home/MyNotification',2,1,663750580350930944,'2020-01-07 05:22:42','2020-06-29 09:40:43'),
(663855492212641792,'admin','账户管理','desktop','/admin',NULL,7,1,0,'2020-01-07 05:24:45','2022-03-08 08:50:42'),
(663855709905408000,'sysuser','账户列表','user','/admin/sysuser','./Admin/SysUser',1,1,663855492212641792,'2020-01-07 05:25:37','2022-03-07 11:30:12'),
(663855709905408045,'syslog','系统操作日志','syslog','/authority/syslog','/authority/syslog',20,1,665496626324230144,'2022-03-18 22:38:34','2022-03-18 22:39:31'),
(663855944106954752,'sysrole','角色管理','idcard','/authority/sysrole','./Admin/SysRole',1,1,665496626324230144,'2020-01-07 05:26:33','2020-06-29 09:17:51'),
(663856139884482560,'sysparam','参数管理','sliders','/admin/sysparam','./Admin/SysParam',7,1,665496626324230144,'2020-01-07 05:27:20','2022-03-07 17:18:53'),
(663856370193715200,'sysdict','字典管理','book','/admin/sysdict','./Admin/SysDict',5,1,665496626324230144,'2020-01-07 05:28:15','2022-03-07 17:18:58'),
(663856596409307136,'sysorg','组织机构','team','/authority/sysorg','./Admin/SysOrg',4,1,665496626324230144,'2020-01-07 05:29:09','2022-03-07 17:19:04'),
(663856793264771072,'sysmenu','菜单管理','menu','/authority/sysmenu','./Admin/SysMenu',3,1,665496626324230144,'2020-01-07 05:29:56','2022-03-07 17:19:09'),
(663857014669496320,'sysregion','区域管理','environment','/admin/sysregion','./Admin/SysRegion',6,1,665496626324230144,'2020-01-07 05:30:48','2022-03-07 17:19:10'),
(663857253375725568,'notification','消息通知','notification','/admin/notification','./Admin/Notification',8,1,665496626324230144,'2020-01-07 05:31:45','2022-03-07 17:19:22'),
(663868640676204544,'chartreport','数据统计','dashboard','/chartreport',NULL,7,1,0,'2020-01-07 06:17:00','2022-03-08 09:19:16'),
(665197527700000768,'fail','失败页','close-circle-o','/template/result/fail','./Template/Result/Error',2,1,665197219141832704,'2020-01-10 22:17:29','2020-06-29 09:15:59'),
(665197875319721984,'exception','异常页','warning','/exception',NULL,12,0,0,'2020-01-10 22:18:52','2020-06-29 09:15:04'),
(665198079427137536,'not-permission','403','warning','/exception/403','./Exception/Exception403',1,0,665197875319721984,'2020-01-10 22:19:40','2020-06-29 09:15:12'),
(665198241801228288,'not-find','404','warning','/exception/404','./Exception/Exception404',2,0,665197875319721984,'2020-01-10 22:20:19','2020-06-29 09:15:15'),
(665198396457799680,'server-error','500','warning','/exception/500','./Exception/Exception500',3,0,665197875319721984,'2020-01-10 22:20:56','2020-06-29 09:14:56'),
(665496626324230144,'authority','权限管理','safety','/authority',NULL,99,1,0,'2020-01-11 18:06:00','2022-03-08 08:48:28'),
(665734849524846592,'swagger','Swagger接口文档','box-plot','/monitors/swagger',NULL,3,1,665564219978469376,'2020-01-12 09:52:39','2021-08-22 17:07:13'),
(684185040317763584,'sysurl','接口权限','api','/authority/sysurl','./Admin/SysUrl',2,1,665496626324230144,'2020-03-03 07:47:08','2020-06-29 09:16:51'),
(687514791186976768,'account','个人页','setting','/account','',13,0,0,'2020-03-12 12:18:19','2020-06-29 09:15:25'),
(687563817764704256,'settings','个人设置','user','/account/settings','./Account/Settings/Info',1,1,687514791186976768,'2020-03-12 15:33:08','2020-06-29 09:16:48'),
(690019670816116736,'datapermission','数据权限','gateway','/authority/datapermission','./Admin/DataPermission',3,1,665496626324230144,'2020-03-19 10:11:52','2020-06-29 09:16:47'),
(699081036910743552,'appclient','应用管理','fork','/admin/appclient','./Admin/AppClient',9,1,665496626324230144,'2020-04-13 10:18:27','2022-03-07 17:19:27'),
(820207211942170624,'onlinesysuser','在线用户','el-icon-chat-line-round','/admin/onlinesysuser',NULL,10,1,665496626324230144,'2021-03-13 16:10:41','2022-03-07 17:19:33'),
(877680415171661824,'report','数据分析','fund','/chartreport/report',NULL,2,1,663868640676204544,'2021-08-19 06:28:39','2022-03-08 09:19:21'),
(877680759448522741,'prodata','数据管理','fund','/prodata',NULL,1,1,0,'2022-03-07 18:05:57','2022-03-08 08:38:41'),
(880405761124388864,'bigscreen','数据大屏','el-icon-full-screen','/chartreport/bigscreen',NULL,1,1,663868640676204544,'2021-08-26 18:58:10','2022-03-08 09:19:28'),
(893319636001935477,'question','问卷管理','el-icon-full-screen','/question',NULL,2,1,0,'2022-03-07 20:20:37','2022-03-07 20:21:29'),
(893319636001935479,'questlist','问卷列表','el-icon-full-screen','/question/questlist',NULL,1,1,893319636001935477,'2022-03-07 20:22:30','2022-03-08 08:58:35'),
(950552519389884416,'datalist','义诊列表','el-icon-full-screen','/prodata/datalist',NULL,1,1,877680759448522741,'2022-03-08 08:37:57','2022-03-08 08:38:59'),
(950553315959517184,'examine','数据审核','el-icon-full-screen','/examine',NULL,3,1,0,'2022-03-08 08:40:33','2022-03-08 08:40:37'),
(950553687654543360,'exwait','待审核列表','el-icon-full-screen','/examine/exwait',NULL,1,1,950553315959517184,'2022-03-08 08:42:06','2022-03-08 08:42:20'),
(950554119093235712,'exconfirm','已审核列表','el-icon-full-screen','/examine/exconfirm',NULL,2,1,950553315959517184,'2022-03-08 08:43:30','2022-03-08 08:43:41');

/*Table structure for table `sys_menu_button` */

DROP TABLE IF EXISTS `sys_menu_button`;

CREATE TABLE `sys_menu_button` (
  `id` bigint(20) NOT NULL COMMENT '菜单与按钮关联主键ID',
  `menu_code` varchar(32) NOT NULL COMMENT '菜单编码',
  `menu_button` varchar(40) NOT NULL COMMENT '按钮',
  PRIMARY KEY (`id`) USING BTREE
) ENGINE=InnoDB DEFAULT CHARSET=utf8mb4 ROW_FORMAT=DYNAMIC COMMENT='菜单与按钮关联表';

/*Data for the table `sys_menu_button` */

insert  into `sys_menu_button`(`id`,`menu_code`,`menu_button`) values 
(690886417148465152,'sysurl','add'),
(690886417240739840,'sysurl','update'),
(690886417341403136,'sysurl','delete'),
(690886417442066432,'sysurl','export'),
(690886417559506944,'sysurl','authorize'),
(690886572505485312,'datapermission','authorize'),
(690886745692491776,'sysuser','add'),
(690886745797349376,'sysuser','update'),
(690886745927372800,'sysuser','delete'),
(690886746032230400,'sysuser','export'),
(693344019832819712,'generator','add'),
(693344019958648832,'generator','update'),
(693344020092866560,'generator','delete'),
(693344020206112768,'generator','export'),
(693344020336136192,'generator','generate'),
(726975396599746560,'mynotification','view'),
(833248459753967616,'sysmenu','add'),
(833248459879796736,'sysmenu','update'),
(833248460009820160,'sysmenu','delete'),
(833248460131454976,'sysmenu','export'),
(833248535347908608,'sysorg','add'),
(833248535465349120,'sysorg','update'),
(833248535561818112,'sysorg','delete'),
(833248535654092800,'sysorg','export'),
(833248592793096192,'sysdict','add'),
(833248592927313920,'sysdict','update'),
(833248594072358912,'sysdict','delete'),
(833248594198188032,'sysdict','export'),
(833248671448879104,'sysregion','add'),
(833248671633428480,'sysregion','update'),
(833248671713120256,'sysregion','delete'),
(833248671805394944,'sysregion','export'),
(833248719997947904,'sysparam','add'),
(833248720325103616,'sysparam','update'),
(833248720618704896,'sysparam','delete'),
(833248720941666304,'sysparam','export'),
(833248770174406656,'notification','add'),
(833248770279264256,'notification','update'),
(833248770405093376,'notification','delete'),
(833248821479133184,'appclient','add'),
(833248821571407872,'appclient','update'),
(833248821672071168,'appclient','delete'),
(833248821764345856,'appclient','export'),
(864680803607306240,'sysrole','add'),
(864680803615694848,'sysrole','update'),
(864680803619889152,'sysrole','delete'),
(864680803624083456,'sysrole','export'),
(864680803628277760,'sysrole','authorize'),
(864680803628277761,'sysrole','upload');

/*Table structure for table `sys_oper_log` */

DROP TABLE IF EXISTS `sys_oper_log`;

CREATE TABLE `sys_oper_log` (
  `oper_id` bigint(20) NOT NULL AUTO_INCREMENT COMMENT '日志主键',
  `title` varchar(50) DEFAULT '' COMMENT '模块标题',
  `business_type` int(11) DEFAULT '0' COMMENT '业务类型（0其它 1新增 2修改 3删除）',
  `method` varchar(100) DEFAULT '' COMMENT '方法名称',
  `request_method` varchar(10) DEFAULT '' COMMENT '请求方式',
  `operator_type` int(11) DEFAULT '0' COMMENT '操作类别（0其它 1后台用户 2手机端用户）',
  `oper_name` varchar(50) DEFAULT '' COMMENT '操作人员',
  `dept_name` varchar(50) DEFAULT '' COMMENT '部门名称',
  `oper_url` varchar(255) DEFAULT '' COMMENT '请求URL',
  `oper_ip` varchar(128) DEFAULT '' COMMENT '主机地址',
  `oper_location` varchar(255) DEFAULT '' COMMENT '操作地点',
  `oper_param` varchar(2000) DEFAULT '' COMMENT '请求参数',
  `json_result` varchar(2000) DEFAULT '' COMMENT '返回参数',
  `status` int(11) DEFAULT '0' COMMENT '操作状态（0正常 1异常）',
  `error_msg` varchar(2000) DEFAULT '' COMMENT '错误消息',
  `oper_time` datetime DEFAULT NULL COMMENT '操作时间',
  PRIMARY KEY (`oper_id`)
) ENGINE=InnoDB AUTO_INCREMENT=661 DEFAULT CHARSET=utf8mb4 COMMENT='操作日志记录';

/*Data for the table `sys_oper_log` */

insert  into `sys_oper_log`(`oper_id`,`title`,`business_type`,`method`,`request_method`,`operator_type`,`oper_name`,`dept_name`,`oper_url`,`oper_ip`,`oper_location`,`oper_param`,`json_result`,`status`,`error_msg`,`oper_time`) values 
(313,'用户登录',NULL,'loadUserByUsername',NULL,NULL,'admin',NULL,'login','127.0.0.1','',NULL,NULL,0,'','2022-03-18 22:04:14'),
(314,'根据查询条件导出接口',5,'com.clin.api.controller.InvestigationController.exportInv()','POST',1,'admin',NULL,'/clin/pro/inv/exportInv','127.0.0.1','','{\"roleCode\":\"ROLE_MANAGER\",\"userId\":627057273520128}',NULL,0,NULL,'2022-03-18 22:04:26'),
(315,'根据查询条件导出接口',5,'com.clin.api.controller.InvestigationController.exportInv()','POST',1,'admin',NULL,'/clin/pro/inv/exportInv','127.0.0.1','','{\"roleCode\":\"ROLE_MANAGER\",\"userId\":627057273520128}',NULL,0,NULL,'2022-03-18 22:05:00'),
(316,'用户登录',NULL,'loadUserByUsername',NULL,NULL,'eac',NULL,'login','127.0.0.1','',NULL,NULL,0,'','2022-03-18 22:40:11'),
(317,'用户登录',NULL,'loadUserByUsername',NULL,NULL,'eac',NULL,'login','127.0.0.1','',NULL,NULL,0,'','2022-03-19 09:40:25'),
(318,'用户登录',NULL,'loadUserByUsername',NULL,NULL,'eac',NULL,'login','127.0.0.1','',NULL,NULL,0,'','2022-03-19 09:57:27'),
(320,'用户登录',NULL,'loadUserByUsername',NULL,NULL,'eac',NULL,'login','127.0.0.1','',NULL,NULL,0,'','2022-03-19 10:00:59'),
(321,'用户登录',NULL,'loadUserByUsername',NULL,NULL,'eac',NULL,'login','127.0.0.1','',NULL,NULL,0,'','2022-03-19 10:25:11'),
(322,'用户登录',NULL,'loadUserByUsername',NULL,NULL,'eac',NULL,'login','127.0.0.1','',NULL,NULL,0,'','2022-03-19 10:50:09'),
(323,'用户登录',NULL,'loadUserByUsername',NULL,NULL,'jiaodu',NULL,'login','223.101.74.149','',NULL,NULL,0,'','2022-03-22 21:25:12'),
(324,'用户登录',NULL,'loadUserByUsername',NULL,NULL,'jiaodu',NULL,'login','223.101.74.149','',NULL,NULL,0,'','2022-03-22 21:25:42'),
(325,'用户登录',NULL,'loadUserByUsername',NULL,NULL,'jiaodu',NULL,'login','223.101.74.149','',NULL,NULL,0,'','2022-03-23 11:15:10'),
(326,'用户登录',NULL,'loadUserByUsername',NULL,NULL,'jiaodu',NULL,'login','223.101.74.149','',NULL,NULL,0,'','2022-03-24 09:13:23'),
(327,'用户登录',NULL,'loadUserByUsername',NULL,NULL,'jiaodu',NULL,'login','223.101.74.149','',NULL,NULL,0,'','2022-03-24 09:14:35'),
(328,'用户登录',NULL,'loadUserByUsername',NULL,NULL,'eac',NULL,'login','127.0.0.1','',NULL,NULL,0,'','2022-03-24 10:07:28'),
(329,'用户登录',NULL,'loadUserByUsername',NULL,NULL,'kakaxi',NULL,'login','223.101.74.149','',NULL,NULL,0,'','2022-03-24 10:11:39'),
(330,'用户登录',NULL,'loadUserByUsername',NULL,NULL,'jiaodu',NULL,'login','223.101.74.149','',NULL,NULL,0,'','2022-03-24 22:19:26'),
(331,'用户登录',NULL,'loadUserByUsername',NULL,NULL,'jiaodu',NULL,'login','223.101.74.149','',NULL,NULL,0,'','2022-03-24 22:30:45'),
(332,'用户登录',NULL,'loadUserByUsername',NULL,NULL,'jiaodu',NULL,'login','223.101.74.149','',NULL,NULL,0,'','2022-03-24 22:31:06'),
(333,'用户登录',NULL,'loadUserByUsername',NULL,NULL,'jiaodu',NULL,'login','223.101.74.149','',NULL,NULL,0,'','2022-03-24 22:36:55'),
(334,'小程序端用户登录',10,'com.clin.mp.controller.LoginController.login()','POST',1,'kakaxi',NULL,'/clin/mp/users/loginin','127.0.0.1','','kakaxi 000000','{\"data\":{\"USERNAME\":\"kakaxi\",\"PASSWORD\":\"$2a$10$JXaXHwveokcVxbbqs.ZmzenxVujAyajIu1PBTytzK1BSDt1ZnJ0fS\",\"mobile\":\"13444444444\",\"role_code\":\"ROLE_AGENT\",\"nickname\":\"卡卡西\",\"avatar\":\"623bd371e4b0fc53c65965b3.jpg\",\"role_name\":\"义诊负责人\",\"user_id\":\"627303521107968\"},\"message\":\"success\",\"status\":200}',0,NULL,'2022-03-24 23:04:19'),
(335,'用户登录',NULL,'loadUserByUsername',NULL,NULL,'eac',NULL,'login','127.0.0.1','',NULL,NULL,0,'','2022-03-24 23:06:50'),
(336,'用户登录',NULL,'loadUserByUsername',NULL,NULL,'jiaodu',NULL,'login','223.101.75.26','',NULL,NULL,0,'','2022-03-25 10:01:09'),
(337,'用户登录',NULL,'loadUserByUsername',NULL,NULL,'admin',NULL,'login','127.0.0.1','',NULL,NULL,0,'','2022-03-25 10:13:34'),
(338,'用户登录',NULL,'loadUserByUsername',NULL,NULL,'admin',NULL,'login','223.101.75.26','',NULL,NULL,0,'','2022-03-25 10:47:47'),
(339,'用户登录',NULL,'loadUserByUsername',NULL,NULL,'admin',NULL,'login','223.101.75.26','',NULL,NULL,0,'','2022-03-25 10:51:16'),
(340,'用户登录',NULL,'loadUserByUsername',NULL,NULL,'eac',NULL,'login','127.0.0.1','',NULL,NULL,0,'','2022-03-25 11:05:54'),
(341,'用户登录',NULL,'loadUserByUsername',NULL,NULL,'admin',NULL,'login','127.0.0.1','',NULL,NULL,0,'','2022-03-25 13:57:10'),
(342,'用户登录',NULL,'loadUserByUsername',NULL,NULL,'admin',NULL,'login','127.0.0.1','',NULL,NULL,0,'','2022-03-25 15:22:45'),
(343,'用户登录',NULL,'loadUserByUsername',NULL,NULL,'admin',NULL,'login','223.101.75.26','',NULL,NULL,0,'','2022-03-25 15:23:52'),
(344,'用户登录',NULL,'loadUserByUsername',NULL,NULL,'admin',NULL,'login','127.0.0.1','',NULL,NULL,0,'','2022-03-25 15:25:45'),
(345,'用户登录',NULL,'loadUserByUsername',NULL,NULL,'admin',NULL,'login','127.0.0.1','',NULL,NULL,0,'','2022-03-25 15:31:27'),
(346,'用户登录',NULL,'loadUserByUsername',NULL,NULL,'admin',NULL,'login','127.0.0.1','',NULL,NULL,0,'','2022-03-25 15:50:49'),
(347,'用户登录',NULL,'loadUserByUsername',NULL,NULL,'admin',NULL,'login','127.0.0.1','',NULL,NULL,0,'','2022-03-25 16:15:32'),
(348,'用户登录',NULL,'loadUserByUsername',NULL,NULL,'admin',NULL,'login','127.0.0.1','',NULL,NULL,0,'','2022-03-25 16:29:37'),
(349,'用户登录',NULL,'loadUserByUsername',NULL,NULL,'admin',NULL,'login','127.0.0.1','',NULL,NULL,0,'','2022-03-25 16:43:34'),
(350,'用户登录',NULL,'loadUserByUsername',NULL,NULL,'admin',NULL,'login','127.0.0.1','',NULL,NULL,0,'','2022-03-25 16:59:59'),
(351,'用户登录',NULL,'loadUserByUsername',NULL,NULL,'feiduan',NULL,'login','127.0.0.1','',NULL,NULL,0,'','2022-03-25 17:08:28'),
(352,'用户登录',NULL,'loadUserByUsername',NULL,NULL,'maitekai',NULL,'login','127.0.0.1','',NULL,NULL,0,'','2022-03-25 17:08:53'),
(353,'用户登录',NULL,'loadUserByUsername',NULL,NULL,'admin',NULL,'login','127.0.0.1','',NULL,NULL,0,'','2022-03-25 19:57:24'),
(354,'用户登录',NULL,'loadUserByUsername',NULL,NULL,'kakaxi',NULL,'login','127.0.0.1','',NULL,NULL,0,'','2022-03-25 20:04:26'),
(355,'用户登录',NULL,'loadUserByUsername',NULL,NULL,'guijiao',NULL,'login','127.0.0.1','',NULL,NULL,0,'','2022-03-25 20:04:44'),
(356,'用户登录',NULL,'loadUserByUsername',NULL,NULL,'guijiao',NULL,'login','127.0.0.1','',NULL,NULL,0,'','2022-03-25 20:17:47'),
(357,'用户登录',NULL,'loadUserByUsername',NULL,NULL,'kakaxi',NULL,'login','127.0.0.1','',NULL,NULL,0,'','2022-03-25 20:19:25'),
(358,'用户登录',NULL,'loadUserByUsername',NULL,NULL,'admin',NULL,'login','127.0.0.1','',NULL,NULL,0,'','2022-03-25 20:21:35'),
(359,'用户登录',NULL,'loadUserByUsername',NULL,NULL,'admin',NULL,'login','127.0.0.1','',NULL,NULL,0,'','2022-03-25 20:41:54'),
(360,'用户登录',NULL,'loadUserByUsername',NULL,NULL,'kakaxi',NULL,'login','127.0.0.1','',NULL,NULL,0,'','2022-03-25 20:42:27'),
(361,'用户登录',NULL,'loadUserByUsername',NULL,NULL,'kakaxi',NULL,'login','127.0.0.1','',NULL,NULL,0,'','2022-03-25 20:46:01'),
(362,'用户登录',NULL,'loadUserByUsername',NULL,NULL,'admin',NULL,'login','127.0.0.1','',NULL,NULL,0,'','2022-03-25 20:47:36'),
(363,'用户登录',NULL,'loadUserByUsername',NULL,NULL,'feiduan',NULL,'login','127.0.0.1','',NULL,NULL,0,'','2022-03-25 20:53:20'),
(364,'用户登录',NULL,'loadUserByUsername',NULL,NULL,'maitekai',NULL,'login','127.0.0.1','',NULL,NULL,0,'','2022-03-25 20:54:53'),
(365,'用户登录',NULL,'loadUserByUsername',NULL,NULL,'admin',NULL,'login','223.101.75.26','',NULL,NULL,0,'','2022-03-25 21:09:39'),
(366,'小程序端用户登录',10,'com.clin.mp.controller.LoginController.login()','POST',1,'admin',NULL,'/clin/mp/users/loginin','223.101.75.26','','admin 123456','{\"data\":{\"USERNAME\":\"admin\",\"PASSWORD\":\"$2a$10$r3xPKMnGkh/4qGZubMuI1.vbAIFUt/n7Hb3APVDg1Bf5j7fyGx56O\",\"mobile\":\"13333333333\",\"role_code\":\"ROLE_MANAGER\",\"nickname\":\"admin11\",\"avatar\":\"6233f907a98c774168bb1e3b.jpg\",\"role_name\":\"管理员\",\"user_id\":\"627057273520128\"},\"message\":\"success\",\"status\":200}',0,NULL,'2022-03-28 20:35:43'),
(367,'小程序端用户登录',10,'com.clin.mp.controller.LoginController.login()','POST',1,'admin',NULL,'/clin/mp/users/loginin','223.101.75.26','','admin 123456','{\"data\":{\"USERNAME\":\"admin\",\"PASSWORD\":\"$2a$10$r3xPKMnGkh/4qGZubMuI1.vbAIFUt/n7Hb3APVDg1Bf5j7fyGx56O\",\"mobile\":\"13333333333\",\"role_code\":\"ROLE_MANAGER\",\"nickname\":\"admin11\",\"avatar\":\"6241b2ade4b000edc59beb38.jpg\",\"role_name\":\"管理员\",\"user_id\":\"627057273520128\"},\"message\":\"success\",\"status\":200}',0,NULL,'2022-03-29 09:35:12'),
(368,'用户登录',NULL,'loadUserByUsername',NULL,NULL,'admin',NULL,'login','223.101.75.26','',NULL,NULL,0,'','2022-03-29 11:55:44'),
(369,'用户登录',NULL,'loadUserByUsername',NULL,NULL,'admin',NULL,'login','223.101.75.26','',NULL,NULL,0,'','2022-03-29 17:54:45'),
(370,'小程序端用户登录',10,'com.clin.mp.controller.LoginController.login()','POST',1,'admin',NULL,'/clin/mp/users/loginin','223.101.75.26','','admin 123456','{\"data\":{\"USERNAME\":\"admin\",\"PASSWORD\":\"$2a$10$r3xPKMnGkh/4qGZubMuI1.vbAIFUt/n7Hb3APVDg1Bf5j7fyGx56O\",\"mobile\":\"13333333333\",\"role_code\":\"ROLE_MANAGER\",\"nickname\":\"admin11\",\"avatar\":\"6241b2ade4b000edc59beb38.jpg\",\"role_name\":\"管理员\",\"user_id\":\"627057273520128\"},\"message\":\"success\",\"status\":200}',0,NULL,'2022-03-29 21:42:32'),
(371,'用户登录',NULL,'loadUserByUsername',NULL,NULL,'admin',NULL,'login','223.101.75.26','',NULL,NULL,0,'','2022-03-29 21:50:06'),
(372,'小程序端用户登录',10,'com.clin.mp.controller.LoginController.login()','POST',1,'admin',NULL,'/clin/mp/users/loginin','127.0.0.1','','admin 123456','{\"data\":{\"USERNAME\":\"admin\",\"PASSWORD\":\"$2a$10$r3xPKMnGkh/4qGZubMuI1.vbAIFUt/n7Hb3APVDg1Bf5j7fyGx56O\",\"mobile\":\"13333333333\",\"role_code\":\"ROLE_MANAGER\",\"nickname\":\"admin11\",\"avatar\":\"6241b2ade4b000edc59beb38.jpg\",\"role_name\":\"管理员\",\"user_id\":\"627057273520128\"},\"message\":\"success\",\"status\":200}',0,NULL,'2022-03-30 20:29:35'),
(373,'小程序端用户登录',10,'com.clin.mp.controller.LoginController.login()','POST',1,'kakaxi',NULL,'/clin/mp/users/loginin','127.0.0.1','','kakaxi 000000','{\"data\":{\"USERNAME\":\"kakaxi\",\"PASSWORD\":\"$2a$10$JXaXHwveokcVxbbqs.ZmzenxVujAyajIu1PBTytzK1BSDt1ZnJ0fS\",\"mobile\":\"13444444444\",\"role_code\":\"ROLE_AGENT\",\"nickname\":\"卡卡西\",\"avatar\":\"623bd371e4b0fc53c65965b3.jpg\",\"role_name\":\"义诊负责人\",\"user_id\":\"627303521107968\"},\"message\":\"success\",\"status\":200}',0,NULL,'2022-03-30 21:26:19'),
(374,'小程序端用户登录',10,'com.clin.mp.controller.LoginController.login()','POST',1,'admin',NULL,'/clin/mp/users/loginin','127.0.0.1','','admin 123465',NULL,1,'密码错误！','2022-03-30 21:29:25'),
(375,'小程序端用户登录',10,'com.clin.mp.controller.LoginController.login()','POST',1,'admin',NULL,'/clin/mp/users/loginin','127.0.0.1','','admin 1123456',NULL,1,'密码错误！','2022-03-30 21:29:36'),
(376,'小程序端用户登录',10,'com.clin.mp.controller.LoginController.login()','POST',1,'admin',NULL,'/clin/mp/users/loginin','127.0.0.1','','admin 123456','{\"data\":{\"USERNAME\":\"admin\",\"PASSWORD\":\"$2a$10$r3xPKMnGkh/4qGZubMuI1.vbAIFUt/n7Hb3APVDg1Bf5j7fyGx56O\",\"mobile\":\"13333333333\",\"role_code\":\"ROLE_MANAGER\",\"nickname\":\"admin11\",\"avatar\":\"6241b2ade4b000edc59beb38.jpg\",\"role_name\":\"管理员\",\"user_id\":\"627057273520128\"},\"message\":\"success\",\"status\":200}',0,NULL,'2022-03-30 21:29:49'),
(377,'小程序端用户登录',10,'com.clin.mp.controller.LoginController.login()','POST',1,'admin',NULL,'/clin/mp/users/loginin','223.101.75.26','','admin 123456','{\"data\":{\"USERNAME\":\"admin\",\"PASSWORD\":\"$2a$10$r3xPKMnGkh/4qGZubMuI1.vbAIFUt/n7Hb3APVDg1Bf5j7fyGx56O\",\"mobile\":\"13333333333\",\"role_code\":\"ROLE_MANAGER\",\"nickname\":\"admin11\",\"avatar\":\"6241b2ade4b000edc59beb38.jpg\",\"role_name\":\"管理员\",\"user_id\":\"627057273520128\"},\"message\":\"success\",\"status\":200}',0,NULL,'2022-03-30 21:37:13'),
(378,'小程序端用户登录',10,'com.clin.mp.controller.LoginController.login()','POST',1,'admin',NULL,'/clin/mp/users/loginin','223.101.75.26','','admin 123456','{\"data\":{\"USERNAME\":\"admin\",\"PASSWORD\":\"$2a$10$r3xPKMnGkh/4qGZubMuI1.vbAIFUt/n7Hb3APVDg1Bf5j7fyGx56O\",\"mobile\":\"13333333333\",\"role_code\":\"ROLE_MANAGER\",\"nickname\":\"admin11\",\"avatar\":\"6241b2ade4b000edc59beb38.jpg\",\"role_name\":\"管理员\",\"user_id\":\"627057273520128\"},\"message\":\"success\",\"status\":200}',0,NULL,'2022-03-30 21:37:17'),
(379,'小程序端用户登录',10,'com.clin.mp.controller.LoginController.login()','POST',1,'admin',NULL,'/clin/mp/users/loginin','223.101.75.26','','admin 123456','{\"data\":{\"USERNAME\":\"admin\",\"PASSWORD\":\"$2a$10$r3xPKMnGkh/4qGZubMuI1.vbAIFUt/n7Hb3APVDg1Bf5j7fyGx56O\",\"mobile\":\"13333333333\",\"role_code\":\"ROLE_MANAGER\",\"nickname\":\"admin11\",\"avatar\":\"6241b2ade4b000edc59beb38.jpg\",\"role_name\":\"管理员\",\"user_id\":\"627057273520128\"},\"message\":\"success\",\"status\":200}',0,NULL,'2022-03-30 21:37:20'),
(380,'小程序端用户登录',10,'com.clin.mp.controller.LoginController.login()','POST',1,'admin',NULL,'/clin/mp/users/loginin','223.101.75.26','','admin 123456','{\"data\":{\"USERNAME\":\"admin\",\"PASSWORD\":\"$2a$10$r3xPKMnGkh/4qGZubMuI1.vbAIFUt/n7Hb3APVDg1Bf5j7fyGx56O\",\"mobile\":\"13333333333\",\"role_code\":\"ROLE_MANAGER\",\"nickname\":\"admin11\",\"avatar\":\"6241b2ade4b000edc59beb38.jpg\",\"role_name\":\"管理员\",\"user_id\":\"627057273520128\"},\"message\":\"success\",\"status\":200}',0,NULL,'2022-03-30 21:38:14'),
(381,'小程序端用户登录',10,'com.clin.mp.controller.LoginController.login()','POST',1,'admin',NULL,'/clin/mp/users/loginin','223.101.75.26','','admin 123456','{\"data\":{\"USERNAME\":\"admin\",\"PASSWORD\":\"$2a$10$r3xPKMnGkh/4qGZubMuI1.vbAIFUt/n7Hb3APVDg1Bf5j7fyGx56O\",\"mobile\":\"13333333333\",\"role_code\":\"ROLE_MANAGER\",\"nickname\":\"admin11\",\"avatar\":\"6241b2ade4b000edc59beb38.jpg\",\"role_name\":\"管理员\",\"user_id\":\"627057273520128\"},\"message\":\"success\",\"status\":200}',0,NULL,'2022-03-30 21:42:08'),
(382,'小程序端用户登录',10,'com.clin.mp.controller.LoginController.login()','POST',1,'admin',NULL,'/clin/mp/users/loginin','223.101.75.26','','admin 12345',NULL,1,'密码错误！','2022-03-30 21:45:26'),
(383,'小程序端用户登录',10,'com.clin.mp.controller.LoginController.login()','POST',1,'admin',NULL,'/clin/mp/users/loginin','223.101.75.26','','admin 123456','{\"data\":{\"USERNAME\":\"admin\",\"PASSWORD\":\"$2a$10$r3xPKMnGkh/4qGZubMuI1.vbAIFUt/n7Hb3APVDg1Bf5j7fyGx56O\",\"mobile\":\"13333333333\",\"role_code\":\"ROLE_MANAGER\",\"nickname\":\"admin11\",\"avatar\":\"6241b2ade4b000edc59beb38.jpg\",\"role_name\":\"管理员\",\"user_id\":\"627057273520128\"},\"message\":\"success\",\"status\":200}',0,NULL,'2022-03-30 21:45:36'),
(384,'小程序端用户登录',10,'com.clin.mp.controller.LoginController.login()','POST',1,'admin',NULL,'/clin/mp/users/loginin','223.101.75.26','','admin 123456','{\"data\":{\"USERNAME\":\"admin\",\"PASSWORD\":\"$2a$10$r3xPKMnGkh/4qGZubMuI1.vbAIFUt/n7Hb3APVDg1Bf5j7fyGx56O\",\"mobile\":\"13333333333\",\"role_code\":\"ROLE_MANAGER\",\"nickname\":\"admin11\",\"avatar\":\"6241b2ade4b000edc59beb38.jpg\",\"role_name\":\"管理员\",\"user_id\":\"627057273520128\"},\"message\":\"success\",\"status\":200}',0,NULL,'2022-03-30 21:45:47'),
(385,'小程序端用户登录',10,'com.clin.mp.controller.LoginController.login()','POST',1,'admin',NULL,'/clin/mp/users/loginin','223.101.75.26','','admin 123456','{\"data\":{\"USERNAME\":\"admin\",\"PASSWORD\":\"$2a$10$r3xPKMnGkh/4qGZubMuI1.vbAIFUt/n7Hb3APVDg1Bf5j7fyGx56O\",\"mobile\":\"13333333333\",\"role_code\":\"ROLE_MANAGER\",\"nickname\":\"admin11\",\"avatar\":\"6241b2ade4b000edc59beb38.jpg\",\"role_name\":\"管理员\",\"user_id\":\"627057273520128\"},\"message\":\"success\",\"status\":200}',0,NULL,'2022-03-30 21:47:48'),
(386,'小程序端用户登录',10,'com.clin.mp.controller.LoginController.login()','POST',1,'admin',NULL,'/clin/mp/users/loginin','223.101.75.26','','admin 123456','{\"data\":{\"USERNAME\":\"admin\",\"PASSWORD\":\"$2a$10$r3xPKMnGkh/4qGZubMuI1.vbAIFUt/n7Hb3APVDg1Bf5j7fyGx56O\",\"mobile\":\"13333333333\",\"role_code\":\"ROLE_MANAGER\",\"nickname\":\"admin11\",\"avatar\":\"6241b2ade4b000edc59beb38.jpg\",\"role_name\":\"管理员\",\"user_id\":\"627057273520128\"},\"message\":\"success\",\"status\":200}',0,NULL,'2022-03-30 21:52:25'),
(387,'小程序端用户登录',10,'com.clin.mp.controller.LoginController.login()','POST',1,'admin',NULL,'/clin/mp/users/loginin','223.101.75.26','','admin 123456','{\"data\":{\"USERNAME\":\"admin\",\"PASSWORD\":\"$2a$10$r3xPKMnGkh/4qGZubMuI1.vbAIFUt/n7Hb3APVDg1Bf5j7fyGx56O\",\"mobile\":\"13333333333\",\"role_code\":\"ROLE_MANAGER\",\"nickname\":\"admin11\",\"avatar\":\"6241b2ade4b000edc59beb38.jpg\",\"role_name\":\"管理员\",\"user_id\":\"627057273520128\"},\"message\":\"success\",\"status\":200}',0,NULL,'2022-03-30 21:52:29'),
(388,'小程序端用户登录',10,'com.clin.mp.controller.LoginController.login()','POST',1,'admin',NULL,'/clin/mp/users/loginin','223.101.75.26','','admin 123456','{\"data\":{\"USERNAME\":\"admin\",\"PASSWORD\":\"$2a$10$r3xPKMnGkh/4qGZubMuI1.vbAIFUt/n7Hb3APVDg1Bf5j7fyGx56O\",\"mobile\":\"13333333333\",\"role_code\":\"ROLE_MANAGER\",\"nickname\":\"admin11\",\"avatar\":\"6241b2ade4b000edc59beb38.jpg\",\"role_name\":\"管理员\",\"user_id\":\"627057273520128\"},\"message\":\"success\",\"status\":200}',0,NULL,'2022-03-30 21:54:58'),
(389,'小程序端用户登录',10,'com.clin.mp.controller.LoginController.login()','POST',1,'admin',NULL,'/clin/mp/users/loginin','223.101.75.26','','admin 123456','{\"data\":{\"USERNAME\":\"admin\",\"PASSWORD\":\"$2a$10$r3xPKMnGkh/4qGZubMuI1.vbAIFUt/n7Hb3APVDg1Bf5j7fyGx56O\",\"mobile\":\"13333333333\",\"role_code\":\"ROLE_MANAGER\",\"nickname\":\"admin11\",\"avatar\":\"6241b2ade4b000edc59beb38.jpg\",\"role_name\":\"管理员\",\"user_id\":\"627057273520128\"},\"message\":\"success\",\"status\":200}',0,NULL,'2022-03-30 22:03:07'),
(390,'小程序端用户登录',10,'com.clin.mp.controller.LoginController.login()','POST',1,'admin',NULL,'/clin/mp/users/loginin','223.101.75.26','','admin 12345',NULL,1,'密码错误！','2022-03-30 22:05:56'),
(391,'小程序端用户登录',10,'com.clin.mp.controller.LoginController.login()','POST',1,'admin',NULL,'/clin/mp/users/loginin','223.101.75.26','','admin 1234',NULL,1,'密码错误！','2022-03-30 22:06:04'),
(392,'小程序端用户登录',10,'com.clin.mp.controller.LoginController.login()','POST',1,'admin',NULL,'/clin/mp/users/loginin','223.101.75.26','','admin 123456','{\"data\":{\"USERNAME\":\"admin\",\"PASSWORD\":\"$2a$10$r3xPKMnGkh/4qGZubMuI1.vbAIFUt/n7Hb3APVDg1Bf5j7fyGx56O\",\"mobile\":\"13333333333\",\"role_code\":\"ROLE_MANAGER\",\"nickname\":\"admin11\",\"avatar\":\"6241b2ade4b000edc59beb38.jpg\",\"role_name\":\"管理员\",\"user_id\":\"627057273520128\"},\"message\":\"success\",\"status\":200}',0,NULL,'2022-03-30 22:06:11'),
(393,'小程序端用户登录',10,'com.clin.mp.controller.LoginController.login()','POST',1,'admin',NULL,'/clin/mp/users/loginin','223.101.75.26','','admin 123456','{\"data\":{\"USERNAME\":\"admin\",\"PASSWORD\":\"$2a$10$r3xPKMnGkh/4qGZubMuI1.vbAIFUt/n7Hb3APVDg1Bf5j7fyGx56O\",\"mobile\":\"13333333333\",\"role_code\":\"ROLE_MANAGER\",\"nickname\":\"admin11\",\"avatar\":\"6241b2ade4b000edc59beb38.jpg\",\"role_name\":\"管理员\",\"user_id\":\"627057273520128\"},\"message\":\"success\",\"status\":200}',0,NULL,'2022-03-30 22:06:27'),
(394,'小程序端用户登录',10,'com.clin.mp.controller.LoginController.login()','POST',1,'admin',NULL,'/clin/mp/users/loginin','223.101.75.26','','admin 123456','{\"data\":{\"USERNAME\":\"admin\",\"PASSWORD\":\"$2a$10$r3xPKMnGkh/4qGZubMuI1.vbAIFUt/n7Hb3APVDg1Bf5j7fyGx56O\",\"mobile\":\"13333333333\",\"role_code\":\"ROLE_MANAGER\",\"nickname\":\"admin11\",\"avatar\":\"6241b2ade4b000edc59beb38.jpg\",\"role_name\":\"管理员\",\"user_id\":\"627057273520128\"},\"message\":\"success\",\"status\":200}',0,NULL,'2022-03-30 22:22:30'),
(395,'小程序端用户登录',10,'com.clin.mp.controller.LoginController.login()','POST',1,'admin',NULL,'/clin/mp/users/loginin','223.101.75.26','','admin 123456','{\"data\":{\"USERNAME\":\"admin\",\"PASSWORD\":\"$2a$10$r3xPKMnGkh/4qGZubMuI1.vbAIFUt/n7Hb3APVDg1Bf5j7fyGx56O\",\"mobile\":\"13333333333\",\"role_code\":\"ROLE_MANAGER\",\"nickname\":\"admin11\",\"avatar\":\"6241b2ade4b000edc59beb38.jpg\",\"role_name\":\"管理员\",\"user_id\":\"627057273520128\"},\"message\":\"success\",\"status\":200}',0,NULL,'2022-03-30 22:29:16'),
(396,'小程序端用户登录',10,'com.clin.mp.controller.LoginController.login()','POST',1,'admin',NULL,'/clin/mp/users/loginin','223.101.75.26','','admin 123456','{\"data\":{\"USERNAME\":\"admin\",\"PASSWORD\":\"$2a$10$r3xPKMnGkh/4qGZubMuI1.vbAIFUt/n7Hb3APVDg1Bf5j7fyGx56O\",\"mobile\":\"13333333333\",\"role_code\":\"ROLE_MANAGER\",\"nickname\":\"admin11\",\"avatar\":\"6241b2ade4b000edc59beb38.jpg\",\"role_name\":\"管理员\",\"user_id\":\"627057273520128\"},\"message\":\"success\",\"status\":200}',0,NULL,'2022-03-30 22:29:20'),
(397,'小程序端用户登录',10,'com.clin.mp.controller.LoginController.login()','POST',1,'admin',NULL,'/clin/mp/users/loginin','223.101.75.26','','admin 123456','{\"data\":{\"USERNAME\":\"admin\",\"PASSWORD\":\"$2a$10$r3xPKMnGkh/4qGZubMuI1.vbAIFUt/n7Hb3APVDg1Bf5j7fyGx56O\",\"mobile\":\"13333333333\",\"role_code\":\"ROLE_MANAGER\",\"nickname\":\"admin11\",\"avatar\":\"6241b2ade4b000edc59beb38.jpg\",\"role_name\":\"管理员\",\"user_id\":\"627057273520128\"},\"message\":\"success\",\"status\":200}',0,NULL,'2022-03-30 22:29:24'),
(398,'小程序端用户登录',10,'com.clin.mp.controller.LoginController.login()','POST',1,'admin',NULL,'/clin/mp/users/loginin','127.0.0.1','','admin 123456','{\"data\":{\"USERNAME\":\"admin\",\"PASSWORD\":\"$2a$10$r3xPKMnGkh/4qGZubMuI1.vbAIFUt/n7Hb3APVDg1Bf5j7fyGx56O\",\"mobile\":\"13333333333\",\"role_code\":\"ROLE_MANAGER\",\"nickname\":\"admin11\",\"avatar\":\"6241b2ade4b000edc59beb38.jpg\",\"role_name\":\"管理员\",\"user_id\":\"627057273520128\"},\"message\":\"success\",\"status\":200}',0,NULL,'2022-03-31 11:05:45'),
(399,'小程序端用户登录',10,'com.clin.mp.controller.LoginController.login()','POST',1,'admin',NULL,'/clin/mp/users/loginin','127.0.0.1','','admin 123456','{\"data\":{\"USERNAME\":\"admin\",\"PASSWORD\":\"$2a$10$r3xPKMnGkh/4qGZubMuI1.vbAIFUt/n7Hb3APVDg1Bf5j7fyGx56O\",\"mobile\":\"13333333333\",\"role_code\":\"ROLE_MANAGER\",\"nickname\":\"admin11\",\"avatar\":\"6241b2ade4b000edc59beb38.jpg\",\"role_name\":\"管理员\",\"user_id\":\"627057273520128\"},\"message\":\"success\",\"status\":200}',0,NULL,'2022-03-31 11:24:12'),
(400,'小程序端用户登录',10,'com.clin.mp.controller.LoginController.login()','POST',1,'admin',NULL,'/clin/mp/users/loginin','127.0.0.1','','admin 123456','{\"data\":{\"USERNAME\":\"admin\",\"PASSWORD\":\"$2a$10$r3xPKMnGkh/4qGZubMuI1.vbAIFUt/n7Hb3APVDg1Bf5j7fyGx56O\",\"mobile\":\"13333333333\",\"role_code\":\"ROLE_MANAGER\",\"nickname\":\"admin11\",\"avatar\":\"6241b2ade4b000edc59beb38.jpg\",\"role_name\":\"管理员\",\"user_id\":\"627057273520128\"},\"message\":\"success\",\"status\":200}',0,NULL,'2022-03-31 11:37:49'),
(401,'小程序端用户登录',10,'com.clin.mp.controller.LoginController.login()','POST',1,'admin',NULL,'/clin/mp/users/loginin','127.0.0.1','','admin 123456','{\"data\":{\"USERNAME\":\"admin\",\"PASSWORD\":\"$2a$10$r3xPKMnGkh/4qGZubMuI1.vbAIFUt/n7Hb3APVDg1Bf5j7fyGx56O\",\"mobile\":\"13333333333\",\"role_code\":\"ROLE_MANAGER\",\"nickname\":\"admin11\",\"avatar\":\"6241b2ade4b000edc59beb38.jpg\",\"role_name\":\"管理员\",\"user_id\":\"627057273520128\"},\"message\":\"success\",\"status\":200}',0,NULL,'2022-03-31 11:39:48'),
(402,'用户登录',NULL,'loadUserByUsername',NULL,NULL,'admin',NULL,'login','223.101.75.26','',NULL,NULL,0,'','2022-03-31 14:14:11'),
(403,'小程序端用户登录',10,'com.clin.mp.controller.LoginController.login()','POST',1,'admin',NULL,'/clin/mp/users/loginin','223.101.75.26','','admin 123456','{\"data\":{\"USERNAME\":\"admin\",\"PASSWORD\":\"$2a$10$r3xPKMnGkh/4qGZubMuI1.vbAIFUt/n7Hb3APVDg1Bf5j7fyGx56O\",\"mobile\":\"13333333333\",\"role_code\":\"ROLE_MANAGER\",\"nickname\":\"admin11\",\"avatar\":\"6241b2ade4b000edc59beb38.jpg\",\"role_name\":\"管理员\",\"user_id\":\"627057273520128\"},\"message\":\"success\",\"status\":200}',0,NULL,'2022-03-31 14:31:40'),
(404,'小程序端用户登录',10,'com.clin.mp.controller.LoginController.login()','POST',1,'admin',NULL,'/clin/mp/users/loginin','223.101.75.26','','admin 123456','{\"data\":{\"USERNAME\":\"admin\",\"PASSWORD\":\"$2a$10$r3xPKMnGkh/4qGZubMuI1.vbAIFUt/n7Hb3APVDg1Bf5j7fyGx56O\",\"mobile\":\"13333333333\",\"role_code\":\"ROLE_MANAGER\",\"nickname\":\"admin11\",\"avatar\":\"6241b2ade4b000edc59beb38.jpg\",\"role_name\":\"管理员\",\"user_id\":\"627057273520128\"},\"message\":\"success\",\"status\":200}',0,NULL,'2022-03-31 14:31:47'),
(405,'小程序端用户登录',10,'com.clin.mp.controller.LoginController.login()','POST',1,'admin',NULL,'/clin/mp/users/loginin','223.101.75.26','','admin 123456','{\"data\":{\"USERNAME\":\"admin\",\"PASSWORD\":\"$2a$10$r3xPKMnGkh/4qGZubMuI1.vbAIFUt/n7Hb3APVDg1Bf5j7fyGx56O\",\"mobile\":\"13333333333\",\"role_code\":\"ROLE_MANAGER\",\"nickname\":\"admin11\",\"avatar\":\"6241b2ade4b000edc59beb38.jpg\",\"role_name\":\"管理员\",\"user_id\":\"627057273520128\"},\"message\":\"success\",\"status\":200}',0,NULL,'2022-03-31 14:45:24'),
(406,'小程序端用户登录',10,'com.clin.mp.controller.LoginController.login()','POST',1,'admin',NULL,'/clin/mp/users/loginin','223.101.75.26','','admin 123456','{\"data\":{\"USERNAME\":\"admin\",\"PASSWORD\":\"$2a$10$r3xPKMnGkh/4qGZubMuI1.vbAIFUt/n7Hb3APVDg1Bf5j7fyGx56O\",\"mobile\":\"13333333333\",\"role_code\":\"ROLE_MANAGER\",\"nickname\":\"admin11\",\"avatar\":\"6241b2ade4b000edc59beb38.jpg\",\"role_name\":\"管理员\",\"user_id\":\"627057273520128\"},\"message\":\"success\",\"status\":200}',0,NULL,'2022-03-31 14:46:11'),
(407,'小程序端用户登录',10,'com.clin.mp.controller.LoginController.login()','POST',1,'admin',NULL,'/clin/mp/users/loginin','218.60.136.179','','admin 123456','{\"data\":{\"USERNAME\":\"admin\",\"PASSWORD\":\"$2a$10$r3xPKMnGkh/4qGZubMuI1.vbAIFUt/n7Hb3APVDg1Bf5j7fyGx56O\",\"mobile\":\"13333333333\",\"role_code\":\"ROLE_MANAGER\",\"nickname\":\"admin11\",\"avatar\":\"6241b2ade4b000edc59beb38.jpg\",\"role_name\":\"管理员\",\"user_id\":\"627057273520128\"},\"message\":\"success\",\"status\":200}',0,NULL,'2022-03-31 15:04:30'),
(408,'小程序端用户登录',10,'com.clin.mp.controller.LoginController.login()','POST',1,'admin',NULL,'/clin/mp/users/loginin','223.101.75.26','','admin 12345',NULL,1,'密码错误！','2022-03-31 15:21:13'),
(409,'小程序端用户登录',10,'com.clin.mp.controller.LoginController.login()','POST',1,'admin',NULL,'/clin/mp/users/loginin','223.101.75.26','','admin 123456','{\"data\":{\"USERNAME\":\"admin\",\"PASSWORD\":\"$2a$10$r3xPKMnGkh/4qGZubMuI1.vbAIFUt/n7Hb3APVDg1Bf5j7fyGx56O\",\"mobile\":\"13333333333\",\"role_code\":\"ROLE_MANAGER\",\"nickname\":\"admin11\",\"avatar\":\"6241b2ade4b000edc59beb38.jpg\",\"role_name\":\"管理员\",\"user_id\":\"627057273520128\"},\"message\":\"success\",\"status\":200}',0,NULL,'2022-03-31 15:21:18'),
(410,'小程序端用户登录',10,'com.clin.mp.controller.LoginController.login()','POST',1,'admin',NULL,'/clin/mp/users/loginin','223.101.75.26','','admin 123456','{\"data\":{\"USERNAME\":\"admin\",\"PASSWORD\":\"$2a$10$r3xPKMnGkh/4qGZubMuI1.vbAIFUt/n7Hb3APVDg1Bf5j7fyGx56O\",\"mobile\":\"13333333333\",\"role_code\":\"ROLE_MANAGER\",\"nickname\":\"admin11\",\"avatar\":\"6241b2ade4b000edc59beb38.jpg\",\"role_name\":\"管理员\",\"user_id\":\"627057273520128\"},\"message\":\"success\",\"status\":200}',0,NULL,'2022-03-31 15:21:26'),
(411,'小程序端用户登录',10,'com.clin.mp.controller.LoginController.login()','POST',1,'admin',NULL,'/clin/mp/users/loginin','223.101.75.26','','admin 123456','{\"data\":{\"USERNAME\":\"admin\",\"PASSWORD\":\"$2a$10$r3xPKMnGkh/4qGZubMuI1.vbAIFUt/n7Hb3APVDg1Bf5j7fyGx56O\",\"mobile\":\"13333333333\",\"role_code\":\"ROLE_MANAGER\",\"nickname\":\"admin11\",\"avatar\":\"6241b2ade4b000edc59beb38.jpg\",\"role_name\":\"管理员\",\"user_id\":\"627057273520128\"},\"message\":\"success\",\"status\":200}',0,NULL,'2022-03-31 15:31:47'),
(412,'小程序端用户登录',10,'com.clin.mp.controller.LoginController.login()','POST',1,'admin',NULL,'/clin/mp/users/loginin','223.101.75.26','','admin 123456','{\"data\":{\"USERNAME\":\"admin\",\"PASSWORD\":\"$2a$10$r3xPKMnGkh/4qGZubMuI1.vbAIFUt/n7Hb3APVDg1Bf5j7fyGx56O\",\"mobile\":\"13333333333\",\"role_code\":\"ROLE_MANAGER\",\"nickname\":\"admin11\",\"avatar\":\"6241b2ade4b000edc59beb38.jpg\",\"role_name\":\"管理员\",\"user_id\":\"627057273520128\"},\"message\":\"success\",\"status\":200}',0,NULL,'2022-03-31 15:31:57'),
(413,'小程序端用户登录',10,'com.clin.mp.controller.LoginController.login()','POST',1,'admin',NULL,'/clin/mp/users/loginin','223.101.75.26','','admin 123456','{\"data\":{\"USERNAME\":\"admin\",\"PASSWORD\":\"$2a$10$r3xPKMnGkh/4qGZubMuI1.vbAIFUt/n7Hb3APVDg1Bf5j7fyGx56O\",\"mobile\":\"13333333333\",\"role_code\":\"ROLE_MANAGER\",\"nickname\":\"admin11\",\"avatar\":\"6241b2ade4b000edc59beb38.jpg\",\"role_name\":\"管理员\",\"user_id\":\"627057273520128\"},\"message\":\"success\",\"status\":200}',0,NULL,'2022-03-31 15:32:01'),
(414,'小程序端用户登录',10,'com.clin.mp.controller.LoginController.login()','POST',1,'admin',NULL,'/clin/mp/users/loginin','218.60.136.179','','admin 123456','{\"data\":{\"USERNAME\":\"admin\",\"PASSWORD\":\"$2a$10$r3xPKMnGkh/4qGZubMuI1.vbAIFUt/n7Hb3APVDg1Bf5j7fyGx56O\",\"mobile\":\"13333333333\",\"role_code\":\"ROLE_MANAGER\",\"nickname\":\"admin11\",\"avatar\":\"6241b2ade4b000edc59beb38.jpg\",\"role_name\":\"管理员\",\"user_id\":\"627057273520128\"},\"message\":\"success\",\"status\":200}',0,NULL,'2022-03-31 15:36:13'),
(415,'小程序端用户登录',10,'com.clin.mp.controller.LoginController.login()','POST',1,'admin',NULL,'/clin/mp/users/loginin','223.101.75.26','','admin 12',NULL,1,'密码错误！','2022-03-31 15:36:57'),
(416,'小程序端用户登录',10,'com.clin.mp.controller.LoginController.login()','POST',1,'admin',NULL,'/clin/mp/users/loginin','223.101.75.26','','admin 123456','{\"data\":{\"USERNAME\":\"admin\",\"PASSWORD\":\"$2a$10$r3xPKMnGkh/4qGZubMuI1.vbAIFUt/n7Hb3APVDg1Bf5j7fyGx56O\",\"mobile\":\"13333333333\",\"role_code\":\"ROLE_MANAGER\",\"nickname\":\"admin11\",\"avatar\":\"6241b2ade4b000edc59beb38.jpg\",\"role_name\":\"管理员\",\"user_id\":\"627057273520128\"},\"message\":\"success\",\"status\":200}',0,NULL,'2022-03-31 15:37:17'),
(417,'小程序端用户登录',10,'com.clin.mp.controller.LoginController.login()','POST',1,'admin',NULL,'/clin/mp/users/loginin','223.101.75.26','','admin 123456','{\"data\":{\"USERNAME\":\"admin\",\"PASSWORD\":\"$2a$10$r3xPKMnGkh/4qGZubMuI1.vbAIFUt/n7Hb3APVDg1Bf5j7fyGx56O\",\"mobile\":\"13333333333\",\"role_code\":\"ROLE_MANAGER\",\"nickname\":\"admin11\",\"avatar\":\"6241b2ade4b000edc59beb38.jpg\",\"role_name\":\"管理员\",\"user_id\":\"627057273520128\"},\"message\":\"success\",\"status\":200}',0,NULL,'2022-03-31 15:37:25'),
(418,'小程序端用户登录',10,'com.clin.mp.controller.LoginController.login()','POST',1,'admin',NULL,'/clin/mp/users/loginin','223.101.75.26','','admin 123456','{\"data\":{\"USERNAME\":\"admin\",\"PASSWORD\":\"$2a$10$r3xPKMnGkh/4qGZubMuI1.vbAIFUt/n7Hb3APVDg1Bf5j7fyGx56O\",\"mobile\":\"13333333333\",\"role_code\":\"ROLE_MANAGER\",\"nickname\":\"admin11\",\"avatar\":\"6241b2ade4b000edc59beb38.jpg\",\"role_name\":\"管理员\",\"user_id\":\"627057273520128\"},\"message\":\"success\",\"status\":200}',0,NULL,'2022-03-31 15:41:37'),
(419,'小程序端用户登录',10,'com.clin.mp.controller.LoginController.login()','POST',1,'admin',NULL,'/clin/mp/users/loginin','223.101.75.26','','admin 123456','{\"data\":{\"USERNAME\":\"admin\",\"PASSWORD\":\"$2a$10$r3xPKMnGkh/4qGZubMuI1.vbAIFUt/n7Hb3APVDg1Bf5j7fyGx56O\",\"mobile\":\"13333333333\",\"role_code\":\"ROLE_MANAGER\",\"nickname\":\"admin11\",\"avatar\":\"6241b2ade4b000edc59beb38.jpg\",\"role_name\":\"管理员\",\"user_id\":\"627057273520128\"},\"message\":\"success\",\"status\":200}',0,NULL,'2022-03-31 15:43:02'),
(420,'小程序端用户登录',10,'com.clin.mp.controller.LoginController.login()','POST',1,'admin',NULL,'/clin/mp/users/loginin','223.101.75.26','','admin 123456','{\"data\":{\"USERNAME\":\"admin\",\"PASSWORD\":\"$2a$10$r3xPKMnGkh/4qGZubMuI1.vbAIFUt/n7Hb3APVDg1Bf5j7fyGx56O\",\"mobile\":\"13333333333\",\"role_code\":\"ROLE_MANAGER\",\"nickname\":\"admin11\",\"avatar\":\"6241b2ade4b000edc59beb38.jpg\",\"role_name\":\"管理员\",\"user_id\":\"627057273520128\"},\"message\":\"success\",\"status\":200}',0,NULL,'2022-03-31 15:43:22'),
(421,'小程序端用户登录',10,'com.clin.mp.controller.LoginController.login()','POST',1,'admin',NULL,'/clin/mp/users/loginin','223.101.75.26','','admin 123456','{\"data\":{\"USERNAME\":\"admin\",\"PASSWORD\":\"$2a$10$r3xPKMnGkh/4qGZubMuI1.vbAIFUt/n7Hb3APVDg1Bf5j7fyGx56O\",\"mobile\":\"13333333333\",\"role_code\":\"ROLE_MANAGER\",\"nickname\":\"admin11\",\"avatar\":\"6241b2ade4b000edc59beb38.jpg\",\"role_name\":\"管理员\",\"user_id\":\"627057273520128\"},\"message\":\"success\",\"status\":200}',0,NULL,'2022-03-31 15:43:24'),
(422,'小程序端用户登录',10,'com.clin.mp.controller.LoginController.login()','POST',1,'admin',NULL,'/clin/mp/users/loginin','218.60.136.179','','admin 123456','{\"data\":{\"USERNAME\":\"admin\",\"PASSWORD\":\"$2a$10$r3xPKMnGkh/4qGZubMuI1.vbAIFUt/n7Hb3APVDg1Bf5j7fyGx56O\",\"mobile\":\"13333333333\",\"role_code\":\"ROLE_MANAGER\",\"nickname\":\"admin11\",\"avatar\":\"6241b2ade4b000edc59beb38.jpg\",\"role_name\":\"管理员\",\"user_id\":\"627057273520128\"},\"message\":\"success\",\"status\":200}',0,NULL,'2022-03-31 15:45:46'),
(423,'小程序端用户登录',10,'com.clin.mp.controller.LoginController.login()','POST',1,'admin',NULL,'/clin/mp/users/loginin','223.101.75.26','','admin 123456','{\"data\":{\"USERNAME\":\"admin\",\"PASSWORD\":\"$2a$10$r3xPKMnGkh/4qGZubMuI1.vbAIFUt/n7Hb3APVDg1Bf5j7fyGx56O\",\"mobile\":\"13333333333\",\"role_code\":\"ROLE_MANAGER\",\"nickname\":\"admin11\",\"avatar\":\"6241b2ade4b000edc59beb38.jpg\",\"role_name\":\"管理员\",\"user_id\":\"627057273520128\"},\"message\":\"success\",\"status\":200}',0,NULL,'2022-03-31 15:47:56'),
(424,'小程序端用户登录',10,'com.clin.mp.controller.LoginController.login()','POST',1,'admin',NULL,'/clin/mp/users/loginin','223.101.75.26','','admin 123456','{\"data\":{\"USERNAME\":\"admin\",\"PASSWORD\":\"$2a$10$r3xPKMnGkh/4qGZubMuI1.vbAIFUt/n7Hb3APVDg1Bf5j7fyGx56O\",\"mobile\":\"13333333333\",\"role_code\":\"ROLE_MANAGER\",\"nickname\":\"admin11\",\"avatar\":\"6241b2ade4b000edc59beb38.jpg\",\"role_name\":\"管理员\",\"user_id\":\"627057273520128\"},\"message\":\"success\",\"status\":200}',0,NULL,'2022-03-31 15:50:50'),
(425,'小程序端用户登录',10,'com.clin.mp.controller.LoginController.login()','POST',1,'admin',NULL,'/clin/mp/users/loginin','223.101.75.26','','admin 123456','{\"data\":{\"USERNAME\":\"admin\",\"PASSWORD\":\"$2a$10$r3xPKMnGkh/4qGZubMuI1.vbAIFUt/n7Hb3APVDg1Bf5j7fyGx56O\",\"mobile\":\"13333333333\",\"role_code\":\"ROLE_MANAGER\",\"nickname\":\"admin11\",\"avatar\":\"6241b2ade4b000edc59beb38.jpg\",\"role_name\":\"管理员\",\"user_id\":\"627057273520128\"},\"message\":\"success\",\"status\":200}',0,NULL,'2022-03-31 15:50:58'),
(426,'小程序端用户登录',10,'com.clin.mp.controller.LoginController.login()','POST',1,'admin',NULL,'/clin/mp/users/loginin','223.101.75.26','','admin 123456','{\"data\":{\"USERNAME\":\"admin\",\"PASSWORD\":\"$2a$10$r3xPKMnGkh/4qGZubMuI1.vbAIFUt/n7Hb3APVDg1Bf5j7fyGx56O\",\"mobile\":\"13333333333\",\"role_code\":\"ROLE_MANAGER\",\"nickname\":\"admin11\",\"avatar\":\"6241b2ade4b000edc59beb38.jpg\",\"role_name\":\"管理员\",\"user_id\":\"627057273520128\"},\"message\":\"success\",\"status\":200}',0,NULL,'2022-03-31 16:02:50'),
(427,'小程序端用户登录',10,'com.clin.mp.controller.LoginController.login()','POST',1,'admin',NULL,'/clin/mp/users/loginin','223.101.75.26','','admin 123456','{\"data\":{\"USERNAME\":\"admin\",\"PASSWORD\":\"$2a$10$r3xPKMnGkh/4qGZubMuI1.vbAIFUt/n7Hb3APVDg1Bf5j7fyGx56O\",\"mobile\":\"13333333333\",\"role_code\":\"ROLE_MANAGER\",\"nickname\":\"admin11\",\"avatar\":\"6241b2ade4b000edc59beb38.jpg\",\"role_name\":\"管理员\",\"user_id\":\"627057273520128\"},\"message\":\"success\",\"status\":200}',0,NULL,'2022-03-31 16:03:24'),
(428,'小程序端用户登录',10,'com.clin.mp.controller.LoginController.login()','POST',1,'admin',NULL,'/clin/mp/users/loginin','223.101.75.26','','admin 123456','{\"data\":{\"USERNAME\":\"admin\",\"PASSWORD\":\"$2a$10$r3xPKMnGkh/4qGZubMuI1.vbAIFUt/n7Hb3APVDg1Bf5j7fyGx56O\",\"mobile\":\"13333333333\",\"role_code\":\"ROLE_MANAGER\",\"nickname\":\"admin11\",\"avatar\":\"6241b2ade4b000edc59beb38.jpg\",\"role_name\":\"管理员\",\"user_id\":\"627057273520128\"},\"message\":\"success\",\"status\":200}',0,NULL,'2022-03-31 16:03:36'),
(429,'小程序端用户登录',10,'com.clin.mp.controller.LoginController.login()','POST',1,'admin',NULL,'/clin/mp/users/loginin','223.101.75.26','','admin 123456','{\"data\":{\"USERNAME\":\"admin\",\"PASSWORD\":\"$2a$10$r3xPKMnGkh/4qGZubMuI1.vbAIFUt/n7Hb3APVDg1Bf5j7fyGx56O\",\"mobile\":\"13333333333\",\"role_code\":\"ROLE_MANAGER\",\"nickname\":\"admin11\",\"avatar\":\"6241b2ade4b000edc59beb38.jpg\",\"role_name\":\"管理员\",\"user_id\":\"627057273520128\"},\"message\":\"success\",\"status\":200}',0,NULL,'2022-03-31 16:03:39'),
(430,'小程序端用户登录',10,'com.clin.mp.controller.LoginController.login()','POST',1,'admin',NULL,'/clin/mp/users/loginin','223.101.75.26','','admin 123456','{\"data\":{\"USERNAME\":\"admin\",\"PASSWORD\":\"$2a$10$r3xPKMnGkh/4qGZubMuI1.vbAIFUt/n7Hb3APVDg1Bf5j7fyGx56O\",\"mobile\":\"13333333333\",\"role_code\":\"ROLE_MANAGER\",\"nickname\":\"admin11\",\"avatar\":\"6241b2ade4b000edc59beb38.jpg\",\"role_name\":\"管理员\",\"user_id\":\"627057273520128\"},\"message\":\"success\",\"status\":200}',0,NULL,'2022-03-31 16:03:42'),
(431,'小程序端用户登录',10,'com.clin.mp.controller.LoginController.login()','POST',1,'admin',NULL,'/clin/mp/users/loginin','218.60.136.179','','admin 123456','{\"data\":{\"USERNAME\":\"admin\",\"PASSWORD\":\"$2a$10$r3xPKMnGkh/4qGZubMuI1.vbAIFUt/n7Hb3APVDg1Bf5j7fyGx56O\",\"mobile\":\"13333333333\",\"role_code\":\"ROLE_MANAGER\",\"nickname\":\"admin11\",\"avatar\":\"6241b2ade4b000edc59beb38.jpg\",\"role_name\":\"管理员\",\"user_id\":\"627057273520128\"},\"message\":\"success\",\"status\":200}',0,NULL,'2022-03-31 16:05:53'),
(432,'小程序端用户登录',10,'com.clin.mp.controller.LoginController.login()','POST',1,'admin',NULL,'/clin/mp/users/loginin','223.101.75.26','','admin 123456','{\"data\":{\"USERNAME\":\"admin\",\"PASSWORD\":\"$2a$10$r3xPKMnGkh/4qGZubMuI1.vbAIFUt/n7Hb3APVDg1Bf5j7fyGx56O\",\"mobile\":\"13333333333\",\"role_code\":\"ROLE_MANAGER\",\"nickname\":\"admin11\",\"avatar\":\"6241b2ade4b000edc59beb38.jpg\",\"role_name\":\"管理员\",\"user_id\":\"627057273520128\"},\"message\":\"success\",\"status\":200}',0,NULL,'2022-03-31 16:17:22'),
(433,'小程序端用户登录',10,'com.clin.mp.controller.LoginController.login()','POST',1,'admin',NULL,'/clin/mp/users/loginin','223.101.75.26','','admin 123456','{\"data\":{\"USERNAME\":\"admin\",\"PASSWORD\":\"$2a$10$r3xPKMnGkh/4qGZubMuI1.vbAIFUt/n7Hb3APVDg1Bf5j7fyGx56O\",\"mobile\":\"13333333333\",\"role_code\":\"ROLE_MANAGER\",\"nickname\":\"admin11\",\"avatar\":\"6241b2ade4b000edc59beb38.jpg\",\"role_name\":\"管理员\",\"user_id\":\"627057273520128\"},\"message\":\"success\",\"status\":200}',0,NULL,'2022-03-31 16:20:27'),
(434,'小程序端用户登录',10,'com.clin.mp.controller.LoginController.login()','POST',1,'admin',NULL,'/clin/mp/users/loginin','223.101.75.26','','admin 123456','{\"data\":{\"USERNAME\":\"admin\",\"PASSWORD\":\"$2a$10$r3xPKMnGkh/4qGZubMuI1.vbAIFUt/n7Hb3APVDg1Bf5j7fyGx56O\",\"mobile\":\"13333333333\",\"role_code\":\"ROLE_MANAGER\",\"nickname\":\"admin11\",\"avatar\":\"6241b2ade4b000edc59beb38.jpg\",\"role_name\":\"管理员\",\"user_id\":\"627057273520128\"},\"message\":\"success\",\"status\":200}',0,NULL,'2022-03-31 16:20:43'),
(435,'小程序端用户登录',10,'com.clin.mp.controller.LoginController.login()','POST',1,'admin',NULL,'/clin/mp/users/loginin','223.101.75.26','','admin 123456','{\"data\":{\"USERNAME\":\"admin\",\"PASSWORD\":\"$2a$10$r3xPKMnGkh/4qGZubMuI1.vbAIFUt/n7Hb3APVDg1Bf5j7fyGx56O\",\"mobile\":\"13333333333\",\"role_code\":\"ROLE_MANAGER\",\"nickname\":\"admin11\",\"avatar\":\"6241b2ade4b000edc59beb38.jpg\",\"role_name\":\"管理员\",\"user_id\":\"627057273520128\"},\"message\":\"success\",\"status\":200}',0,NULL,'2022-03-31 16:20:46'),
(436,'小程序端用户登录',10,'com.clin.mp.controller.LoginController.login()','POST',1,'admin',NULL,'/clin/mp/users/loginin','223.101.75.26','','admin 123456','{\"data\":{\"USERNAME\":\"admin\",\"PASSWORD\":\"$2a$10$r3xPKMnGkh/4qGZubMuI1.vbAIFUt/n7Hb3APVDg1Bf5j7fyGx56O\",\"mobile\":\"13333333333\",\"role_code\":\"ROLE_MANAGER\",\"nickname\":\"admin11\",\"avatar\":\"6241b2ade4b000edc59beb38.jpg\",\"role_name\":\"管理员\",\"user_id\":\"627057273520128\"},\"message\":\"success\",\"status\":200}',0,NULL,'2022-03-31 16:22:41'),
(437,'小程序端用户登录',10,'com.clin.mp.controller.LoginController.login()','POST',1,'admin',NULL,'/clin/mp/users/loginin','223.101.75.26','','admin 12345',NULL,1,'密码错误！','2022-03-31 16:23:40'),
(438,'小程序端用户登录',10,'com.clin.mp.controller.LoginController.login()','POST',1,'admin',NULL,'/clin/mp/users/loginin','223.101.75.26','','admin 123456','{\"data\":{\"USERNAME\":\"admin\",\"PASSWORD\":\"$2a$10$r3xPKMnGkh/4qGZubMuI1.vbAIFUt/n7Hb3APVDg1Bf5j7fyGx56O\",\"mobile\":\"13333333333\",\"role_code\":\"ROLE_MANAGER\",\"nickname\":\"admin11\",\"avatar\":\"6241b2ade4b000edc59beb38.jpg\",\"role_name\":\"管理员\",\"user_id\":\"627057273520128\"},\"message\":\"success\",\"status\":200}',0,NULL,'2022-03-31 16:23:45'),
(439,'小程序端用户登录',10,'com.clin.mp.controller.LoginController.login()','POST',1,'admin',NULL,'/clin/mp/users/loginin','223.101.75.26','','admin 123456','{\"data\":{\"USERNAME\":\"admin\",\"PASSWORD\":\"$2a$10$r3xPKMnGkh/4qGZubMuI1.vbAIFUt/n7Hb3APVDg1Bf5j7fyGx56O\",\"mobile\":\"13333333333\",\"role_code\":\"ROLE_MANAGER\",\"nickname\":\"admin11\",\"avatar\":\"6241b2ade4b000edc59beb38.jpg\",\"role_name\":\"管理员\",\"user_id\":\"627057273520128\"},\"message\":\"success\",\"status\":200}',0,NULL,'2022-03-31 16:23:53'),
(440,'小程序端用户登录',10,'com.clin.mp.controller.LoginController.login()','POST',1,'admin',NULL,'/clin/mp/users/loginin','223.101.75.26','','admin 123456','{\"data\":{\"USERNAME\":\"admin\",\"PASSWORD\":\"$2a$10$r3xPKMnGkh/4qGZubMuI1.vbAIFUt/n7Hb3APVDg1Bf5j7fyGx56O\",\"mobile\":\"13333333333\",\"role_code\":\"ROLE_MANAGER\",\"nickname\":\"admin11\",\"avatar\":\"6241b2ade4b000edc59beb38.jpg\",\"role_name\":\"管理员\",\"user_id\":\"627057273520128\"},\"message\":\"success\",\"status\":200}',0,NULL,'2022-03-31 16:26:10'),
(441,'小程序端用户登录',10,'com.clin.mp.controller.LoginController.login()','POST',1,'admin',NULL,'/clin/mp/users/loginin','223.101.75.26','','admin 123456','{\"data\":{\"USERNAME\":\"admin\",\"PASSWORD\":\"$2a$10$r3xPKMnGkh/4qGZubMuI1.vbAIFUt/n7Hb3APVDg1Bf5j7fyGx56O\",\"mobile\":\"13333333333\",\"role_code\":\"ROLE_MANAGER\",\"nickname\":\"admin11\",\"avatar\":\"6241b2ade4b000edc59beb38.jpg\",\"role_name\":\"管理员\",\"user_id\":\"627057273520128\"},\"message\":\"success\",\"status\":200}',0,NULL,'2022-03-31 16:26:13'),
(442,'小程序端用户登录',10,'com.clin.mp.controller.LoginController.login()','POST',1,'admin',NULL,'/clin/mp/users/loginin','223.101.75.26','','admin 123456','{\"data\":{\"USERNAME\":\"admin\",\"PASSWORD\":\"$2a$10$r3xPKMnGkh/4qGZubMuI1.vbAIFUt/n7Hb3APVDg1Bf5j7fyGx56O\",\"mobile\":\"13333333333\",\"role_code\":\"ROLE_MANAGER\",\"nickname\":\"admin11\",\"avatar\":\"6241b2ade4b000edc59beb38.jpg\",\"role_name\":\"管理员\",\"user_id\":\"627057273520128\"},\"message\":\"success\",\"status\":200}',0,NULL,'2022-03-31 16:29:24'),
(443,'小程序端用户登录',10,'com.clin.mp.controller.LoginController.login()','POST',1,'admin',NULL,'/clin/mp/users/loginin','223.101.75.26','','admin 123456','{\"data\":{\"USERNAME\":\"admin\",\"PASSWORD\":\"$2a$10$r3xPKMnGkh/4qGZubMuI1.vbAIFUt/n7Hb3APVDg1Bf5j7fyGx56O\",\"mobile\":\"13333333333\",\"role_code\":\"ROLE_MANAGER\",\"nickname\":\"admin11\",\"avatar\":\"6241b2ade4b000edc59beb38.jpg\",\"role_name\":\"管理员\",\"user_id\":\"627057273520128\"},\"message\":\"success\",\"status\":200}',0,NULL,'2022-03-31 16:29:32'),
(444,'小程序端用户登录',10,'com.clin.mp.controller.LoginController.login()','POST',1,'admin',NULL,'/clin/mp/users/loginin','223.101.75.26','','admin 123456','{\"data\":{\"USERNAME\":\"admin\",\"PASSWORD\":\"$2a$10$r3xPKMnGkh/4qGZubMuI1.vbAIFUt/n7Hb3APVDg1Bf5j7fyGx56O\",\"mobile\":\"13333333333\",\"role_code\":\"ROLE_MANAGER\",\"nickname\":\"admin11\",\"avatar\":\"6241b2ade4b000edc59beb38.jpg\",\"role_name\":\"管理员\",\"user_id\":\"627057273520128\"},\"message\":\"success\",\"status\":200}',0,NULL,'2022-03-31 16:31:50'),
(445,'小程序端用户登录',10,'com.clin.mp.controller.LoginController.login()','POST',1,'admin',NULL,'/clin/mp/users/loginin','223.101.75.26','','admin 123456','{\"data\":{\"USERNAME\":\"admin\",\"PASSWORD\":\"$2a$10$r3xPKMnGkh/4qGZubMuI1.vbAIFUt/n7Hb3APVDg1Bf5j7fyGx56O\",\"mobile\":\"13333333333\",\"role_code\":\"ROLE_MANAGER\",\"nickname\":\"admin11\",\"avatar\":\"6241b2ade4b000edc59beb38.jpg\",\"role_name\":\"管理员\",\"user_id\":\"627057273520128\"},\"message\":\"success\",\"status\":200}',0,NULL,'2022-03-31 16:31:56'),
(446,'小程序端用户登录',10,'com.clin.mp.controller.LoginController.login()','POST',1,'admin',NULL,'/clin/mp/users/loginin','223.101.75.26','','admin 123456','{\"data\":{\"USERNAME\":\"admin\",\"PASSWORD\":\"$2a$10$r3xPKMnGkh/4qGZubMuI1.vbAIFUt/n7Hb3APVDg1Bf5j7fyGx56O\",\"mobile\":\"13333333333\",\"role_code\":\"ROLE_MANAGER\",\"nickname\":\"admin11\",\"avatar\":\"6241b2ade4b000edc59beb38.jpg\",\"role_name\":\"管理员\",\"user_id\":\"627057273520128\"},\"message\":\"success\",\"status\":200}',0,NULL,'2022-03-31 16:34:08'),
(447,'小程序端用户登录',10,'com.clin.mp.controller.LoginController.login()','POST',1,'admin',NULL,'/clin/mp/users/loginin','223.101.75.26','','admin 123456','{\"data\":{\"USERNAME\":\"admin\",\"PASSWORD\":\"$2a$10$r3xPKMnGkh/4qGZubMuI1.vbAIFUt/n7Hb3APVDg1Bf5j7fyGx56O\",\"mobile\":\"13333333333\",\"role_code\":\"ROLE_MANAGER\",\"nickname\":\"admin11\",\"avatar\":\"6241b2ade4b000edc59beb38.jpg\",\"role_name\":\"管理员\",\"user_id\":\"627057273520128\"},\"message\":\"success\",\"status\":200}',0,NULL,'2022-03-31 16:34:11'),
(448,'小程序端用户登录',10,'com.clin.mp.controller.LoginController.login()','POST',1,'admin',NULL,'/clin/mp/users/loginin','223.101.75.26','','admin 123456','{\"data\":{\"USERNAME\":\"admin\",\"PASSWORD\":\"$2a$10$r3xPKMnGkh/4qGZubMuI1.vbAIFUt/n7Hb3APVDg1Bf5j7fyGx56O\",\"mobile\":\"13333333333\",\"role_code\":\"ROLE_MANAGER\",\"nickname\":\"admin11\",\"avatar\":\"6241b2ade4b000edc59beb38.jpg\",\"role_name\":\"管理员\",\"user_id\":\"627057273520128\"},\"message\":\"success\",\"status\":200}',0,NULL,'2022-03-31 16:34:38'),
(449,'小程序端用户登录',10,'com.clin.mp.controller.LoginController.login()','POST',1,'admin',NULL,'/clin/mp/users/loginin','223.101.75.26','','admin 123456','{\"data\":{\"USERNAME\":\"admin\",\"PASSWORD\":\"$2a$10$r3xPKMnGkh/4qGZubMuI1.vbAIFUt/n7Hb3APVDg1Bf5j7fyGx56O\",\"mobile\":\"13333333333\",\"role_code\":\"ROLE_MANAGER\",\"nickname\":\"admin11\",\"avatar\":\"6241b2ade4b000edc59beb38.jpg\",\"role_name\":\"管理员\",\"user_id\":\"627057273520128\"},\"message\":\"success\",\"status\":200}',0,NULL,'2022-03-31 16:34:43'),
(450,'小程序端用户登录',10,'com.clin.mp.controller.LoginController.login()','POST',1,'admin',NULL,'/clin/mp/users/loginin','218.60.136.179','','admin 123456','{\"data\":{\"USERNAME\":\"admin\",\"PASSWORD\":\"$2a$10$r3xPKMnGkh/4qGZubMuI1.vbAIFUt/n7Hb3APVDg1Bf5j7fyGx56O\",\"mobile\":\"13333333333\",\"role_code\":\"ROLE_MANAGER\",\"nickname\":\"admin11\",\"avatar\":\"6241b2ade4b000edc59beb38.jpg\",\"role_name\":\"管理员\",\"user_id\":\"627057273520128\"},\"message\":\"success\",\"status\":200}',0,NULL,'2022-03-31 20:07:51'),
(451,'小程序端用户登录',10,'com.clin.mp.controller.LoginController.login()','POST',1,'admin',NULL,'/clin/mp/users/loginin','127.0.0.1','','admin 123456','{\"data\":{\"USERNAME\":\"admin\",\"PASSWORD\":\"$2a$10$r3xPKMnGkh/4qGZubMuI1.vbAIFUt/n7Hb3APVDg1Bf5j7fyGx56O\",\"mobile\":\"13333333333\",\"role_code\":\"ROLE_MANAGER\",\"nickname\":\"admin11\",\"avatar\":\"6241b2ade4b000edc59beb38.jpg\",\"role_name\":\"管理员\",\"user_id\":\"627057273520128\"},\"message\":\"success\",\"status\":200}',0,NULL,'2022-04-01 09:56:16'),
(452,'用户登录',NULL,'loadUserByUsername',NULL,NULL,'admin',NULL,'login','112.41.15.51','',NULL,NULL,0,'','2022-04-01 10:03:47'),
(453,'用户登录',NULL,'loadUserByUsername',NULL,NULL,'eac',NULL,'login','112.41.15.51','',NULL,NULL,0,'','2022-04-01 13:35:54'),
(454,'用户登录',NULL,'loadUserByUsername',NULL,NULL,'eac',NULL,'login','127.0.0.1','',NULL,NULL,0,'','2022-04-01 15:02:05'),
(455,'用户登录',NULL,'loadUserByUsername',NULL,NULL,'eac',NULL,'login','112.41.15.51','',NULL,NULL,0,'','2022-04-01 16:12:12'),
(456,'用户登录',NULL,'loadUserByUsername',NULL,NULL,'eac',NULL,'login','127.0.0.1','',NULL,NULL,0,'','2022-04-01 16:18:09'),
(457,'用户登录',NULL,'loadUserByUsername',NULL,NULL,'eac',NULL,'login','127.0.0.1','',NULL,NULL,0,'','2022-04-01 16:33:12'),
(458,'用户登录',NULL,'loadUserByUsername',NULL,NULL,'eac',NULL,'login','112.41.15.51','',NULL,NULL,0,'','2022-04-01 16:38:05'),
(459,'用户登录',NULL,'loadUserByUsername',NULL,NULL,'eac',NULL,'login','112.41.15.51','',NULL,NULL,0,'','2022-04-01 16:44:34'),
(460,'小程序端用户登录',10,'com.clin.mp.controller.LoginController.login()','POST',1,'admin',NULL,'/clin/mp/users/loginin','218.60.136.179','','admin 123456','{\"data\":{\"USERNAME\":\"admin\",\"PASSWORD\":\"$2a$10$r3xPKMnGkh/4qGZubMuI1.vbAIFUt/n7Hb3APVDg1Bf5j7fyGx56O\",\"mobile\":\"13333333333\",\"role_code\":\"ROLE_MANAGER\",\"nickname\":\"admin11\",\"avatar\":\"6241b2ade4b000edc59beb38.jpg\",\"role_name\":\"管理员\",\"user_id\":\"627057273520128\"},\"message\":\"success\",\"status\":200}',0,NULL,'2022-04-01 18:18:57'),
(461,'用户登录',NULL,'loadUserByUsername',NULL,NULL,'admin',NULL,'login','218.60.136.179','',NULL,NULL,0,'','2022-04-01 21:22:19'),
(462,'用户登录',NULL,'loadUserByUsername',NULL,NULL,'eac',NULL,'login','112.41.15.51','',NULL,NULL,0,'','2022-04-01 21:23:32'),
(463,'小程序端用户登录',10,'com.clin.mp.controller.LoginController.login()','POST',1,'admin',NULL,'/clin/mp/users/loginin','112.41.15.51','','admin 123456','{\"data\":{\"USERNAME\":\"admin\",\"PASSWORD\":\"$2a$10$r3xPKMnGkh/4qGZubMuI1.vbAIFUt/n7Hb3APVDg1Bf5j7fyGx56O\",\"mobile\":\"13333333333\",\"role_code\":\"ROLE_MANAGER\",\"nickname\":\"admin11\",\"avatar\":\"6241b2ade4b000edc59beb38.jpg\",\"role_name\":\"管理员\",\"user_id\":\"627057273520128\"},\"message\":\"success\",\"status\":200}',0,NULL,'2022-04-01 21:25:08'),
(464,'小程序端用户登录',10,'com.clin.mp.controller.LoginController.login()','POST',1,'admin',NULL,'/clin/mp/users/loginin','112.41.15.51','','admin 123456','{\"data\":{\"USERNAME\":\"admin\",\"PASSWORD\":\"$2a$10$r3xPKMnGkh/4qGZubMuI1.vbAIFUt/n7Hb3APVDg1Bf5j7fyGx56O\",\"mobile\":\"13333333333\",\"role_code\":\"ROLE_MANAGER\",\"nickname\":\"admin11\",\"avatar\":\"6241b2ade4b000edc59beb38.jpg\",\"role_name\":\"管理员\",\"user_id\":\"627057273520128\"},\"message\":\"success\",\"status\":200}',0,NULL,'2022-04-01 21:25:14'),
(465,'小程序端用户登录',10,'com.clin.mp.controller.LoginController.login()','POST',1,'admin',NULL,'/clin/mp/users/loginin','218.60.136.179','','admin 123456','{\"data\":{\"USERNAME\":\"admin\",\"PASSWORD\":\"$2a$10$r3xPKMnGkh/4qGZubMuI1.vbAIFUt/n7Hb3APVDg1Bf5j7fyGx56O\",\"mobile\":\"13333333333\",\"role_code\":\"ROLE_MANAGER\",\"nickname\":\"admin11\",\"avatar\":\"6241b2ade4b000edc59beb38.jpg\",\"role_name\":\"管理员\",\"user_id\":\"627057273520128\"},\"message\":\"success\",\"status\":200}',0,NULL,'2022-04-01 21:51:26'),
(466,'小程序端用户登录',10,'com.clin.mp.controller.LoginController.login()','POST',1,'admin',NULL,'/clin/mp/users/loginin','218.60.136.179','','admin 123456','{\"data\":{\"USERNAME\":\"admin\",\"PASSWORD\":\"$2a$10$r3xPKMnGkh/4qGZubMuI1.vbAIFUt/n7Hb3APVDg1Bf5j7fyGx56O\",\"mobile\":\"13333333333\",\"role_code\":\"ROLE_MANAGER\",\"nickname\":\"admin11\",\"avatar\":\"6241b2ade4b000edc59beb38.jpg\",\"role_name\":\"管理员\",\"user_id\":\"627057273520128\"},\"message\":\"success\",\"status\":200}',0,NULL,'2022-04-01 22:05:01'),
(467,'用户登录',NULL,'loadUserByUsername',NULL,NULL,'eac',NULL,'login','112.41.15.51','',NULL,NULL,0,'','2022-04-01 22:39:16'),
(468,'用户登录',NULL,'loadUserByUsername',NULL,NULL,'guijiao',NULL,'login','112.41.15.51','',NULL,NULL,0,'','2022-04-01 22:42:44'),
(469,'小程序端用户登录',10,'com.clin.mp.controller.LoginController.login()','POST',1,'guijiao',NULL,'/clin/mp/users/loginin','127.0.0.1','','guijiao 000000','{\"data\":{\"USERNAME\":\"guijiao\",\"PASSWORD\":\"$2a$10$gaIcijSCKQ/NAkzJ7xGuG.KefO2woTg09tFdp4tAh.k2BVrffwFTW\",\"mobile\":\"17487958646\",\"role_code\":\"ROLE_VOLUNTEER\",\"nickname\":\"鬼鲛\",\"avatar\":\"avatar.png\",\"role_name\":\"志愿者\",\"user_id\":\"5491112572055552\"},\"message\":\"success\",\"status\":200}',0,NULL,'2022-04-01 22:44:14'),
(470,'小程序端用户登录',10,'com.clin.mp.controller.LoginController.login()','POST',1,'guijiao',NULL,'/clin/mp/users/loginin','127.0.0.1','','guijiao 000000',NULL,1,'找不到此用户名guijiao。','2022-04-01 22:45:30'),
(471,'小程序端用户登录',10,'com.clin.mp.controller.LoginController.login()','POST',1,'kakaxi',NULL,'/clin/mp/users/loginin','127.0.0.1','','kakaxi 000000','{\"data\":{\"USERNAME\":\"kakaxi\",\"PASSWORD\":\"$2a$10$JXaXHwveokcVxbbqs.ZmzenxVujAyajIu1PBTytzK1BSDt1ZnJ0fS\",\"mobile\":\"13444444444\",\"role_code\":\"ROLE_AGENT\",\"nickname\":\"卡卡西\",\"avatar\":\"623bd371e4b0fc53c65965b3.jpg\",\"role_name\":\"义诊负责人\",\"user_id\":\"627303521107968\"},\"message\":\"success\",\"status\":200}',0,NULL,'2022-04-01 22:45:53'),
(472,'小程序端用户登录',10,'com.clin.mp.controller.LoginController.login()','POST',1,'admin',NULL,'/clin/mp/users/loginin','127.0.0.1','','admin 123456','{\"data\":{\"USERNAME\":\"admin\",\"PASSWORD\":\"$2a$10$r3xPKMnGkh/4qGZubMuI1.vbAIFUt/n7Hb3APVDg1Bf5j7fyGx56O\",\"mobile\":\"13333333333\",\"role_code\":\"ROLE_MANAGER\",\"nickname\":\"admin11\",\"avatar\":\"6241b2ade4b000edc59beb38.jpg\",\"role_name\":\"管理员\",\"user_id\":\"627057273520128\"},\"message\":\"success\",\"status\":200}',0,NULL,'2022-04-02 09:38:54'),
(473,'用户登录',NULL,'loadUserByUsername',NULL,NULL,'admin',NULL,'login','112.41.15.51','',NULL,NULL,0,'','2022-04-02 10:37:18'),
(474,'用户登录',NULL,'loadUserByUsername',NULL,NULL,'eac',NULL,'login','127.0.0.1','',NULL,NULL,0,'','2022-04-02 14:49:24'),
(475,'用户登录',NULL,'loadUserByUsername',NULL,NULL,'admin',NULL,'login','112.41.15.51','',NULL,NULL,0,'','2022-04-02 14:57:04'),
(476,'小程序端用户登录',10,'com.clin.mp.controller.LoginController.login()','POST',1,'admin',NULL,'/clin/mp/users/loginin','112.41.15.51','','admin 123456','{\"data\":{\"USERNAME\":\"admin\",\"PASSWORD\":\"$2a$10$r3xPKMnGkh/4qGZubMuI1.vbAIFUt/n7Hb3APVDg1Bf5j7fyGx56O\",\"mobile\":\"13333333333\",\"role_code\":\"ROLE_MANAGER\",\"nickname\":\"admin11\",\"avatar\":\"6241b2ade4b000edc59beb38.jpg\",\"role_name\":\"管理员\",\"user_id\":\"627057273520128\"},\"message\":\"success\",\"status\":200}',0,NULL,'2022-04-02 19:30:44'),
(477,'小程序端用户登录',10,'com.clin.mp.controller.LoginController.login()','POST',1,'admin',NULL,'/clin/mp/users/loginin','112.41.15.51','','admin 123456','{\"data\":{\"USERNAME\":\"admin\",\"PASSWORD\":\"$2a$10$r3xPKMnGkh/4qGZubMuI1.vbAIFUt/n7Hb3APVDg1Bf5j7fyGx56O\",\"mobile\":\"13333333333\",\"role_code\":\"ROLE_MANAGER\",\"nickname\":\"admin11\",\"avatar\":\"6241b2ade4b000edc59beb38.jpg\",\"role_name\":\"管理员\",\"user_id\":\"627057273520128\"},\"message\":\"success\",\"status\":200}',0,NULL,'2022-04-02 19:30:48'),
(478,'小程序端用户登录',10,'com.clin.mp.controller.LoginController.login()','POST',1,'admin',NULL,'/clin/mp/users/loginin','112.41.15.51','','admin 123456','{\"data\":{\"USERNAME\":\"admin\",\"PASSWORD\":\"$2a$10$r3xPKMnGkh/4qGZubMuI1.vbAIFUt/n7Hb3APVDg1Bf5j7fyGx56O\",\"mobile\":\"13333333333\",\"role_code\":\"ROLE_MANAGER\",\"nickname\":\"admin11\",\"avatar\":\"6241b2ade4b000edc59beb38.jpg\",\"role_name\":\"管理员\",\"user_id\":\"627057273520128\"},\"message\":\"success\",\"status\":200}',0,NULL,'2022-04-02 19:36:59'),
(479,'小程序端用户登录',10,'com.clin.mp.controller.LoginController.login()','POST',1,'admin',NULL,'/clin/mp/users/loginin','112.41.15.51','','admin 123456','{\"data\":{\"USERNAME\":\"admin\",\"PASSWORD\":\"$2a$10$r3xPKMnGkh/4qGZubMuI1.vbAIFUt/n7Hb3APVDg1Bf5j7fyGx56O\",\"mobile\":\"13333333333\",\"role_code\":\"ROLE_MANAGER\",\"nickname\":\"admin11\",\"avatar\":\"6241b2ade4b000edc59beb38.jpg\",\"role_name\":\"管理员\",\"user_id\":\"627057273520128\"},\"message\":\"success\",\"status\":200}',0,NULL,'2022-04-02 19:37:02'),
(480,'用户登录',NULL,'loadUserByUsername',NULL,NULL,'admin',NULL,'login','218.60.136.179','',NULL,NULL,0,'','2022-04-02 19:43:32'),
(481,'小程序端用户登录',10,'com.clin.mp.controller.LoginController.login()','POST',1,'admin',NULL,'/clin/mp/users/loginin','218.60.136.179','','admin 123456','{\"data\":{\"USERNAME\":\"admin\",\"PASSWORD\":\"$2a$10$r3xPKMnGkh/4qGZubMuI1.vbAIFUt/n7Hb3APVDg1Bf5j7fyGx56O\",\"mobile\":\"13333333333\",\"role_code\":\"ROLE_MANAGER\",\"nickname\":\"admin11\",\"avatar\":\"6241b2ade4b000edc59beb38.jpg\",\"role_name\":\"管理员\",\"user_id\":\"627057273520128\"},\"message\":\"success\",\"status\":200}',0,NULL,'2022-04-02 22:24:37'),
(482,'小程序端用户登录',10,'com.clin.mp.controller.LoginController.login()','POST',1,'admin',NULL,'/clin/mp/users/loginin','218.60.136.179','','admin 123456','{\"data\":{\"USERNAME\":\"admin\",\"PASSWORD\":\"$2a$10$r3xPKMnGkh/4qGZubMuI1.vbAIFUt/n7Hb3APVDg1Bf5j7fyGx56O\",\"mobile\":\"13333333333\",\"role_code\":\"ROLE_MANAGER\",\"nickname\":\"admin11\",\"avatar\":\"6241b2ade4b000edc59beb38.jpg\",\"role_name\":\"管理员\",\"user_id\":\"627057273520128\"},\"message\":\"success\",\"status\":200}',0,NULL,'2022-04-02 22:28:08'),
(483,'用户登录',NULL,'loadUserByUsername',NULL,NULL,'eac',NULL,'login','127.0.0.1','',NULL,NULL,0,'','2022-04-03 10:55:43'),
(487,'用户登录',NULL,'loadUserByUsername',NULL,NULL,'didala',NULL,'login','112.41.15.51','',NULL,NULL,0,'','2022-04-03 11:38:54'),
(488,'用户登录',NULL,'loadUserByUsername',NULL,NULL,'eac',NULL,'login','112.41.15.51','',NULL,NULL,0,'','2022-04-03 11:39:14'),
(489,'用户登录',NULL,'loadUserByUsername',NULL,NULL,'admin',NULL,'login','127.0.0.1','',NULL,NULL,0,'','2022-04-03 11:40:57'),
(490,'用户登录',NULL,'loadUserByUsername',NULL,NULL,'eac',NULL,'login','127.0.0.1','',NULL,NULL,0,'','2022-04-03 11:41:51'),
(491,'用户登录',NULL,'loadUserByUsername',NULL,NULL,'eac',NULL,'login','127.0.0.1','',NULL,NULL,0,'','2022-04-03 12:04:17'),
(492,'用户登录',NULL,'loadUserByUsername',NULL,NULL,'eac',NULL,'login','127.0.0.1','',NULL,NULL,0,'','2022-04-03 12:17:59'),
(493,'用户登录',NULL,'loadUserByUsername',NULL,NULL,'eac',NULL,'login','127.0.0.1','',NULL,NULL,0,'','2022-04-03 12:30:57'),
(494,'小程序端用户登录',10,'com.clin.mp.controller.LoginController.login()','POST',1,'admin',NULL,'/clin/mp/users/loginin','112.41.15.51','','admin 123456','{\"data\":{\"USERNAME\":\"admin\",\"PASSWORD\":\"$2a$10$r3xPKMnGkh/4qGZubMuI1.vbAIFUt/n7Hb3APVDg1Bf5j7fyGx56O\",\"mobile\":\"13333333333\",\"role_code\":\"ROLE_MANAGER\",\"nickname\":\"admin\",\"avatar\":\"6241b2ade4b000edc59beb38.jpg\",\"role_name\":\"管理员\",\"user_id\":\"627057273520128\"},\"message\":\"success\",\"status\":200}',0,NULL,'2022-04-03 15:36:01'),
(495,'用户登录',NULL,'loadUserByUsername',NULL,NULL,'kakaxi',NULL,'login','127.0.0.1','',NULL,NULL,0,'','2022-04-03 15:41:35'),
(496,'用户登录',NULL,'loadUserByUsername',NULL,NULL,'eac',NULL,'login','127.0.0.1','',NULL,NULL,0,'','2022-04-03 15:43:35'),
(497,'用户登录',NULL,'loadUserByUsername',NULL,NULL,'kakaxi',NULL,'login','127.0.0.1','',NULL,NULL,0,'','2022-04-03 15:46:18'),
(498,'用户登录',NULL,'loadUserByUsername',NULL,NULL,'kakaxi',NULL,'login','127.0.0.1','',NULL,NULL,0,'','2022-04-03 15:49:09'),
(499,'用户登录',NULL,'loadUserByUsername',NULL,NULL,'kakaxi',NULL,'login','127.0.0.1','',NULL,NULL,0,'','2022-04-03 16:22:16'),
(506,'用户登录',NULL,'loadUserByUsername',NULL,NULL,'eac',NULL,'login','112.41.15.51','',NULL,NULL,0,'','2022-04-03 16:37:45'),
(507,'用户登录',NULL,'loadUserByUsername',NULL,NULL,'didala',NULL,'login','127.0.0.1','',NULL,NULL,0,'','2022-04-03 16:38:57'),
(508,'小程序端用户登录',10,'com.clin.mp.controller.LoginController.login()','POST',1,'admin',NULL,'/clin/mp/users/loginin','112.41.15.51','','admin 123456','{\"data\":{\"USERNAME\":\"admin\",\"PASSWORD\":\"$2a$10$r3xPKMnGkh/4qGZubMuI1.vbAIFUt/n7Hb3APVDg1Bf5j7fyGx56O\",\"mobile\":\"13333333333\",\"role_code\":\"ROLE_MANAGER\",\"nickname\":\"admin\",\"avatar\":\"6241b2ade4b000edc59beb38.jpg\",\"role_name\":\"管理员\",\"user_id\":\"627057273520128\"},\"message\":\"success\",\"status\":200}',0,NULL,'2022-04-03 16:46:34'),
(509,'用户登录',NULL,'loadUserByUsername',NULL,NULL,'13333333333',NULL,'login','112.41.15.51','',NULL,NULL,0,'','2022-04-03 16:47:37'),
(510,'小程序端用户登录',10,'com.clin.mp.controller.LoginController.login()','POST',1,'didala',NULL,'/clin/mp/users/loginin','127.0.0.1','','didala 000000','{\"data\":{\"USERNAME\":\"didala\",\"PASSWORD\":\"$2a$10$jKVnd80cbDKtaSfjncLgcuAVsSPSUAGv6330d2zSvZuxAtmNrYpoi\",\"mobile\":\"18759486300\",\"role_code\":\"ROLE_VOLUNTEER\",\"nickname\":\"迪达拉11\",\"avatar\":\"avatar.png\",\"role_name\":\"志愿者\",\"user_id\":\"8312353470164992\"},\"message\":\"success\",\"status\":200}',0,NULL,'2022-04-03 16:51:22'),
(511,'用户登录',NULL,'loadUserByUsername',NULL,NULL,'kakaxi',NULL,'login','192.168.3.43','',NULL,NULL,0,'','2022-04-03 16:58:01'),
(512,'用户登录',NULL,'loadUserByUsername',NULL,NULL,'jiaodu',NULL,'login','192.168.3.43','',NULL,NULL,0,'','2022-04-03 16:59:04'),
(513,'用户登录',NULL,'loadUserByUsername',NULL,NULL,'admin',NULL,'login','192.168.3.43','',NULL,NULL,0,'','2022-04-03 17:01:36'),
(514,'小程序端用户登录',10,'com.clin.mp.controller.LoginController.login()','POST',1,'jiaodu',NULL,'/clin/mp/users/loginin','127.0.0.1','','jiaodu 000000','{\"data\":{\"USERNAME\":\"jiaodu\",\"PASSWORD\":\"$2a$10$znLlu0gTcqVif4b.8pHgJ.pqk5DxEB1k5/el41uAPfsSG4dEviuSi\",\"mobile\":\"16878458967\",\"role_code\":\"ROLE_VOLUNTEER\",\"nickname\":\"角都\",\"avatar\":\"623c717ce4b01f0c79604c9d.jpg\",\"role_name\":\"志愿者\",\"user_id\":\"1797950801326080\"},\"message\":\"success\",\"status\":200}',0,NULL,'2022-04-03 17:10:34'),
(515,'小程序端用户登录',10,'com.clin.mp.controller.LoginController.login()','POST',1,'feiduan',NULL,'/clin/mp/users/loginin','127.0.0.1','','feiduan 000000','{\"data\":{\"USERNAME\":\"feiduan\",\"PASSWORD\":\"$2a$10$4rIKUkrW2ro7iKwuKjIVx.QryGyShG83cuwhe/UGShWhVueMdf3W.\",\"mobile\":\"18777777777\",\"role_code\":\"ROLE_VOLUNTEER\",\"nickname\":\"飞段\",\"avatar\":\"623c754ae4b01f0c79604c9f.jpg\",\"role_name\":\"志愿者\",\"user_id\":\"630522716536832\"},\"message\":\"success\",\"status\":200}',0,NULL,'2022-04-03 18:44:23'),
(516,'用户登录',NULL,'loadUserByUsername',NULL,NULL,'kakaxi',NULL,'login','112.41.15.51','',NULL,NULL,0,'','2022-04-03 18:51:27'),
(517,'小程序端用户登录',10,'com.clin.mp.controller.LoginController.login()','POST',1,'feiduan',NULL,'/clin/mp/users/loginin','127.0.0.1','','feiduan 000000','{\"data\":{\"USERNAME\":\"feiduan\",\"PASSWORD\":\"$2a$10$4rIKUkrW2ro7iKwuKjIVx.QryGyShG83cuwhe/UGShWhVueMdf3W.\",\"mobile\":\"18777777777\",\"role_code\":\"ROLE_VOLUNTEER\",\"nickname\":\"飞段\",\"avatar\":\"623c754ae4b01f0c79604c9f.jpg\",\"role_name\":\"志愿者\",\"user_id\":\"630522716536832\"},\"message\":\"success\",\"status\":200}',0,NULL,'2022-04-03 18:55:03'),
(518,'用户登录',NULL,'loadUserByUsername',NULL,NULL,'feiduan',NULL,'login','112.41.15.51','',NULL,NULL,0,'','2022-04-03 19:01:57'),
(519,'小程序端用户登录',10,'com.clin.mp.controller.LoginController.login()','POST',1,'kakaxi',NULL,'/clin/mp/users/loginin','127.0.0.1','','kakaxi 000000','{\"data\":{\"USERNAME\":\"kakaxi\",\"PASSWORD\":\"$2a$10$JXaXHwveokcVxbbqs.ZmzenxVujAyajIu1PBTytzK1BSDt1ZnJ0fS\",\"mobile\":\"13444444444\",\"role_code\":\"ROLE_AGENT\",\"nickname\":\"卡卡西\",\"avatar\":\"623bd371e4b0fc53c65965b3.jpg\",\"role_name\":\"义诊负责人\",\"user_id\":\"627303521107968\"},\"message\":\"success\",\"status\":200}',0,NULL,'2022-04-03 19:12:25'),
(520,'小程序端用户登录',10,'com.clin.mp.controller.LoginController.login()','POST',1,'admin',NULL,'/clin/mp/users/loginin','127.0.0.1','','admin 123456','{\"data\":{\"USERNAME\":\"admin\",\"PASSWORD\":\"$2a$10$r3xPKMnGkh/4qGZubMuI1.vbAIFUt/n7Hb3APVDg1Bf5j7fyGx56O\",\"mobile\":\"13333333333\",\"role_code\":\"ROLE_MANAGER\",\"nickname\":\"admin\",\"avatar\":\"6241b2ade4b000edc59beb38.jpg\",\"role_name\":\"管理员\",\"user_id\":\"627057273520128\"},\"message\":\"success\",\"status\":200}',0,NULL,'2022-04-03 19:19:43'),
(521,'用户登录',NULL,'loadUserByUsername',NULL,NULL,'feiduan',NULL,'login','112.41.15.51','',NULL,NULL,0,'','2022-04-03 20:41:16'),
(524,'用户登录',NULL,'loadUserByUsername',NULL,NULL,'admin',NULL,'login','112.41.15.51','',NULL,NULL,0,'','2022-04-03 20:43:31'),
(525,'用户登录',NULL,'loadUserByUsername',NULL,NULL,'peien',NULL,'login','112.41.15.51','',NULL,NULL,0,'','2022-04-03 20:44:01'),
(526,'小程序端用户登录',10,'com.clin.mp.controller.LoginController.login()','POST',1,'xiaonan',NULL,'/clin/mp/users/loginin','112.41.15.51','','xiaonan 000000','{\"data\":{\"USERNAME\":\"xiaonan\",\"PASSWORD\":\"$2a$10$qYCiIX3RBVLTz91/6i/3l.iJYmPHLPHh1vkkVfEq/uv5WMRZKl6Wi\",\"mobile\":\"16897846879\",\"role_code\":\"ROLE_VOLUNTEER\",\"nickname\":\"小南\",\"avatar\":\"avatar.png\",\"role_name\":\"志愿者\",\"user_id\":\"8760134357491712\"},\"message\":\"success\",\"status\":200}',0,NULL,'2022-04-03 20:45:46'),
(527,'小程序端用户登录',10,'com.clin.mp.controller.LoginController.login()','POST',1,'xiaonan',NULL,'/clin/mp/users/loginin','112.41.15.51','','xiaonan 000000','{\"data\":{\"USERNAME\":\"xiaonan\",\"PASSWORD\":\"$2a$10$qYCiIX3RBVLTz91/6i/3l.iJYmPHLPHh1vkkVfEq/uv5WMRZKl6Wi\",\"mobile\":\"16897846879\",\"role_code\":\"ROLE_VOLUNTEER\",\"nickname\":\"小南\",\"avatar\":\"avatar.png\",\"role_name\":\"志愿者\",\"user_id\":\"8760134357491712\"},\"message\":\"success\",\"status\":200}',0,NULL,'2022-04-03 20:45:49'),
(528,'用户登录',NULL,'loadUserByUsername',NULL,NULL,'admin',NULL,'login','112.41.15.51','',NULL,NULL,0,'','2022-04-03 20:49:28'),
(529,'小程序端用户登录',10,'com.clin.mp.controller.LoginController.login()','POST',1,'admin',NULL,'/clin/mp/users/loginin','112.41.15.51','','admin 123456','{\"data\":{\"USERNAME\":\"admin\",\"PASSWORD\":\"$2a$10$r3xPKMnGkh/4qGZubMuI1.vbAIFUt/n7Hb3APVDg1Bf5j7fyGx56O\",\"mobile\":\"13333333333\",\"role_code\":\"ROLE_MANAGER\",\"nickname\":\"admin\",\"avatar\":\"6241b2ade4b000edc59beb38.jpg\",\"role_name\":\"管理员\",\"user_id\":\"627057273520128\"},\"message\":\"success\",\"status\":200}',0,NULL,'2022-04-03 20:56:42'),
(530,'小程序端用户登录',10,'com.clin.mp.controller.LoginController.login()','POST',1,'admin',NULL,'/clin/mp/users/loginin','112.41.15.51','','admin 123456','{\"data\":{\"USERNAME\":\"admin\",\"PASSWORD\":\"$2a$10$r3xPKMnGkh/4qGZubMuI1.vbAIFUt/n7Hb3APVDg1Bf5j7fyGx56O\",\"mobile\":\"13333333333\",\"role_code\":\"ROLE_MANAGER\",\"nickname\":\"admin\",\"avatar\":\"6241b2ade4b000edc59beb38.jpg\",\"role_name\":\"管理员\",\"user_id\":\"627057273520128\"},\"message\":\"success\",\"status\":200}',0,NULL,'2022-04-03 20:57:04'),
(531,'小程序端用户登录',10,'com.clin.mp.controller.LoginController.login()','POST',1,'admin',NULL,'/clin/mp/users/loginin','112.41.15.51','','admin 12346',NULL,1,'密码错误！','2022-04-03 20:59:48'),
(532,'小程序端用户登录',10,'com.clin.mp.controller.LoginController.login()','POST',1,'admin',NULL,'/clin/mp/users/loginin','112.41.15.51','','admin 123456','{\"data\":{\"USERNAME\":\"admin\",\"PASSWORD\":\"$2a$10$r3xPKMnGkh/4qGZubMuI1.vbAIFUt/n7Hb3APVDg1Bf5j7fyGx56O\",\"mobile\":\"13333333333\",\"role_code\":\"ROLE_MANAGER\",\"nickname\":\"admin\",\"avatar\":\"6241b2ade4b000edc59beb38.jpg\",\"role_name\":\"管理员\",\"user_id\":\"627057273520128\"},\"message\":\"success\",\"status\":200}',0,NULL,'2022-04-03 21:00:34'),
(533,'小程序端用户登录',10,'com.clin.mp.controller.LoginController.login()','POST',1,'admin',NULL,'/clin/mp/users/loginin','112.41.15.51','','admin 123456','{\"data\":{\"USERNAME\":\"admin\",\"PASSWORD\":\"$2a$10$r3xPKMnGkh/4qGZubMuI1.vbAIFUt/n7Hb3APVDg1Bf5j7fyGx56O\",\"mobile\":\"13333333333\",\"role_code\":\"ROLE_MANAGER\",\"nickname\":\"admin\",\"avatar\":\"6241b2ade4b000edc59beb38.jpg\",\"role_name\":\"管理员\",\"user_id\":\"627057273520128\"},\"message\":\"success\",\"status\":200}',0,NULL,'2022-04-03 21:03:17'),
(534,'小程序端用户登录',10,'com.clin.mp.controller.LoginController.login()','POST',1,'admin',NULL,'/clin/mp/users/loginin','112.41.15.51','','admin 123456','{\"data\":{\"USERNAME\":\"admin\",\"PASSWORD\":\"$2a$10$r3xPKMnGkh/4qGZubMuI1.vbAIFUt/n7Hb3APVDg1Bf5j7fyGx56O\",\"mobile\":\"13333333333\",\"role_code\":\"ROLE_MANAGER\",\"nickname\":\"admin\",\"avatar\":\"6241b2ade4b000edc59beb38.jpg\",\"role_name\":\"管理员\",\"user_id\":\"627057273520128\"},\"message\":\"success\",\"status\":200}',0,NULL,'2022-04-03 21:05:16'),
(535,'小程序端用户登录',10,'com.clin.mp.controller.LoginController.login()','POST',1,'admin',NULL,'/clin/mp/users/loginin','112.41.15.51','','admin 123456','{\"data\":{\"USERNAME\":\"admin\",\"PASSWORD\":\"$2a$10$r3xPKMnGkh/4qGZubMuI1.vbAIFUt/n7Hb3APVDg1Bf5j7fyGx56O\",\"mobile\":\"13333333333\",\"role_code\":\"ROLE_MANAGER\",\"nickname\":\"admin\",\"avatar\":\"6241b2ade4b000edc59beb38.jpg\",\"role_name\":\"管理员\",\"user_id\":\"627057273520128\"},\"message\":\"success\",\"status\":200}',0,NULL,'2022-04-03 21:08:09'),
(536,'小程序端用户登录',10,'com.clin.mp.controller.LoginController.login()','POST',1,'admin',NULL,'/clin/mp/users/loginin','112.41.15.51','','admin 123456','{\"data\":{\"USERNAME\":\"admin\",\"PASSWORD\":\"$2a$10$r3xPKMnGkh/4qGZubMuI1.vbAIFUt/n7Hb3APVDg1Bf5j7fyGx56O\",\"mobile\":\"13333333333\",\"role_code\":\"ROLE_MANAGER\",\"nickname\":\"admin\",\"avatar\":\"6241b2ade4b000edc59beb38.jpg\",\"role_name\":\"管理员\",\"user_id\":\"627057273520128\"},\"message\":\"success\",\"status\":200}',0,NULL,'2022-04-03 21:25:13'),
(537,'小程序端用户登录',10,'com.clin.mp.controller.LoginController.login()','POST',1,'admin',NULL,'/clin/mp/users/loginin','112.41.15.51','','admin 123456','{\"data\":{\"USERNAME\":\"admin\",\"PASSWORD\":\"$2a$10$r3xPKMnGkh/4qGZubMuI1.vbAIFUt/n7Hb3APVDg1Bf5j7fyGx56O\",\"mobile\":\"13333333333\",\"role_code\":\"ROLE_MANAGER\",\"nickname\":\"admin\",\"avatar\":\"6241b2ade4b000edc59beb38.jpg\",\"role_name\":\"管理员\",\"user_id\":\"627057273520128\"},\"message\":\"success\",\"status\":200}',0,NULL,'2022-04-03 21:25:18'),
(538,'小程序端用户登录',10,'com.clin.mp.controller.LoginController.login()','POST',1,'admin',NULL,'/clin/mp/users/loginin','112.41.15.51','','admin 123456','{\"data\":{\"USERNAME\":\"admin\",\"PASSWORD\":\"$2a$10$r3xPKMnGkh/4qGZubMuI1.vbAIFUt/n7Hb3APVDg1Bf5j7fyGx56O\",\"mobile\":\"13333333333\",\"role_code\":\"ROLE_MANAGER\",\"nickname\":\"admin\",\"avatar\":\"6241b2ade4b000edc59beb38.jpg\",\"role_name\":\"管理员\",\"user_id\":\"627057273520128\"},\"message\":\"success\",\"status\":200}',0,NULL,'2022-04-03 21:56:55'),
(539,'小程序端用户登录',10,'com.clin.mp.controller.LoginController.login()','POST',1,'admin',NULL,'/clin/mp/users/loginin','112.41.15.51','','admin 123456','{\"data\":{\"USERNAME\":\"admin\",\"PASSWORD\":\"$2a$10$r3xPKMnGkh/4qGZubMuI1.vbAIFUt/n7Hb3APVDg1Bf5j7fyGx56O\",\"mobile\":\"13333333333\",\"role_code\":\"ROLE_MANAGER\",\"nickname\":\"admin\",\"avatar\":\"6241b2ade4b000edc59beb38.jpg\",\"role_name\":\"管理员\",\"user_id\":\"627057273520128\"},\"message\":\"success\",\"status\":200}',0,NULL,'2022-04-03 22:00:47'),
(540,'用户登录',NULL,'loadUserByUsername',NULL,NULL,'admin',NULL,'login','112.41.15.51','',NULL,NULL,0,'','2022-04-04 10:51:45'),
(541,'小程序端用户登录',10,'com.clin.mp.controller.LoginController.login()','POST',1,'admin',NULL,'/clin/mp/users/loginin','119.119.150.7','','admin 123456','{\"data\":{\"USERNAME\":\"admin\",\"PASSWORD\":\"$2a$10$r3xPKMnGkh/4qGZubMuI1.vbAIFUt/n7Hb3APVDg1Bf5j7fyGx56O\",\"mobile\":\"13333333333\",\"role_code\":\"ROLE_MANAGER\",\"nickname\":\"admin\",\"avatar\":\"6241b2ade4b000edc59beb38.jpg\",\"role_name\":\"管理员\",\"user_id\":\"627057273520128\"},\"message\":\"success\",\"status\":200}',0,NULL,'2022-04-04 13:14:46'),
(542,'小程序端用户登录',10,'com.clin.mp.controller.LoginController.login()','POST',1,'13252829257',NULL,'/clin/mp/users/loginin','119.119.150.7','','13252829257 123456','{\"data\":{\"USERNAME\":\"77\",\"PASSWORD\":\"$2a$10$O0mmS413FVXqcmo.snoDJevQaZm1uXI04jhsTCPOOeDl1spQNte5W\",\"mobile\":\"13252829257\",\"role_code\":\"ROLE_AGENT\",\"nickname\":\"七七\",\"avatar\":\"avatar.png\",\"role_name\":\"义诊负责人\",\"user_id\":\"9013631392927744\"},\"message\":\"success\",\"status\":200}',0,NULL,'2022-04-04 13:18:12'),
(543,'小程序端用户登录',10,'com.clin.mp.controller.LoginController.login()','POST',1,'admin',NULL,'/clin/mp/users/loginin','119.119.150.7','','admin 123456','{\"data\":{\"USERNAME\":\"admin\",\"PASSWORD\":\"$2a$10$r3xPKMnGkh/4qGZubMuI1.vbAIFUt/n7Hb3APVDg1Bf5j7fyGx56O\",\"mobile\":\"13333333333\",\"role_code\":\"ROLE_MANAGER\",\"nickname\":\"admin\",\"avatar\":\"6241b2ade4b000edc59beb38.jpg\",\"role_name\":\"管理员\",\"user_id\":\"627057273520128\"},\"message\":\"success\",\"status\":200}',0,NULL,'2022-04-04 13:33:59'),
(544,'用户登录',NULL,'loadUserByUsername',NULL,NULL,'admin',NULL,'login','119.119.150.7','',NULL,NULL,0,'','2022-04-04 13:38:07'),
(545,'用户登录',NULL,'loadUserByUsername',NULL,NULL,'admin',NULL,'login','112.41.15.51','',NULL,NULL,0,'','2022-04-04 13:45:45'),
(546,'用户登录',NULL,'loadUserByUsername',NULL,NULL,'admin',NULL,'login','119.119.150.7','',NULL,NULL,0,'','2022-04-04 13:50:43'),
(547,'用户登录',NULL,'loadUserByUsername',NULL,NULL,'admin',NULL,'login','127.0.0.1','',NULL,NULL,0,'','2022-04-04 14:04:26'),
(548,'小程序端用户登录',10,'com.clin.mp.controller.LoginController.login()','POST',1,'13998300205',NULL,'/clin/mp/users/loginin','119.119.150.7','','13998300205 123456','{\"data\":{\"USERNAME\":\"13998300205\",\"PASSWORD\":\"$2a$10$RQYuFoYiX6TxulIkH8larO3.Q7rE9XU/3n.RueNz93/ZW.EDlp936\",\"mobile\":\"13998300205\",\"role_code\":\"ROLE_VOLUNTEER\",\"nickname\":\"小七1\",\"avatar\":\"avatar.png\",\"role_name\":\"志愿者\",\"user_id\":\"9036295864045568\"},\"message\":\"success\",\"status\":200}',0,NULL,'2022-04-04 14:48:51'),
(549,'用户登录',NULL,'loadUserByUsername',NULL,NULL,'admin',NULL,'login','127.0.0.1','',NULL,NULL,0,'','2022-04-04 14:49:16'),
(550,'用户登录',NULL,'loadUserByUsername',NULL,NULL,'13998300205',NULL,'login','119.119.150.7','',NULL,NULL,0,'','2022-04-04 14:51:04'),
(551,'小程序端用户登录',10,'com.clin.mp.controller.LoginController.login()','POST',1,'admin',NULL,'/clin/mp/users/loginin','119.119.150.7','','admin 123456','{\"data\":{\"USERNAME\":\"admin\",\"PASSWORD\":\"$2a$10$r3xPKMnGkh/4qGZubMuI1.vbAIFUt/n7Hb3APVDg1Bf5j7fyGx56O\",\"mobile\":\"13333333333\",\"role_code\":\"ROLE_MANAGER\",\"nickname\":\"admin\",\"avatar\":\"6241b2ade4b000edc59beb38.jpg\",\"role_name\":\"管理员\",\"user_id\":\"627057273520128\"},\"message\":\"success\",\"status\":200}',0,NULL,'2022-04-04 14:53:40'),
(552,'用户登录',NULL,'loadUserByUsername',NULL,NULL,'13252829257',NULL,'login','119.119.150.7','',NULL,NULL,0,'','2022-04-04 15:02:56'),
(553,'小程序端用户登录',10,'com.clin.mp.controller.LoginController.login()','POST',1,'1',NULL,'/clin/mp/users/loginin','218.60.136.179','','1 1234567',NULL,1,'找不到此用户名1。','2022-04-04 15:03:39'),
(554,'小程序端用户登录',10,'com.clin.mp.controller.LoginController.login()','POST',1,'admin',NULL,'/clin/mp/users/loginin','218.60.136.179','','admin 123456','{\"data\":{\"USERNAME\":\"admin\",\"PASSWORD\":\"$2a$10$r3xPKMnGkh/4qGZubMuI1.vbAIFUt/n7Hb3APVDg1Bf5j7fyGx56O\",\"mobile\":\"13333333333\",\"role_code\":\"ROLE_MANAGER\",\"nickname\":\"admin\",\"avatar\":\"6241b2ade4b000edc59beb38.jpg\",\"role_name\":\"管理员\",\"user_id\":\"627057273520128\"},\"message\":\"success\",\"status\":200}',0,NULL,'2022-04-04 15:04:00'),
(555,'用户登录',NULL,'loadUserByUsername',NULL,NULL,'admin',NULL,'login','119.119.150.7','',NULL,NULL,0,'','2022-04-04 15:10:03'),
(556,'用户登录',NULL,'loadUserByUsername',NULL,NULL,'admin',NULL,'login','127.0.0.1','',NULL,NULL,0,'','2022-04-04 15:26:50'),
(557,'用户登录',NULL,'loadUserByUsername',NULL,NULL,'eac',NULL,'login','119.119.150.7','',NULL,NULL,0,'','2022-04-04 15:33:24'),
(558,'用户登录',NULL,'loadUserByUsername',NULL,NULL,'eac',NULL,'login','112.41.15.51','',NULL,NULL,0,'','2022-04-04 15:33:51'),
(559,'小程序端用户登录',10,'com.clin.mp.controller.LoginController.login()','POST',1,'13998300205',NULL,'/clin/mp/users/loginin','119.119.150.7','','13998300205 123456','{\"data\":{\"USERNAME\":\"13998300205\",\"PASSWORD\":\"$2a$10$RQYuFoYiX6TxulIkH8larO3.Q7rE9XU/3n.RueNz93/ZW.EDlp936\",\"mobile\":\"13998300205\",\"role_code\":\"ROLE_VOLUNTEER\",\"nickname\":\"小七1\",\"avatar\":\"avatar.png\",\"role_name\":\"志愿者\",\"user_id\":\"9036295864045568\"},\"message\":\"success\",\"status\":200}',0,NULL,'2022-04-04 15:36:10'),
(560,'小程序端用户登录',10,'com.clin.mp.controller.LoginController.login()','POST',1,'13998300205',NULL,'/clin/mp/users/loginin','119.119.150.7','','13998300205 123456','{\"data\":{\"USERNAME\":\"13998300205\",\"PASSWORD\":\"$2a$10$RQYuFoYiX6TxulIkH8larO3.Q7rE9XU/3n.RueNz93/ZW.EDlp936\",\"mobile\":\"13998300205\",\"role_code\":\"ROLE_VOLUNTEER\",\"nickname\":\"小七1\",\"avatar\":\"avatar.png\",\"role_name\":\"志愿者\",\"user_id\":\"9036295864045568\"},\"message\":\"success\",\"status\":200}',0,NULL,'2022-04-04 15:36:36'),
(561,'用户登录',NULL,'loadUserByUsername',NULL,NULL,'yaya',NULL,'login','218.60.136.179','',NULL,NULL,0,'','2022-04-04 15:38:52'),
(562,'用户登录',NULL,'loadUserByUsername',NULL,NULL,'eac',NULL,'login','218.60.136.179','',NULL,NULL,0,'','2022-04-04 15:39:58'),
(563,'用户登录',NULL,'loadUserByUsername',NULL,NULL,'13998300205',NULL,'login','119.119.150.7','',NULL,NULL,0,'','2022-04-04 15:40:38'),
(564,'用户登录',NULL,'loadUserByUsername',NULL,NULL,'yaya',NULL,'login','218.60.136.179','',NULL,NULL,0,'','2022-04-04 15:41:49'),
(565,'用户登录',NULL,'loadUserByUsername',NULL,NULL,'admin',NULL,'login','119.119.150.7','',NULL,NULL,0,'','2022-04-04 15:43:28'),
(566,'用户登录',NULL,'loadUserByUsername',NULL,NULL,'admin',NULL,'login','127.0.0.1','',NULL,NULL,0,'','2022-04-04 18:09:30'),
(567,'用户登录',NULL,'loadUserByUsername',NULL,NULL,'admin',NULL,'login','127.0.0.1','',NULL,NULL,0,'','2022-04-04 18:43:31'),
(568,'用户登录',NULL,'loadUserByUsername',NULL,NULL,'eac',NULL,'login','127.0.0.1','',NULL,NULL,0,'','2022-04-04 18:49:39'),
(569,'用户登录',NULL,'loadUserByUsername',NULL,NULL,'eac',NULL,'login','127.0.0.1','',NULL,NULL,0,'','2022-04-04 19:04:41'),
(570,'用户登录',NULL,'loadUserByUsername',NULL,NULL,'eac',NULL,'login','127.0.0.1','',NULL,NULL,0,'','2022-04-04 19:16:07'),
(571,'小程序端用户登录',10,'com.clin.mp.controller.LoginController.login()','POST',1,'admin',NULL,'/clin/mp/users/loginin','218.60.136.179','','admin 123456','{\"data\":{\"USERNAME\":\"admin\",\"PASSWORD\":\"$2a$10$r3xPKMnGkh/4qGZubMuI1.vbAIFUt/n7Hb3APVDg1Bf5j7fyGx56O\",\"mobile\":\"13333333333\",\"role_code\":\"ROLE_MANAGER\",\"nickname\":\"admin\",\"avatar\":\"6241b2ade4b000edc59beb38.jpg\",\"role_name\":\"管理员\",\"user_id\":\"627057273520128\"},\"message\":\"success\",\"status\":200}',0,NULL,'2022-04-04 19:19:33'),
(572,'用户登录',NULL,'loadUserByUsername',NULL,NULL,'eac',NULL,'login','127.0.0.1','',NULL,NULL,0,'','2022-04-04 19:28:21'),
(573,'用户登录',NULL,'loadUserByUsername',NULL,NULL,'hongdou',NULL,'login','127.0.0.1','',NULL,NULL,0,'','2022-04-04 20:01:46'),
(574,'用户登录',NULL,'loadUserByUsername',NULL,NULL,'hongdou',NULL,'login','127.0.0.1','',NULL,NULL,0,'','2022-04-04 20:02:08'),
(575,'用户登录',NULL,'loadUserByUsername',NULL,NULL,'hongdou',NULL,'login','127.0.0.1','',NULL,NULL,0,'','2022-04-04 20:07:31'),
(576,'用户登录',NULL,'loadUserByUsername',NULL,NULL,'hongdou',NULL,'login','127.0.0.1','',NULL,NULL,0,'','2022-04-04 20:07:57'),
(577,'用户登录',NULL,'loadUserByUsername',NULL,NULL,'eac',NULL,'login','127.0.0.1','',NULL,NULL,0,'','2022-04-04 20:08:40'),
(578,'用户登录',NULL,'loadUserByUsername',NULL,NULL,'hongdou',NULL,'login','112.41.15.51','',NULL,NULL,0,'','2022-04-04 20:22:55'),
(579,'用户登录',NULL,'loadUserByUsername',NULL,NULL,'admin',NULL,'login','112.41.15.51','',NULL,NULL,0,'','2022-04-04 20:28:35'),
(580,'用户登录',NULL,'loadUserByUsername',NULL,NULL,'eac',NULL,'login','112.41.15.51','',NULL,NULL,0,'','2022-04-04 20:28:46'),
(581,'用户登录',NULL,'loadUserByUsername',NULL,NULL,'hongdou',NULL,'login','112.41.15.51','',NULL,NULL,0,'','2022-04-04 20:37:51'),
(582,'用户登录',NULL,'loadUserByUsername',NULL,NULL,'admin',NULL,'login','127.0.0.1','',NULL,NULL,0,'','2022-04-04 20:52:35'),
(583,'用户登录',NULL,'loadUserByUsername',NULL,NULL,'admin',NULL,'login','112.41.15.51','',NULL,NULL,0,'','2022-04-04 20:55:49'),
(584,'用户登录',NULL,'loadUserByUsername',NULL,NULL,'eac',NULL,'login','127.0.0.1','',NULL,NULL,0,'','2022-04-04 21:05:10'),
(585,'用户登录',NULL,'loadUserByUsername',NULL,NULL,'eac',NULL,'login','127.0.0.1','',NULL,NULL,0,'','2022-04-04 21:07:51'),
(586,'用户登录',NULL,'loadUserByUsername',NULL,NULL,'admin',NULL,'login','127.0.0.1','',NULL,NULL,0,'','2022-04-04 21:20:45'),
(587,'用户登录',NULL,'loadUserByUsername',NULL,NULL,'admin',NULL,'login','127.0.0.1','',NULL,NULL,0,'','2022-04-04 21:22:20'),
(588,'用户登录',NULL,'loadUserByUsername',NULL,NULL,'admin',NULL,'login','127.0.0.1','',NULL,NULL,0,'','2022-04-04 21:24:14'),
(589,'用户登录',NULL,'loadUserByUsername',NULL,NULL,'admin',NULL,'login','127.0.0.1','',NULL,NULL,0,'','2022-04-04 21:33:54'),
(590,'用户登录',NULL,'loadUserByUsername',NULL,NULL,'admin',NULL,'login','127.0.0.1','',NULL,NULL,0,'','2022-04-04 22:09:47'),
(591,'用户登录',NULL,'loadUserByUsername',NULL,NULL,'eac',NULL,'login','112.41.15.51','',NULL,NULL,0,'','2022-04-04 22:18:44'),
(592,'用户登录',NULL,'loadUserByUsername',NULL,NULL,'eac',NULL,'login','127.0.0.1','',NULL,NULL,0,'','2022-04-06 09:14:52'),
(593,'用户登录',NULL,'loadUserByUsername',NULL,NULL,'eac',NULL,'login','127.0.0.1','',NULL,NULL,0,'','2022-04-06 09:22:58'),
(596,'用户登录',NULL,'loadUserByUsername',NULL,NULL,'peien',NULL,'login','127.0.0.1','',NULL,NULL,0,'','2022-04-06 09:24:25'),
(597,'用户登录',NULL,'loadUserByUsername',NULL,NULL,'peien',NULL,'login','127.0.0.1','',NULL,NULL,0,'','2022-04-06 09:24:58'),
(598,'用户登录',NULL,'loadUserByUsername',NULL,NULL,'eac',NULL,'login','127.0.0.1','',NULL,NULL,0,'','2022-04-06 09:25:10'),
(599,'用户登录',NULL,'loadUserByUsername',NULL,NULL,'peien',NULL,'login','127.0.0.1','',NULL,NULL,0,'','2022-04-06 09:25:38'),
(600,'用户登录',NULL,'loadUserByUsername',NULL,NULL,'peien',NULL,'login','127.0.0.1','',NULL,NULL,0,'','2022-04-06 09:25:50'),
(601,'用户登录',NULL,'loadUserByUsername',NULL,NULL,'peien',NULL,'login','127.0.0.1','',NULL,NULL,0,'','2022-04-06 09:32:16'),
(602,'用户登录',NULL,'loadUserByUsername',NULL,NULL,'peien',NULL,'login','127.0.0.1','',NULL,NULL,0,'','2022-04-06 09:37:25'),
(603,'用户登录',NULL,'loadUserByUsername',NULL,NULL,'eac',NULL,'login','127.0.0.1','',NULL,NULL,0,'','2022-04-06 09:37:39'),
(604,'用户登录',NULL,'loadUserByUsername',NULL,NULL,'peien',NULL,'login','127.0.0.1','',NULL,NULL,0,'','2022-04-06 09:38:11'),
(605,'用户登录',NULL,'loadUserByUsername',NULL,NULL,'admin',NULL,'login','127.0.0.1','',NULL,NULL,0,'','2022-04-06 09:41:25'),
(606,'导出义诊数据',5,'com.clin.api.controller.InvestigationController.exportInv()','POST',1,'admin',NULL,'/clin/pro/inv/exportInv','127.0.0.1','','{\"roleCode\":\"ROLE_MANAGER\",\"userId\":627057273520128}',NULL,1,'org.apache.catalina.connector.ClientAbortException: java.io.IOException: 您的主机中的软件中止了一个已建立的连接。','2022-04-06 09:45:05'),
(607,'用户登录',NULL,'loadUserByUsername',NULL,NULL,'eac',NULL,'login','127.0.0.1','',NULL,NULL,0,'','2022-04-06 10:15:31'),
(608,'用户登录',NULL,'loadUserByUsername',NULL,NULL,'eac',NULL,'login','112.41.15.220','',NULL,NULL,0,'','2022-04-06 10:24:59'),
(609,'导出义诊数据',5,'com.clin.api.controller.InvestigationController.exportInv()','POST',1,'eac',NULL,'/clin/pro/inv/exportInv','112.41.15.220','','{\"roleCode\":\"ROLE_EAC_ADMIN\",\"userId\":920487309334757376}',NULL,0,NULL,'2022-04-06 10:25:06'),
(610,'小程序端用户登录',10,'com.clin.mp.controller.LoginController.login()','POST',1,'admin',NULL,'/clin/mp/users/loginin','112.41.15.220','','admin 123456','{\"data\":{\"USERNAME\":\"admin\",\"PASSWORD\":\"$2a$10$r3xPKMnGkh/4qGZubMuI1.vbAIFUt/n7Hb3APVDg1Bf5j7fyGx56O\",\"mobile\":\"13333333333\",\"role_code\":\"ROLE_MANAGER\",\"nickname\":\"admin\",\"avatar\":\"624d09cce4b0a9f89036349c.jpg\",\"role_name\":\"管理员\",\"user_id\":\"627057273520128\"},\"message\":\"success\",\"status\":200}',0,NULL,'2022-04-06 22:22:30'),
(611,'小程序端用户登录',10,'com.clin.mp.controller.LoginController.login()','POST',1,'admin',NULL,'/clin/mp/users/loginin','112.41.15.220','','admin 123456','{\"data\":{\"USERNAME\":\"admin\",\"PASSWORD\":\"$2a$10$r3xPKMnGkh/4qGZubMuI1.vbAIFUt/n7Hb3APVDg1Bf5j7fyGx56O\",\"mobile\":\"13333333333\",\"role_code\":\"ROLE_MANAGER\",\"nickname\":\"admin\",\"avatar\":\"624d09cce4b0a9f89036349c.jpg\",\"role_name\":\"管理员\",\"user_id\":\"627057273520128\"},\"message\":\"success\",\"status\":200}',0,NULL,'2022-04-06 23:00:45'),
(612,'小程序端用户登录',10,'com.clin.mp.controller.LoginController.login()','POST',1,'18640518236',NULL,'/clin/mp/users/loginin','112.41.15.220','','18640518236 123456','{\"data\":{\"USERNAME\":\"yaya\",\"PASSWORD\":\"$2a$10$YhfXR5vMhVPCdM8YAdu3aOM7Pc.oKmU/R.QNmztYCHVxqopIIHliO\",\"mobile\":\"18640518236\",\"role_code\":\"ROLE_MANAGER\",\"nickname\":\"筱雅1\",\"avatar\":\"avatar.png\",\"role_name\":\"管理员\",\"user_id\":\"9048877689720832\"},\"message\":\"success\",\"status\":200}',0,NULL,'2022-04-07 10:23:33'),
(613,'用户登录',NULL,'loadUserByUsername',NULL,NULL,'eac',NULL,'login','127.0.0.1','',NULL,NULL,0,'','2022-04-07 11:20:59'),
(614,'小程序端用户登录',10,'com.clin.mp.controller.LoginController.login()','POST',1,'admin',NULL,'/clin/mp/users/loginin','218.60.136.179','','admin 123456','{\"data\":{\"USERNAME\":\"admin\",\"PASSWORD\":\"$2a$10$r3xPKMnGkh/4qGZubMuI1.vbAIFUt/n7Hb3APVDg1Bf5j7fyGx56O\",\"mobile\":\"13333333333\",\"role_code\":\"ROLE_MANAGER\",\"nickname\":\"admin\",\"avatar\":\"624d09cce4b0a9f89036349c.jpg\",\"role_name\":\"管理员\",\"user_id\":\"627057273520128\"},\"message\":\"success\",\"status\":200}',0,NULL,'2022-04-07 11:23:00'),
(615,'小程序端用户登录',10,'com.clin.mp.controller.LoginController.login()','POST',1,'asd',NULL,'/clin/mp/users/loginin','218.60.136.179','','asd 123',NULL,1,'找不到此用户名asd。','2022-04-07 11:26:13'),
(616,'小程序端用户登录',10,'com.clin.mp.controller.LoginController.login()','POST',1,'asd13',NULL,'/clin/mp/users/loginin','218.60.136.179','','asd13 123123',NULL,1,'找不到此用户名asd13。','2022-04-07 11:26:29'),
(617,'小程序端用户登录',10,'com.clin.mp.controller.LoginController.login()','POST',1,'admin',NULL,'/clin/mp/users/loginin','218.60.136.179','','admin 123123',NULL,1,'密码错误！','2022-04-07 11:26:45'),
(618,'小程序端用户登录',10,'com.clin.mp.controller.LoginController.login()','POST',1,'admin',NULL,'/clin/mp/users/loginin','218.60.136.179','','admin 123456','{\"data\":{\"USERNAME\":\"admin\",\"PASSWORD\":\"$2a$10$r3xPKMnGkh/4qGZubMuI1.vbAIFUt/n7Hb3APVDg1Bf5j7fyGx56O\",\"mobile\":\"13333333333\",\"role_code\":\"ROLE_MANAGER\",\"nickname\":\"admin\",\"avatar\":\"624d09cce4b0a9f89036349c.jpg\",\"role_name\":\"管理员\",\"user_id\":\"627057273520128\"},\"message\":\"success\",\"status\":200}',0,NULL,'2022-04-07 11:26:52'),
(619,'用户登录',NULL,'loadUserByUsername',NULL,NULL,'eac',NULL,'login','127.0.0.1','',NULL,NULL,0,'','2022-04-07 11:28:14'),
(620,'用户登录',NULL,'loadUserByUsername',NULL,NULL,'eac',NULL,'login','112.41.15.220','',NULL,NULL,0,'','2022-04-07 11:41:15'),
(621,'用户登录',NULL,'loadUserByUsername',NULL,NULL,'maitekai',NULL,'login','112.41.15.220','',NULL,NULL,0,'','2022-04-07 11:42:17'),
(622,'小程序端用户登录',10,'com.clin.mp.controller.LoginController.login()','POST',1,'15454548484',NULL,'/clin/mp/users/loginin','112.41.15.220','','15454548484 dhdhdbdjdudidjr8ru',NULL,1,'找不到此用户名15454548484。','2022-04-07 14:03:03'),
(623,'小程序端用户登录',10,'com.clin.mp.controller.LoginController.login()','POST',1,'admin',NULL,'/clin/mp/users/loginin','112.41.15.220','','admin 123456','{\"data\":{\"USERNAME\":\"admin\",\"PASSWORD\":\"$2a$10$r3xPKMnGkh/4qGZubMuI1.vbAIFUt/n7Hb3APVDg1Bf5j7fyGx56O\",\"mobile\":\"13333333333\",\"role_code\":\"ROLE_MANAGER\",\"nickname\":\"admin\",\"avatar\":\"624d09cce4b0a9f89036349c.jpg\",\"role_name\":\"管理员\",\"user_id\":\"627057273520128\"},\"message\":\"success\",\"status\":200}',0,NULL,'2022-04-07 14:07:40'),
(624,'小程序端用户登录',10,'com.clin.mp.controller.LoginController.login()','POST',1,'admin',NULL,'/clin/mp/users/loginin','112.41.15.220','','admin 123456','{\"data\":{\"USERNAME\":\"admin\",\"PASSWORD\":\"$2a$10$r3xPKMnGkh/4qGZubMuI1.vbAIFUt/n7Hb3APVDg1Bf5j7fyGx56O\",\"mobile\":\"13333333333\",\"role_code\":\"ROLE_MANAGER\",\"nickname\":\"admin\",\"avatar\":\"624d09cce4b0a9f89036349c.jpg\",\"role_name\":\"管理员\",\"user_id\":\"627057273520128\"},\"message\":\"success\",\"status\":200}',0,NULL,'2022-04-07 15:01:06'),
(625,'小程序端用户登录',10,'com.clin.mp.controller.LoginController.login()','POST',1,'maitekai',NULL,'/clin/mp/users/loginin','112.41.15.220','','maitekai 000000','{\"data\":{\"USERNAME\":\"maitekai\",\"PASSWORD\":\"$2a$10$upeuU2HtF/dCEkqsV7fXpur6ZqgT.EZASTZ.XCNTi0vfuMezVJRKS\",\"mobile\":\"17684587985\",\"role_code\":\"ROLE_AGENT\",\"nickname\":\"迈特凯\",\"avatar\":\"624e5db1e4b0a9f89036349d.jpg\",\"role_name\":\"义诊负责人\",\"user_id\":\"5423701911105536\"},\"message\":\"success\",\"status\":200}',0,NULL,'2022-04-07 15:07:46'),
(626,'小程序端用户登录',10,'com.clin.mp.controller.LoginController.login()','POST',1,'maitekai',NULL,'/clin/mp/users/loginin','112.41.15.220','','maitekai 111111','{\"data\":{\"USERNAME\":\"maitekai\",\"PASSWORD\":\"$2a$10$l4VdUTGiJS.pXMGICjztXOxURLrzaQqsY6Rc5C88dYuT.DX4M/6Le\",\"mobile\":\"17684587985\",\"role_code\":\"ROLE_AGENT\",\"nickname\":\"迈特凯1\",\"avatar\":\"624e5db1e4b0a9f89036349d.jpg\",\"role_name\":\"义诊负责人\",\"user_id\":\"5423701911105536\"},\"message\":\"success\",\"status\":200}',0,NULL,'2022-04-07 15:16:56'),
(627,'小程序端用户登录',10,'com.clin.mp.controller.LoginController.login()','POST',1,'admin',NULL,'/clin/mp/users/loginin','218.60.136.179','','admin 123456','{\"data\":{\"USERNAME\":\"admin\",\"PASSWORD\":\"$2a$10$r3xPKMnGkh/4qGZubMuI1.vbAIFUt/n7Hb3APVDg1Bf5j7fyGx56O\",\"mobile\":\"13333333333\",\"role_code\":\"ROLE_MANAGER\",\"nickname\":\"admin\",\"avatar\":\"624d09cce4b0a9f89036349c.jpg\",\"role_name\":\"管理员\",\"user_id\":\"627057273520128\"},\"message\":\"success\",\"status\":200}',0,NULL,'2022-04-07 22:12:35'),
(628,'小程序端用户登录',10,'com.clin.mp.controller.LoginController.login()','POST',1,'admin',NULL,'/clin/mp/users/loginin','112.41.15.220','','admin 123456','{\"data\":{\"USERNAME\":\"admin\",\"PASSWORD\":\"$2a$10$r3xPKMnGkh/4qGZubMuI1.vbAIFUt/n7Hb3APVDg1Bf5j7fyGx56O\",\"mobile\":\"13333333333\",\"role_code\":\"ROLE_MANAGER\",\"nickname\":\"admin\",\"avatar\":\"624d09cce4b0a9f89036349c.jpg\",\"role_name\":\"管理员\",\"user_id\":\"627057273520128\"},\"message\":\"success\",\"status\":200}',0,NULL,'2022-04-07 22:15:09'),
(629,'小程序端用户登录',10,'com.clin.mp.controller.LoginController.login()','POST',1,'志愿者',NULL,'/clin/mp/users/loginin','112.41.15.220','','志愿者 123456','{\"data\":{\"USERNAME\":\"志愿者\",\"PASSWORD\":\"$2a$10$pUJWS4ynJJ.LPLy008a3AubzisNkrquAUVsjXE3DSKkrqIqALCKO.\",\"mobile\":\"16161919199\",\"role_code\":\"ROLE_VOLUNTEER\",\"nickname\":\"志愿者\",\"avatar\":\"avatar.png\",\"role_name\":\"志愿者\",\"user_id\":\"10236331385933824\"},\"message\":\"success\",\"status\":200}',0,NULL,'2022-04-07 22:16:42'),
(630,'小程序端用户登录',10,'com.clin.mp.controller.LoginController.login()','POST',1,'admin',NULL,'/clin/mp/users/loginin','112.41.15.220','','admin 123456','{\"data\":{\"USERNAME\":\"admin\",\"PASSWORD\":\"$2a$10$r3xPKMnGkh/4qGZubMuI1.vbAIFUt/n7Hb3APVDg1Bf5j7fyGx56O\",\"mobile\":\"13333333333\",\"role_code\":\"ROLE_MANAGER\",\"nickname\":\"admin\",\"avatar\":\"624d09cce4b0a9f89036349c.jpg\",\"role_name\":\"管理员\",\"user_id\":\"627057273520128\"},\"message\":\"success\",\"status\":200}',0,NULL,'2022-04-07 22:27:38'),
(631,'小程序端用户登录',10,'com.clin.mp.controller.LoginController.login()','POST',1,'admin',NULL,'/clin/mp/users/loginin','218.60.136.179','','admin 123456','{\"data\":{\"USERNAME\":\"admin\",\"PASSWORD\":\"$2a$10$r3xPKMnGkh/4qGZubMuI1.vbAIFUt/n7Hb3APVDg1Bf5j7fyGx56O\",\"mobile\":\"13333333333\",\"role_code\":\"ROLE_MANAGER\",\"nickname\":\"admin\",\"avatar\":\"624d09cce4b0a9f89036349c.jpg\",\"role_name\":\"管理员\",\"user_id\":\"627057273520128\"},\"message\":\"success\",\"status\":200}',0,NULL,'2022-04-07 23:01:08'),
(632,'小程序端用户登录',10,'com.clin.mp.controller.LoginController.login()','POST',1,'admin',NULL,'/clin/mp/users/loginin','218.60.136.179','','admin 123456','{\"data\":{\"USERNAME\":\"admin\",\"PASSWORD\":\"$2a$10$r3xPKMnGkh/4qGZubMuI1.vbAIFUt/n7Hb3APVDg1Bf5j7fyGx56O\",\"mobile\":\"13333333333\",\"role_code\":\"ROLE_MANAGER\",\"nickname\":\"admin\",\"avatar\":\"624d09cce4b0a9f89036349c.jpg\",\"role_name\":\"管理员\",\"user_id\":\"627057273520128\"},\"message\":\"success\",\"status\":200}',0,NULL,'2022-04-08 01:22:34'),
(633,'小程序端用户登录',10,'com.clin.mp.controller.LoginController.login()','POST',1,'admin',NULL,'/clin/mp/users/loginin','112.41.15.220','','admin 123456','{\"data\":{\"USERNAME\":\"admin\",\"PASSWORD\":\"$2a$10$r3xPKMnGkh/4qGZubMuI1.vbAIFUt/n7Hb3APVDg1Bf5j7fyGx56O\",\"mobile\":\"13333333333\",\"role_code\":\"ROLE_MANAGER\",\"nickname\":\"admin\",\"avatar\":\"624d09cce4b0a9f89036349c.jpg\",\"role_name\":\"管理员\",\"user_id\":\"627057273520128\"},\"message\":\"success\",\"status\":200}',0,NULL,'2022-04-08 09:36:21'),
(634,'用户登录',NULL,'loadUserByUsername',NULL,NULL,'admin',NULL,'login','112.41.15.220','',NULL,NULL,0,'','2022-04-08 10:51:31'),
(635,'用户登录',NULL,'loadUserByUsername',NULL,NULL,'admin',NULL,'login','127.0.0.1','',NULL,NULL,0,'','2022-04-10 12:38:26'),
(636,'用户登录',NULL,'loadUserByUsername',NULL,NULL,'admin',NULL,'login','127.0.0.1','',NULL,NULL,0,'','2022-04-10 15:42:16'),
(637,'用户登录',NULL,'loadUserByUsername',NULL,NULL,'eac',NULL,'login','127.0.0.1','',NULL,NULL,0,'','2022-04-10 15:42:42'),
(638,'用户登录',NULL,'loadUserByUsername',NULL,NULL,'eac',NULL,'login','127.0.0.1','',NULL,NULL,0,'','2022-04-10 15:47:14'),
(639,'小程序端用户登录',10,'com.clin.mp.controller.LoginController.login()','POST',1,'eac',NULL,'/clin/mp/users/loginin','127.0.0.1','','eac 666888','{\"data\":{\"USERNAME\":\"eac\",\"PASSWORD\":\"$2a$10$UEj0SQ9hjYvd8y4ndvB1e.NpcXqf96ITRyHa4rO9GS5bUlNYiRVre\",\"mobile\":\"15999999999\",\"role_code\":\"ROLE_EAC_ADMIN\",\"nickname\":\"super\",\"avatar\":\"6233f907a98c774168bb1e3b.jpg\",\"role_name\":\"EAC超管\",\"user_id\":\"920487309334757376\"},\"message\":\"success\",\"status\":200}',0,NULL,'2022-04-10 16:00:08'),
(640,'小程序端用户登录',10,'com.clin.mp.controller.LoginController.login()','POST',1,'13998300205',NULL,'/clin/mp/users/loginin','119.119.150.189','','13998300205 123456','{\"data\":{\"USERNAME\":\"13998300205\",\"PASSWORD\":\"$2a$10$RQYuFoYiX6TxulIkH8larO3.Q7rE9XU/3n.RueNz93/ZW.EDlp936\",\"mobile\":\"13998300205\",\"role_code\":\"ROLE_VOLUNTEER\",\"nickname\":\"小七1\",\"avatar\":\"avatar.png\",\"role_name\":\"志愿者\",\"user_id\":\"9036295864045568\"},\"message\":\"success\",\"status\":200}',0,NULL,'2022-04-11 09:32:16'),
(641,'小程序端用户登录',10,'com.clin.mp.controller.LoginController.login()','POST',1,'13998300205',NULL,'/clin/mp/users/loginin','119.119.150.189','','13998300205 121212','{\"data\":{\"USERNAME\":\"13998300205\",\"PASSWORD\":\"$2a$10$Ef1fQPvlIJy7ODrg7cHn1.00RuCSk17mWihCouBwMGP59Pl40eRCi\",\"mobile\":\"13998300205\",\"role_code\":\"ROLE_VOLUNTEER\",\"nickname\":\"小七1\",\"avatar\":\"62538568e4b0a9f89036349e.jpg\",\"role_name\":\"志愿者\",\"user_id\":\"9036295864045568\"},\"message\":\"success\",\"status\":200}',0,NULL,'2022-04-11 09:37:26'),
(642,'用户登录',NULL,'loadUserByUsername',NULL,NULL,'admin',NULL,'login','119.119.150.189','',NULL,NULL,0,'','2022-04-11 09:40:32'),
(643,'用户登录',NULL,'loadUserByUsername',NULL,NULL,'admin',NULL,'login','218.60.136.179','',NULL,NULL,0,'','2022-04-11 09:50:22'),
(644,'用户登录',NULL,'loadUserByUsername',NULL,NULL,'admin',NULL,'login','112.41.15.220','',NULL,NULL,0,'','2022-04-11 09:51:29'),
(645,'用户登录',NULL,'loadUserByUsername',NULL,NULL,'eac',NULL,'login','127.0.0.1','',NULL,NULL,0,'','2022-04-11 10:05:31'),
(646,'用户登录',NULL,'loadUserByUsername',NULL,NULL,'admin',NULL,'login','112.41.15.220','',NULL,NULL,0,'','2022-04-11 10:37:33'),
(647,'用户登录',NULL,'loadUserByUsername',NULL,NULL,'eac',NULL,'login','112.41.15.220','',NULL,NULL,0,'','2022-04-12 17:47:38'),
(648,'用户登录',NULL,'loadUserByUsername',NULL,NULL,'changmen',NULL,'login','112.41.15.220','',NULL,NULL,0,'','2022-04-12 17:48:12'),
(649,'小程序端用户登录',10,'com.clin.mp.controller.LoginController.login()','POST',1,'admin',NULL,'/clin/mp/users/loginin','175.167.140.235','','admin 123456','{\"data\":{\"USERNAME\":\"admin\",\"PASSWORD\":\"$2a$10$r3xPKMnGkh/4qGZubMuI1.vbAIFUt/n7Hb3APVDg1Bf5j7fyGx56O\",\"mobile\":\"13333333333\",\"role_code\":\"ROLE_MANAGER\",\"nickname\":\"admin\",\"avatar\":\"624d09cce4b0a9f89036349c.jpg\",\"role_name\":\"管理员\",\"user_id\":\"627057273520128\"},\"message\":\"success\",\"status\":200}',0,NULL,'2022-04-18 15:09:00'),
(650,'小程序端用户登录',10,'com.clin.mp.controller.LoginController.login()','POST',1,'admin',NULL,'/clin/mp/users/loginin','175.167.140.235','','admin 123456','{\"data\":{\"USERNAME\":\"admin\",\"PASSWORD\":\"$2a$10$r3xPKMnGkh/4qGZubMuI1.vbAIFUt/n7Hb3APVDg1Bf5j7fyGx56O\",\"mobile\":\"13333333333\",\"role_code\":\"ROLE_MANAGER\",\"nickname\":\"admin\",\"avatar\":\"624d09cce4b0a9f89036349c.jpg\",\"role_name\":\"管理员\",\"user_id\":\"627057273520128\"},\"message\":\"success\",\"status\":200}',0,NULL,'2022-04-18 15:10:07'),
(651,'小程序端用户登录',10,'com.clin.mp.controller.LoginController.login()','POST',1,'admin',NULL,'/clin/mp/users/loginin','175.167.140.235','','admin 123456','{\"data\":{\"USERNAME\":\"admin\",\"PASSWORD\":\"$2a$10$r3xPKMnGkh/4qGZubMuI1.vbAIFUt/n7Hb3APVDg1Bf5j7fyGx56O\",\"mobile\":\"13333333333\",\"role_code\":\"ROLE_MANAGER\",\"nickname\":\"admin\",\"avatar\":\"624d09cce4b0a9f89036349c.jpg\",\"role_name\":\"管理员\",\"user_id\":\"627057273520128\"},\"message\":\"success\",\"status\":200}',0,NULL,'2022-04-18 15:12:14'),
(652,'小程序端用户登录',10,'com.clin.mp.controller.LoginController.login()','POST',1,'admin',NULL,'/clin/mp/users/loginin','116.162.133.217','','admin 123456','{\"data\":{\"USERNAME\":\"admin\",\"PASSWORD\":\"$2a$10$r3xPKMnGkh/4qGZubMuI1.vbAIFUt/n7Hb3APVDg1Bf5j7fyGx56O\",\"mobile\":\"13333333333\",\"role_code\":\"ROLE_MANAGER\",\"nickname\":\"admin\",\"avatar\":\"624d09cce4b0a9f89036349c.jpg\",\"role_name\":\"管理员\",\"user_id\":\"627057273520128\"},\"message\":\"success\",\"status\":200}',0,NULL,'2022-04-18 16:30:22'),
(653,'小程序端用户登录',10,'com.clin.mp.controller.LoginController.login()','POST',1,'123',NULL,'/clin/mp/users/loginin','116.162.133.217','','123 Aa123456','{\"data\":{\"USERNAME\":\"123\",\"PASSWORD\":\"$2a$10$shyUaelqMqA27ooDdCHUb.8eLwsz/i5y8EL/U.8J4qcXTSBIsnRnq\",\"mobile\":\"16673540057\",\"role_code\":\"ROLE_VOLUNTEER\",\"nickname\":\"刘瑶\",\"avatar\":\"avatar.png\",\"role_name\":\"志愿者\",\"user_id\":\"14136065435619328\"},\"message\":\"success\",\"status\":200}',0,NULL,'2022-04-18 16:33:19'),
(654,'用户登录',NULL,'loadUserByUsername',NULL,NULL,'admin',NULL,'login','60.17.13.227','',NULL,NULL,0,'','2022-04-19 15:39:12'),
(655,'小程序端用户登录',10,'com.clin.mp.controller.LoginController.login()','POST',1,'admin',NULL,'/clin/mp/users/loginin','113.224.14.221','','admin 123456','{\"data\":{\"USERNAME\":\"admin\",\"PASSWORD\":\"$2a$10$r3xPKMnGkh/4qGZubMuI1.vbAIFUt/n7Hb3APVDg1Bf5j7fyGx56O\",\"mobile\":\"13333333333\",\"role_code\":\"ROLE_MANAGER\",\"nickname\":\"admin\",\"avatar\":\"624d09cce4b0a9f89036349c.jpg\",\"role_name\":\"管理员\",\"user_id\":\"627057273520128\"},\"message\":\"success\",\"status\":200}',0,NULL,'2022-04-19 16:32:15'),
(656,'小程序端用户登录',10,'com.clin.mp.controller.LoginController.login()','POST',1,'admin',NULL,'/clin/mp/users/loginin','218.60.136.179','','admin 123456','{\"data\":{\"USERNAME\":\"admin\",\"PASSWORD\":\"$2a$10$r3xPKMnGkh/4qGZubMuI1.vbAIFUt/n7Hb3APVDg1Bf5j7fyGx56O\",\"mobile\":\"13333333333\",\"role_code\":\"ROLE_MANAGER\",\"nickname\":\"admin\",\"avatar\":\"624d09cce4b0a9f89036349c.jpg\",\"role_name\":\"管理员\",\"user_id\":\"627057273520128\"},\"message\":\"success\",\"status\":200}',0,NULL,'2022-04-19 16:39:19'),
(657,'小程序端用户登录',10,'com.clin.mp.controller.LoginController.login()','POST',1,'admin',NULL,'/clin/mp/users/loginin','60.17.13.227','','admin 123456','{\"data\":{\"USERNAME\":\"admin\",\"PASSWORD\":\"$2a$10$r3xPKMnGkh/4qGZubMuI1.vbAIFUt/n7Hb3APVDg1Bf5j7fyGx56O\",\"mobile\":\"13333333333\",\"role_code\":\"ROLE_MANAGER\",\"nickname\":\"admin\",\"avatar\":\"624d09cce4b0a9f89036349c.jpg\",\"role_name\":\"管理员\",\"user_id\":\"627057273520128\"},\"message\":\"success\",\"status\":200}',0,NULL,'2022-04-19 16:57:04'),
(658,'小程序端用户登录',10,'com.clin.mp.controller.LoginController.login()','POST',1,'admin',NULL,'/clin/mp/users/loginin','113.233.138.247','','admin 123456','{\"data\":{\"USERNAME\":\"admin\",\"PASSWORD\":\"$2a$10$r3xPKMnGkh/4qGZubMuI1.vbAIFUt/n7Hb3APVDg1Bf5j7fyGx56O\",\"mobile\":\"13333333333\",\"role_code\":\"ROLE_MANAGER\",\"nickname\":\"admin\",\"avatar\":\"624d09cce4b0a9f89036349c.jpg\",\"role_name\":\"管理员\",\"user_id\":\"627057273520128\"},\"message\":\"success\",\"status\":200}',0,NULL,'2022-04-19 16:59:26'),
(659,'小程序端用户登录',10,'com.clin.mp.controller.LoginController.login()','POST',1,'admin',NULL,'/clin/mp/users/loginin','112.41.14.120','','admin 123456','{\"data\":{\"USERNAME\":\"admin\",\"PASSWORD\":\"$2a$10$r3xPKMnGkh/4qGZubMuI1.vbAIFUt/n7Hb3APVDg1Bf5j7fyGx56O\",\"mobile\":\"13333333333\",\"role_code\":\"ROLE_MANAGER\",\"nickname\":\"admin\",\"avatar\":\"624d09cce4b0a9f89036349c.jpg\",\"role_name\":\"管理员\",\"user_id\":\"627057273520128\"},\"message\":\"success\",\"status\":200}',0,NULL,'2022-04-19 20:50:05'),
(660,'小程序端用户登录',10,'com.clin.mp.controller.LoginController.login()','POST',1,'admin',NULL,'/clin/mp/users/loginin','112.41.14.120','','admin 123456','{\"data\":{\"USERNAME\":\"admin\",\"PASSWORD\":\"$2a$10$r3xPKMnGkh/4qGZubMuI1.vbAIFUt/n7Hb3APVDg1Bf5j7fyGx56O\",\"mobile\":\"13333333333\",\"role_code\":\"ROLE_MANAGER\",\"nickname\":\"admin\",\"avatar\":\"624d09cce4b0a9f89036349c.jpg\",\"role_name\":\"管理员\",\"user_id\":\"627057273520128\"},\"message\":\"success\",\"status\":200}',0,NULL,'2022-04-19 20:50:54');

/*Table structure for table `sys_org` */

DROP TABLE IF EXISTS `sys_org`;

CREATE TABLE `sys_org` (
  `id` bigint(20) NOT NULL COMMENT '机构主键ID',
  `org_name` varchar(64) NOT NULL COMMENT '机构名称',
  `org_type` varchar(32) NOT NULL COMMENT '机构类型',
  `org_description` varchar(256) DEFAULT NULL COMMENT '机构描述',
  `org_sequence` bigint(20) DEFAULT NULL COMMENT '排序',
  `parent_id` bigint(20) NOT NULL DEFAULT '0' COMMENT '上级机构ID',
  `create_time` timestamp NOT NULL DEFAULT CURRENT_TIMESTAMP COMMENT '创建时间',
  `update_time` timestamp NULL DEFAULT NULL ON UPDATE CURRENT_TIMESTAMP COMMENT '修改时间',
  PRIMARY KEY (`id`) USING BTREE
) ENGINE=InnoDB DEFAULT CHARSET=utf8mb4 ROW_FORMAT=DYNAMIC COMMENT='机构表';

/*Data for the table `sys_org` */

insert  into `sys_org`(`id`,`org_name`,`org_type`,`org_description`,`org_sequence`,`parent_id`,`create_time`,`update_time`) values 
(920482363759607808,'系统','group','程序主入口',1,0,'2021-12-15 09:08:18','2022-03-12 09:16:12'),
(920482476330532864,'运行商','company','运维',1,920482363759607808,'2021-12-15 09:08:45','2022-03-12 09:17:01'),
(920482637828014080,'管理','department','',1,920482476330532864,'2021-12-15 09:09:24','2022-03-12 09:17:02'),
(948503146800656384,'业务','department','',2,920482476330532864,'2022-03-02 16:52:56','2022-03-12 09:17:05');

/*Table structure for table `sys_region` */

DROP TABLE IF EXISTS `sys_region`;

CREATE TABLE `sys_region` (
  `id` bigint(20) NOT NULL COMMENT '区域主键ID',
  `region_name` varchar(40) NOT NULL COMMENT '区域名称',
  `region_code` varchar(20) NOT NULL COMMENT '区域代码',
  `region_type` varchar(32) NOT NULL COMMENT '区域类型',
  `parent_region_code` varchar(20) NOT NULL COMMENT '上级区域代码',
  `create_time` timestamp NOT NULL DEFAULT CURRENT_TIMESTAMP COMMENT '创建时间',
  `update_time` timestamp NULL DEFAULT NULL ON UPDATE CURRENT_TIMESTAMP COMMENT '修改时间',
  PRIMARY KEY (`id`) USING BTREE,
  UNIQUE KEY `idx_region_code` (`region_code`) USING BTREE
) ENGINE=InnoDB DEFAULT CHARSET=utf8mb4 ROW_FORMAT=DYNAMIC COMMENT='区域表';

/*Data for the table `sys_region` */

insert  into `sys_region`(`id`,`region_name`,`region_code`,`region_type`,`parent_region_code`,`create_time`,`update_time`) values 
(1,'北京市','110000','province','0','2019-02-28 17:16:58','2019-09-16 22:04:01'),
(2,'天津市','120000','province','0','2019-02-28 17:16:58','2019-09-24 18:13:48'),
(3,'河北省','130000','province','0','2019-02-28 17:16:58','2019-09-16 22:04:01'),
(4,'山西省','140000','province','0','2019-02-28 17:16:58','2019-09-16 22:04:01'),
(5,'内蒙古自治区','150000','province','0','2019-02-28 17:16:58','2019-09-16 22:04:01'),
(6,'辽宁省','210000','province','0','2019-02-28 17:16:58','2019-09-16 22:04:01'),
(7,'吉林省','220000','province','0','2019-02-28 17:16:58','2019-09-16 22:04:01'),
(8,'黑龙江省','230000','province','0','2019-02-28 17:16:58','2019-09-16 22:04:01'),
(9,'上海市','310000','province','0','2019-02-28 17:16:58','2019-09-16 22:04:01'),
(10,'江苏省','320000','province','0','2019-02-28 17:16:58','2019-09-16 22:04:01'),
(11,'浙江省','330000','province','0','2019-02-28 17:16:58','2019-09-16 22:04:01'),
(12,'安徽省','340000','province','0','2019-02-28 17:16:58','2019-09-16 22:04:01'),
(13,'福建省','350000','province','0','2019-02-28 17:16:58','2019-09-16 22:04:01'),
(14,'江西省','360000','province','0','2019-02-28 17:16:58','2019-09-16 22:04:01'),
(15,'山东省','370000','province','0','2019-02-28 17:16:58','2019-09-16 22:04:01'),
(16,'河南省','410000','province','0','2019-02-28 17:16:58','2019-09-16 22:04:01'),
(17,'湖北省','420000','province','0','2019-02-28 17:16:58','2019-09-16 22:04:01'),
(18,'湖南省','430000','province','0','2019-02-28 17:16:58','2019-09-16 22:04:01'),
(19,'广东省','440000','province','0','2019-02-28 17:16:58','2019-09-16 22:04:01'),
(20,'广西壮族自治区','450000','province','0','2019-02-28 17:16:58','2019-09-16 22:04:01'),
(21,'海南省','460000','province','0','2019-02-28 17:16:58','2019-09-16 22:04:01'),
(22,'重庆市','500000','province','0','2019-02-28 17:16:58','2019-09-16 22:04:01'),
(23,'四川省','510000','province','0','2019-02-28 17:16:58','2019-09-16 22:04:01'),
(24,'贵州省','520000','province','0','2019-02-28 17:16:58','2019-09-16 22:04:01'),
(25,'云南省','530000','province','0','2019-02-28 17:16:58','2019-09-16 22:04:01'),
(26,'西藏自治区','540000','province','0','2019-02-28 17:16:58','2019-09-16 22:04:01'),
(27,'陕西省','610000','province','0','2019-02-28 17:16:58','2019-09-16 22:04:01'),
(28,'甘肃省','620000','province','0','2019-02-28 17:16:58','2019-09-16 22:04:01'),
(29,'青海省','630000','province','0','2019-02-28 17:16:58','2019-09-16 22:04:01'),
(30,'宁夏回族自治区','640000','province','0','2019-02-28 17:16:58','2019-09-16 22:04:01'),
(31,'新疆维吾尔自治区','650000','province','0','2019-02-28 17:16:58','2019-09-16 22:04:01'),
(32,'台湾省','710000','province','0','2019-02-28 17:16:58','2019-09-16 22:04:01'),
(33,'香港特别行政区','810000','province','0','2019-02-28 17:16:58','2019-09-16 22:04:01'),
(34,'澳门特别行政区','820000','province','0','2019-02-28 17:16:58','2019-09-16 22:04:01'),
(35,'北京市','110100','city','110000','2019-02-28 17:16:58','2019-09-24 14:02:08'),
(36,'天津市','120100','city','120000','2019-02-28 17:16:58',NULL),
(37,'石家庄市','130100','city','130000','2019-02-28 17:16:58',NULL),
(38,'唐山市','130200','city','130000','2019-02-28 17:16:58',NULL),
(39,'秦皇岛市','130300','city','130000','2019-02-28 17:16:58',NULL),
(40,'邯郸市','130400','city','130000','2019-02-28 17:16:58',NULL),
(41,'邢台市','130500','city','130000','2019-02-28 17:16:58',NULL),
(42,'保定市','130600','city','130000','2019-02-28 17:16:58',NULL),
(43,'张家口市','130700','city','130000','2019-02-28 17:16:58',NULL),
(44,'承德市','130800','city','130000','2019-02-28 17:16:58',NULL),
(45,'沧州市','130900','city','130000','2019-02-28 17:16:58',NULL),
(46,'廊坊市','131000','city','130000','2019-02-28 17:16:58',NULL),
(47,'衡水市','131100','city','130000','2019-02-28 17:16:58',NULL),
(48,'太原市','140100','city','140000','2019-02-28 17:16:58',NULL),
(49,'大同市','140200','city','140000','2019-02-28 17:16:58',NULL),
(50,'阳泉市','140300','city','140000','2019-02-28 17:16:58',NULL),
(51,'长治市','140400','city','140000','2019-02-28 17:16:58',NULL),
(52,'晋城市','140500','city','140000','2019-02-28 17:16:58',NULL),
(53,'朔州市','140600','city','140000','2019-02-28 17:16:58',NULL),
(54,'晋中市','140700','city','140000','2019-02-28 17:16:58',NULL),
(55,'运城市','140800','city','140000','2019-02-28 17:16:58',NULL),
(56,'忻州市','140900','city','140000','2019-02-28 17:16:58',NULL),
(57,'临汾市','141000','city','140000','2019-02-28 17:16:58',NULL),
(58,'吕梁市','141100','city','140000','2019-02-28 17:16:58',NULL),
(59,'呼和浩特市','150100','city','150000','2019-02-28 17:16:58',NULL),
(60,'包头市','150200','city','150000','2019-02-28 17:16:58',NULL),
(61,'乌海市','150300','city','150000','2019-02-28 17:16:58',NULL),
(62,'赤峰市','150400','city','150000','2019-02-28 17:16:58',NULL),
(63,'通辽市','150500','city','150000','2019-02-28 17:16:58',NULL),
(64,'鄂尔多斯市','150600','city','150000','2019-02-28 17:16:58',NULL),
(65,'呼伦贝尔市','150700','city','150000','2019-02-28 17:16:58',NULL),
(66,'巴彦淖尔市','150800','city','150000','2019-02-28 17:16:58',NULL),
(67,'乌兰察布市','150900','city','150000','2019-02-28 17:16:58',NULL),
(68,'兴安盟','152200','city','150000','2019-02-28 17:16:58',NULL),
(69,'锡林郭勒盟','152500','city','150000','2019-02-28 17:16:58',NULL),
(70,'阿拉善盟','152900','city','150000','2019-02-28 17:16:58',NULL),
(71,'沈阳市','210100','city','210000','2019-02-28 17:16:58',NULL),
(72,'大连市','210200','city','210000','2019-02-28 17:16:58',NULL),
(73,'鞍山市','210300','city','210000','2019-02-28 17:16:58',NULL),
(74,'抚顺市','210400','city','210000','2019-02-28 17:16:58',NULL),
(75,'本溪市','210500','city','210000','2019-02-28 17:16:58',NULL),
(76,'丹东市','210600','city','210000','2019-02-28 17:16:58',NULL),
(77,'锦州市','210700','city','210000','2019-02-28 17:16:58',NULL),
(78,'营口市','210800','city','210000','2019-02-28 17:16:58',NULL),
(79,'阜新市','210900','city','210000','2019-02-28 17:16:58',NULL),
(80,'辽阳市','211000','city','210000','2019-02-28 17:16:58',NULL),
(81,'盘锦市','211100','city','210000','2019-02-28 17:16:58',NULL),
(82,'铁岭市','211200','city','210000','2019-02-28 17:16:58',NULL),
(83,'朝阳市','211300','city','210000','2019-02-28 17:16:58',NULL),
(84,'葫芦岛市','211400','city','210000','2019-02-28 17:16:58',NULL),
(85,'长春市','220100','city','220000','2019-02-28 17:16:58',NULL),
(86,'吉林市','220200','city','220000','2019-02-28 17:16:58',NULL),
(87,'四平市','220300','city','220000','2019-02-28 17:16:58',NULL),
(88,'辽源市','220400','city','220000','2019-02-28 17:16:58',NULL),
(89,'通化市','220500','city','220000','2019-02-28 17:16:58',NULL),
(90,'白山市','220600','city','220000','2019-02-28 17:16:58',NULL),
(91,'松原市','220700','city','220000','2019-02-28 17:16:58',NULL),
(92,'白城市','220800','city','220000','2019-02-28 17:16:58',NULL),
(93,'延边朝鲜族自治州','222400','city','220000','2019-02-28 17:16:58',NULL),
(94,'哈尔滨市','230100','city','230000','2019-02-28 17:16:58',NULL),
(95,'齐齐哈尔市','230200','city','230000','2019-02-28 17:16:58',NULL),
(96,'鸡西市','230300','city','230000','2019-02-28 17:16:58',NULL),
(97,'鹤岗市','230400','city','230000','2019-02-28 17:16:58',NULL),
(98,'双鸭山市','230500','city','230000','2019-02-28 17:16:58',NULL),
(99,'大庆市','230600','city','230000','2019-02-28 17:16:58',NULL),
(100,'伊春市','230700','city','230000','2019-02-28 17:16:58',NULL),
(101,'佳木斯市','230800','city','230000','2019-02-28 17:16:58',NULL),
(102,'七台河市','230900','city','230000','2019-02-28 17:16:58',NULL),
(103,'牡丹江市','231000','city','230000','2019-02-28 17:16:58',NULL),
(104,'黑河市','231100','city','230000','2019-02-28 17:16:58',NULL),
(105,'绥化市','231200','city','230000','2019-02-28 17:16:58',NULL),
(106,'大兴安岭地区','232700','city','230000','2019-02-28 17:16:58',NULL),
(107,'上海市','310100','city','310000','2019-02-28 17:16:58',NULL),
(108,'南京市','320100','city','320000','2019-02-28 17:16:58',NULL),
(109,'无锡市','320200','city','320000','2019-02-28 17:16:58',NULL),
(110,'徐州市','320300','city','320000','2019-02-28 17:16:58',NULL),
(111,'常州市','320400','city','320000','2019-02-28 17:16:58',NULL),
(112,'苏州市','320500','city','320000','2019-02-28 17:16:58',NULL),
(113,'南通市','320600','city','320000','2019-02-28 17:16:58',NULL),
(114,'连云港市','320700','city','320000','2019-02-28 17:16:58',NULL),
(115,'淮安市','320800','city','320000','2019-02-28 17:16:58',NULL),
(116,'盐城市','320900','city','320000','2019-02-28 17:16:58',NULL),
(117,'扬州市','321000','city','320000','2019-02-28 17:16:58',NULL),
(118,'镇江市','321100','city','320000','2019-02-28 17:16:58',NULL),
(119,'泰州市','321200','city','320000','2019-02-28 17:16:58',NULL),
(120,'宿迁市','321300','city','320000','2019-02-28 17:16:58',NULL),
(121,'杭州市','330100','city','330000','2019-02-28 17:16:58',NULL),
(122,'宁波市','330200','city','330000','2019-02-28 17:16:58',NULL),
(123,'温州市','330300','city','330000','2019-02-28 17:16:58',NULL),
(124,'嘉兴市','330400','city','330000','2019-02-28 17:16:58',NULL),
(125,'湖州市','330500','city','330000','2019-02-28 17:16:58',NULL),
(126,'绍兴市','330600','city','330000','2019-02-28 17:16:58',NULL),
(127,'金华市','330700','city','330000','2019-02-28 17:16:58',NULL),
(128,'衢州市','330800','city','330000','2019-02-28 17:16:58',NULL),
(129,'舟山市','330900','city','330000','2019-02-28 17:16:58',NULL),
(130,'台州市','331000','city','330000','2019-02-28 17:16:58',NULL),
(131,'丽水市','331100','city','330000','2019-02-28 17:16:58',NULL),
(132,'合肥市','340100','city','340000','2019-02-28 17:16:58',NULL),
(133,'芜湖市','340200','city','340000','2019-02-28 17:16:58',NULL),
(134,'蚌埠市','340300','city','340000','2019-02-28 17:16:58',NULL),
(135,'淮南市','340400','city','340000','2019-02-28 17:16:58',NULL),
(136,'马鞍山市','340500','city','340000','2019-02-28 17:16:58',NULL),
(137,'淮北市','340600','city','340000','2019-02-28 17:16:58',NULL),
(138,'铜陵市','340700','city','340000','2019-02-28 17:16:58',NULL),
(139,'安庆市','340800','city','340000','2019-02-28 17:16:58',NULL),
(140,'黄山市','341000','city','340000','2019-02-28 17:16:58',NULL),
(141,'滁州市','341100','city','340000','2019-02-28 17:16:58',NULL),
(142,'阜阳市','341200','city','340000','2019-02-28 17:16:58',NULL),
(143,'宿州市','341300','city','340000','2019-02-28 17:16:58',NULL),
(144,'六安市','341500','city','340000','2019-02-28 17:16:58',NULL),
(145,'亳州市','341600','city','340000','2019-02-28 17:16:58',NULL),
(146,'池州市','341700','city','340000','2019-02-28 17:16:58',NULL),
(147,'宣城市','341800','city','340000','2019-02-28 17:16:58',NULL),
(148,'福州市','350100','city','350000','2019-02-28 17:16:58',NULL),
(149,'厦门市','350200','city','350000','2019-02-28 17:16:58',NULL),
(150,'莆田市','350300','city','350000','2019-02-28 17:16:58',NULL),
(151,'三明市','350400','city','350000','2019-02-28 17:16:58',NULL),
(152,'泉州市','350500','city','350000','2019-02-28 17:16:58',NULL),
(153,'漳州市','350600','city','350000','2019-02-28 17:16:58',NULL),
(154,'南平市','350700','city','350000','2019-02-28 17:16:58',NULL),
(155,'龙岩市','350800','city','350000','2019-02-28 17:16:58',NULL),
(156,'宁德市','350900','city','350000','2019-02-28 17:16:58',NULL),
(157,'南昌市','360100','city','360000','2019-02-28 17:16:58',NULL),
(158,'景德镇市','360200','city','360000','2019-02-28 17:16:58',NULL),
(159,'萍乡市','360300','city','360000','2019-02-28 17:16:58',NULL),
(160,'九江市','360400','city','360000','2019-02-28 17:16:58',NULL),
(161,'新余市','360500','city','360000','2019-02-28 17:16:58',NULL),
(162,'鹰潭市','360600','city','360000','2019-02-28 17:16:58',NULL),
(163,'赣州市','360700','city','360000','2019-02-28 17:16:58',NULL),
(164,'吉安市','360800','city','360000','2019-02-28 17:16:58',NULL),
(165,'宜春市','360900','city','360000','2019-02-28 17:16:58',NULL),
(166,'抚州市','361000','city','360000','2019-02-28 17:16:58',NULL),
(167,'上饶市','361100','city','360000','2019-02-28 17:16:58',NULL),
(168,'济南市','370100','city','370000','2019-02-28 17:16:58',NULL),
(169,'青岛市','370200','city','370000','2019-02-28 17:16:58',NULL),
(170,'淄博市','370300','city','370000','2019-02-28 17:16:58',NULL),
(171,'枣庄市','370400','city','370000','2019-02-28 17:16:58',NULL),
(172,'东营市','370500','city','370000','2019-02-28 17:16:58',NULL),
(173,'烟台市','370600','city','370000','2019-02-28 17:16:58',NULL),
(174,'潍坊市','370700','city','370000','2019-02-28 17:16:58',NULL),
(175,'济宁市','370800','city','370000','2019-02-28 17:16:58',NULL),
(176,'泰安市','370900','city','370000','2019-02-28 17:16:58',NULL),
(177,'威海市','371000','city','370000','2019-02-28 17:16:58',NULL),
(178,'日照市','371100','city','370000','2019-02-28 17:16:58',NULL),
(179,'莱芜市','371200','city','370000','2019-02-28 17:16:58',NULL),
(180,'临沂市','371300','city','370000','2019-02-28 17:16:58',NULL),
(181,'德州市','371400','city','370000','2019-02-28 17:16:58',NULL),
(182,'聊城市','371500','city','370000','2019-02-28 17:16:58',NULL),
(183,'滨州市','371600','city','370000','2019-02-28 17:16:58',NULL),
(184,'菏泽市','371700','city','370000','2019-02-28 17:16:58',NULL),
(185,'郑州市','410100','city','410000','2019-02-28 17:16:58',NULL),
(186,'开封市','410200','city','410000','2019-02-28 17:16:58',NULL),
(187,'洛阳市','410300','city','410000','2019-02-28 17:16:58',NULL),
(188,'平顶山市','410400','city','410000','2019-02-28 17:16:58',NULL),
(189,'安阳市','410500','city','410000','2019-02-28 17:16:58',NULL),
(190,'鹤壁市','410600','city','410000','2019-02-28 17:16:58',NULL),
(191,'新乡市','410700','city','410000','2019-02-28 17:16:58',NULL),
(192,'焦作市','410800','city','410000','2019-02-28 17:16:58',NULL),
(193,'济源市','410881','city','410000','2019-02-28 17:16:58',NULL),
(194,'濮阳市','410900','city','410000','2019-02-28 17:16:58',NULL),
(195,'许昌市','411000','city','410000','2019-02-28 17:16:58',NULL),
(196,'漯河市','411100','city','410000','2019-02-28 17:16:58',NULL),
(197,'三门峡市','411200','city','410000','2019-02-28 17:16:58',NULL),
(198,'南阳市','411300','city','410000','2019-02-28 17:16:58',NULL),
(199,'商丘市','411400','city','410000','2019-02-28 17:16:58',NULL),
(200,'信阳市','411500','city','410000','2019-02-28 17:16:58',NULL),
(201,'周口市','411600','city','410000','2019-02-28 17:16:58',NULL),
(202,'驻马店市','411700','city','410000','2019-02-28 17:16:58',NULL),
(203,'武汉市','420100','city','420000','2019-02-28 17:16:58',NULL),
(204,'黄石市','420200','city','420000','2019-02-28 17:16:58',NULL),
(205,'十堰市','420300','city','420000','2019-02-28 17:16:58',NULL),
(206,'宜昌市','420500','city','420000','2019-02-28 17:16:58',NULL),
(207,'襄阳市','420600','city','420000','2019-02-28 17:16:58',NULL),
(208,'鄂州市','420700','city','420000','2019-02-28 17:16:58',NULL),
(209,'荆门市','420800','city','420000','2019-02-28 17:16:58',NULL),
(210,'孝感市','420900','city','420000','2019-02-28 17:16:58',NULL),
(211,'荆州市','421000','city','420000','2019-02-28 17:16:58',NULL),
(212,'黄冈市','421100','city','420000','2019-02-28 17:16:58',NULL),
(213,'咸宁市','421200','city','420000','2019-02-28 17:16:58',NULL),
(214,'随州市','421300','city','420000','2019-02-28 17:16:58',NULL),
(215,'恩施土家族苗族自治州','422800','city','420000','2019-02-28 17:16:58',NULL),
(216,'仙桃市','429004','city','420000','2019-02-28 17:16:58',NULL),
(217,'潜江市','429005','city','420000','2019-02-28 17:16:58',NULL),
(218,'天门市','429006','city','420000','2019-02-28 17:16:58',NULL),
(219,'神农架林区','429021','city','420000','2019-02-28 17:16:58',NULL),
(220,'长沙市','430100','city','430000','2019-02-28 17:16:58',NULL),
(221,'株洲市','430200','city','430000','2019-02-28 17:16:58',NULL),
(222,'湘潭市','430300','city','430000','2019-02-28 17:16:58',NULL),
(223,'衡阳市','430400','city','430000','2019-02-28 17:16:58',NULL),
(224,'邵阳市','430500','city','430000','2019-02-28 17:16:58',NULL),
(225,'岳阳市','430600','city','430000','2019-02-28 17:16:58',NULL),
(226,'常德市','430700','city','430000','2019-02-28 17:16:58',NULL),
(227,'张家界市','430800','city','430000','2019-02-28 17:16:58',NULL),
(228,'益阳市','430900','city','430000','2019-02-28 17:16:58',NULL),
(229,'郴州市','431000','city','430000','2019-02-28 17:16:58',NULL),
(230,'永州市','431100','city','430000','2019-02-28 17:16:58',NULL),
(231,'怀化市','431200','city','430000','2019-02-28 17:16:58',NULL),
(232,'娄底市','431300','city','430000','2019-02-28 17:16:58',NULL),
(233,'湘西土家族苗族自治州','433100','city','430000','2019-02-28 17:16:58',NULL),
(234,'广州市','440100','city','440000','2019-02-28 17:16:58',NULL),
(235,'韶关市','440200','city','440000','2019-02-28 17:16:58',NULL),
(236,'深圳市','440300','city','440000','2019-02-28 17:16:58',NULL),
(237,'珠海市','440400','city','440000','2019-02-28 17:16:58',NULL),
(238,'汕头市','440500','city','440000','2019-02-28 17:16:58',NULL),
(239,'佛山市','440600','city','440000','2019-02-28 17:16:58',NULL),
(240,'江门市','440700','city','440000','2019-02-28 17:16:58',NULL),
(241,'湛江市','440800','city','440000','2019-02-28 17:16:58',NULL),
(242,'茂名市','440900','city','440000','2019-02-28 17:16:58',NULL),
(243,'肇庆市','441200','city','440000','2019-02-28 17:16:58',NULL),
(244,'惠州市','441300','city','440000','2019-02-28 17:16:58',NULL),
(245,'梅州市','441400','city','440000','2019-02-28 17:16:58',NULL),
(246,'汕尾市','441500','city','440000','2019-02-28 17:16:58',NULL),
(247,'河源市','441600','city','440000','2019-02-28 17:16:58',NULL),
(248,'阳江市','441700','city','440000','2019-02-28 17:16:58',NULL),
(249,'清远市','441800','city','440000','2019-02-28 17:16:58',NULL),
(250,'东莞市','441900','city','440000','2019-02-28 17:16:58',NULL),
(251,'中山市','442000','city','440000','2019-02-28 17:16:58',NULL),
(252,'东沙群岛','442101','city','440000','2019-02-28 17:16:58',NULL),
(253,'潮州市','445100','city','440000','2019-02-28 17:16:58',NULL),
(254,'揭阳市','445200','city','440000','2019-02-28 17:16:58',NULL),
(255,'云浮市','445300','city','440000','2019-02-28 17:16:58',NULL),
(256,'南宁市','450100','city','450000','2019-02-28 17:16:58',NULL),
(257,'柳州市','450200','city','450000','2019-02-28 17:16:58',NULL),
(258,'桂林市','450300','city','450000','2019-02-28 17:16:58',NULL),
(259,'梧州市','450400','city','450000','2019-02-28 17:16:58',NULL),
(260,'北海市','450500','city','450000','2019-02-28 17:16:58',NULL),
(261,'防城港市','450600','city','450000','2019-02-28 17:16:58',NULL),
(262,'钦州市','450700','city','450000','2019-02-28 17:16:58',NULL),
(263,'贵港市','450800','city','450000','2019-02-28 17:16:58',NULL),
(264,'玉林市','450900','city','450000','2019-02-28 17:16:58',NULL),
(265,'百色市','451000','city','450000','2019-02-28 17:16:58',NULL),
(266,'贺州市','451100','city','450000','2019-02-28 17:16:58',NULL),
(267,'河池市','451200','city','450000','2019-02-28 17:16:58',NULL),
(268,'来宾市','451300','city','450000','2019-02-28 17:16:58',NULL),
(269,'崇左市','451400','city','450000','2019-02-28 17:16:58',NULL),
(270,'海口市','460100','city','460000','2019-02-28 17:16:58',NULL),
(271,'三亚市','460200','city','460000','2019-02-28 17:16:58',NULL),
(272,'三沙市','460300','city','460000','2019-02-28 17:16:58',NULL),
(273,'五指山市','469001','city','460000','2019-02-28 17:16:58',NULL),
(274,'琼海市','469002','city','460000','2019-02-28 17:16:58',NULL),
(275,'儋州市','469003','city','460000','2019-02-28 17:16:58',NULL),
(276,'文昌市','469005','city','460000','2019-02-28 17:16:58',NULL),
(277,'万宁市','469006','city','460000','2019-02-28 17:16:58',NULL),
(278,'东方市','469007','city','460000','2019-02-28 17:16:58',NULL),
(279,'定安县','469025','city','460000','2019-02-28 17:16:58',NULL),
(280,'屯昌县','469026','city','460000','2019-02-28 17:16:58',NULL),
(281,'澄迈县','469027','city','460000','2019-02-28 17:16:58',NULL),
(282,'临高县','469028','city','460000','2019-02-28 17:16:58',NULL),
(283,'白沙黎族自治县','469030','city','460000','2019-02-28 17:16:58',NULL),
(284,'昌江黎族自治县','469031','city','460000','2019-02-28 17:16:58',NULL),
(285,'乐东黎族自治县','469033','city','460000','2019-02-28 17:16:58',NULL),
(286,'陵水黎族自治县','469034','city','460000','2019-02-28 17:16:58',NULL),
(287,'保亭黎族苗族自治县','469035','city','460000','2019-02-28 17:16:58',NULL),
(288,'琼中黎族苗族自治县','469036','city','460000','2019-02-28 17:16:58',NULL),
(289,'重庆市','500100','city','500000','2019-02-28 17:16:58',NULL),
(290,'成都市','510100','city','510000','2019-02-28 17:16:58',NULL),
(291,'自贡市','510300','city','510000','2019-02-28 17:16:58',NULL),
(292,'攀枝花市','510400','city','510000','2019-02-28 17:16:58',NULL),
(293,'泸州市','510500','city','510000','2019-02-28 17:16:58',NULL),
(294,'德阳市','510600','city','510000','2019-02-28 17:16:58',NULL),
(295,'绵阳市','510700','city','510000','2019-02-28 17:16:58',NULL),
(296,'广元市','510800','city','510000','2019-02-28 17:16:58',NULL),
(297,'遂宁市','510900','city','510000','2019-02-28 17:16:58',NULL),
(298,'内江市','511000','city','510000','2019-02-28 17:16:58',NULL),
(299,'乐山市','511100','city','510000','2019-02-28 17:16:58',NULL),
(300,'南充市','511300','city','510000','2019-02-28 17:16:58',NULL),
(301,'眉山市','511400','city','510000','2019-02-28 17:16:58',NULL),
(302,'宜宾市','511500','city','510000','2019-02-28 17:16:58',NULL),
(303,'广安市','511600','city','510000','2019-02-28 17:16:58',NULL),
(304,'达州市','511700','city','510000','2019-02-28 17:16:58',NULL),
(305,'雅安市','511800','city','510000','2019-02-28 17:16:58',NULL),
(306,'巴中市','511900','city','510000','2019-02-28 17:16:58',NULL),
(307,'资阳市','512000','city','510000','2019-02-28 17:16:58',NULL),
(308,'阿坝藏族羌族自治州','513200','city','510000','2019-02-28 17:16:58',NULL),
(309,'甘孜藏族自治州','513300','city','510000','2019-02-28 17:16:58',NULL),
(310,'凉山彝族自治州','513400','city','510000','2019-02-28 17:16:58',NULL),
(311,'贵阳市','520100','city','520000','2019-02-28 17:16:58',NULL),
(312,'六盘水市','520200','city','520000','2019-02-28 17:16:58',NULL),
(313,'遵义市','520300','city','520000','2019-02-28 17:16:58',NULL),
(314,'安顺市','520400','city','520000','2019-02-28 17:16:58',NULL),
(315,'铜仁市','522200','city','520000','2019-02-28 17:16:58',NULL),
(316,'黔西南布依族苗族自治州','522300','city','520000','2019-02-28 17:16:58',NULL),
(317,'毕节市','522400','city','520000','2019-02-28 17:16:58',NULL),
(318,'黔东南苗族侗族自治州','522600','city','520000','2019-02-28 17:16:58',NULL),
(319,'黔南布依族苗族自治州','522700','city','520000','2019-02-28 17:16:58',NULL),
(320,'昆明市','530100','city','530000','2019-02-28 17:16:58',NULL),
(321,'曲靖市','530300','city','530000','2019-02-28 17:16:58',NULL),
(322,'玉溪市','530400','city','530000','2019-02-28 17:16:58',NULL),
(323,'保山市','530500','city','530000','2019-02-28 17:16:58',NULL),
(324,'昭通市','530600','city','530000','2019-02-28 17:16:58',NULL),
(325,'丽江市','530700','city','530000','2019-02-28 17:16:58',NULL),
(326,'普洱市','530800','city','530000','2019-02-28 17:16:58',NULL),
(327,'临沧市','530900','city','530000','2019-02-28 17:16:58',NULL),
(328,'楚雄彝族自治州','532300','city','530000','2019-02-28 17:16:58',NULL),
(329,'红河哈尼族彝族自治州','532500','city','530000','2019-02-28 17:16:58',NULL),
(330,'文山壮族苗族自治州','532600','city','530000','2019-02-28 17:16:58',NULL),
(331,'西双版纳傣族自治州','532800','city','530000','2019-02-28 17:16:58',NULL),
(332,'大理白族自治州','532900','city','530000','2019-02-28 17:16:58',NULL),
(333,'德宏傣族景颇族自治州','533100','city','530000','2019-02-28 17:16:58',NULL),
(334,'怒江傈僳族自治州','533300','city','530000','2019-02-28 17:16:58',NULL),
(335,'迪庆藏族自治州','533400','city','530000','2019-02-28 17:16:58',NULL),
(336,'拉萨市','540100','city','540000','2019-02-28 17:16:58',NULL),
(337,'昌都地区','542100','city','540000','2019-02-28 17:16:58',NULL),
(338,'山南地区','542200','city','540000','2019-02-28 17:16:58',NULL),
(339,'日喀则地区','542300','city','540000','2019-02-28 17:16:58',NULL),
(340,'那曲地区','542400','city','540000','2019-02-28 17:16:58',NULL),
(341,'阿里地区','542500','city','540000','2019-02-28 17:16:58',NULL),
(342,'林芝地区','542600','city','540000','2019-02-28 17:16:58',NULL),
(343,'西安市','610100','city','610000','2019-02-28 17:16:58',NULL),
(344,'铜川市','610200','city','610000','2019-02-28 17:16:58',NULL),
(345,'宝鸡市','610300','city','610000','2019-02-28 17:16:58',NULL),
(346,'咸阳市','610400','city','610000','2019-02-28 17:16:58',NULL),
(347,'渭南市','610500','city','610000','2019-02-28 17:16:58',NULL),
(348,'延安市','610600','city','610000','2019-02-28 17:16:58',NULL),
(349,'汉中市','610700','city','610000','2019-02-28 17:16:58',NULL),
(350,'榆林市','610800','city','610000','2019-02-28 17:16:58',NULL),
(351,'安康市','610900','city','610000','2019-02-28 17:16:58',NULL),
(352,'商洛市','611000','city','610000','2019-02-28 17:16:58',NULL),
(353,'兰州市','620100','city','620000','2019-02-28 17:16:58',NULL),
(354,'嘉峪关市','620200','city','620000','2019-02-28 17:16:58',NULL),
(355,'金昌市','620300','city','620000','2019-02-28 17:16:58',NULL),
(356,'白银市','620400','city','620000','2019-02-28 17:16:58',NULL),
(357,'天水市','620500','city','620000','2019-02-28 17:16:58',NULL),
(358,'武威市','620600','city','620000','2019-02-28 17:16:58',NULL),
(359,'张掖市','620700','city','620000','2019-02-28 17:16:58',NULL),
(360,'平凉市','620800','city','620000','2019-02-28 17:16:58',NULL),
(361,'酒泉市','620900','city','620000','2019-02-28 17:16:58',NULL),
(362,'庆阳市','621000','city','620000','2019-02-28 17:16:58',NULL),
(363,'定西市','621100','city','620000','2019-02-28 17:16:58',NULL),
(364,'陇南市','621200','city','620000','2019-02-28 17:16:58',NULL),
(365,'临夏回族自治州','622900','city','620000','2019-02-28 17:16:58',NULL),
(366,'甘南藏族自治州','623000','city','620000','2019-02-28 17:16:58',NULL),
(367,'西宁市','630100','city','630000','2019-02-28 17:16:58',NULL),
(368,'海东市','632100','city','630000','2019-02-28 17:16:58',NULL),
(369,'海北藏族自治州','632200','city','630000','2019-02-28 17:16:58',NULL),
(370,'黄南藏族自治州','632300','city','630000','2019-02-28 17:16:58',NULL),
(371,'海南藏族自治州','632500','city','630000','2019-02-28 17:16:58',NULL),
(372,'果洛藏族自治州','632600','city','630000','2019-02-28 17:16:58',NULL),
(373,'玉树藏族自治州','632700','city','630000','2019-02-28 17:16:58',NULL),
(374,'海西蒙古族藏族自治州','632800','city','630000','2019-02-28 17:16:58',NULL),
(375,'银川市','640100','city','640000','2019-02-28 17:16:58',NULL),
(376,'石嘴山市','640200','city','640000','2019-02-28 17:16:58',NULL),
(377,'吴忠市','640300','city','640000','2019-02-28 17:16:58',NULL),
(378,'固原市','640400','city','640000','2019-02-28 17:16:58',NULL),
(379,'中卫市','640500','city','640000','2019-02-28 17:16:58',NULL),
(380,'乌鲁木齐市','650100','city','650000','2019-02-28 17:16:58',NULL),
(381,'克拉玛依市','650200','city','650000','2019-02-28 17:16:58',NULL),
(382,'吐鲁番地区','652100','city','650000','2019-02-28 17:16:58',NULL),
(383,'哈密地区','652200','city','650000','2019-02-28 17:16:58',NULL),
(384,'昌吉回族自治州','652300','city','650000','2019-02-28 17:16:58',NULL),
(385,'博尔塔拉蒙古自治州','652700','city','650000','2019-02-28 17:16:58',NULL),
(386,'巴音郭楞蒙古自治州','652800','city','650000','2019-02-28 17:16:58',NULL),
(387,'阿克苏地区','652900','city','650000','2019-02-28 17:16:58',NULL),
(388,'克孜勒苏柯尔克孜自治州','653000','city','650000','2019-02-28 17:16:58',NULL),
(389,'喀什地区','653100','city','650000','2019-02-28 17:16:58',NULL),
(390,'和田地区','653200','city','650000','2019-02-28 17:16:58',NULL),
(391,'伊犁哈萨克自治州','654000','city','650000','2019-02-28 17:16:58',NULL),
(392,'塔城地区','654200','city','650000','2019-02-28 17:16:58',NULL),
(393,'阿勒泰地区','654300','city','650000','2019-02-28 17:16:58',NULL),
(394,'石河子市','659001','city','650000','2019-02-28 17:16:58',NULL),
(395,'阿拉尔市','659002','city','650000','2019-02-28 17:16:58',NULL),
(396,'图木舒克市','659003','city','650000','2019-02-28 17:16:58',NULL),
(397,'五家渠市','659004','city','650000','2019-02-28 17:16:58',NULL),
(398,'台北市','710100','city','710000','2019-02-28 17:16:58',NULL),
(399,'高雄市','710200','city','710000','2019-02-28 17:16:58',NULL),
(400,'台南市','710300','city','710000','2019-02-28 17:16:58',NULL),
(401,'台中市','710400','city','710000','2019-02-28 17:16:58',NULL),
(402,'金门县','710500','city','710000','2019-02-28 17:16:58',NULL),
(403,'南投县','710600','city','710000','2019-02-28 17:16:58',NULL),
(404,'基隆市','710700','city','710000','2019-02-28 17:16:58',NULL),
(405,'新竹市','710800','city','710000','2019-02-28 17:16:58',NULL),
(406,'嘉义市','710900','city','710000','2019-02-28 17:16:58',NULL),
(407,'新北市','711100','city','710000','2019-02-28 17:16:58',NULL),
(408,'宜兰县','711200','city','710000','2019-02-28 17:16:58',NULL),
(409,'新竹县','711300','city','710000','2019-02-28 17:16:58',NULL),
(410,'桃园县','711400','city','710000','2019-02-28 17:16:58',NULL),
(411,'苗栗县','711500','city','710000','2019-02-28 17:16:58',NULL),
(412,'彰化县','711700','city','710000','2019-02-28 17:16:58',NULL),
(413,'嘉义县','711900','city','710000','2019-02-28 17:16:58',NULL),
(414,'云林县','712100','city','710000','2019-02-28 17:16:58',NULL),
(415,'屏东县','712400','city','710000','2019-02-28 17:16:58',NULL),
(416,'台东县','712500','city','710000','2019-02-28 17:16:58',NULL),
(417,'花莲县','712600','city','710000','2019-02-28 17:16:58',NULL),
(418,'澎湖县','712700','city','710000','2019-02-28 17:16:58',NULL),
(419,'连江县','712800','city','710000','2019-02-28 17:16:58',NULL),
(420,'香港岛','810100','city','810000','2019-02-28 17:16:58',NULL),
(421,'九龙','810200','city','810000','2019-02-28 17:16:58',NULL),
(422,'新界','810300','city','810000','2019-02-28 17:16:58',NULL),
(423,'澳门半岛','820100','city','820000','2019-02-28 17:16:58',NULL),
(424,'离岛','820200','city','820000','2019-02-28 17:16:58',NULL);

/*Table structure for table `sys_role` */

DROP TABLE IF EXISTS `sys_role`;

CREATE TABLE `sys_role` (
  `id` bigint(20) NOT NULL COMMENT '角色主键ID',
  `role_code` varchar(32) NOT NULL COMMENT '角色编码',
  `role_name` varchar(64) NOT NULL COMMENT '角色名称',
  `role_description` varchar(256) DEFAULT NULL COMMENT '角色描述',
  `create_time` timestamp NOT NULL DEFAULT CURRENT_TIMESTAMP COMMENT '创建时间',
  `update_time` timestamp NULL DEFAULT NULL ON UPDATE CURRENT_TIMESTAMP COMMENT '修改时间',
  PRIMARY KEY (`id`) USING BTREE,
  UNIQUE KEY `idx_role_code` (`role_code`) USING BTREE
) ENGINE=InnoDB DEFAULT CHARSET=utf8mb4 ROW_FORMAT=DYNAMIC COMMENT='角色表';

/*Data for the table `sys_role` */

insert  into `sys_role`(`id`,`role_code`,`role_name`,`role_description`,`create_time`,`update_time`) values 
(685031431038488576,'ROLE_VOLUNTEER','志愿者','查看修改数据','2020-01-05 15:50:22','2022-03-07 09:59:30'),
(920487639585865728,'ROLE_EAC_ADMIN','EAC超管','超级管理角色','2021-12-15 09:29:16','2022-03-02 16:09:19'),
(923835696192430080,'ROLE_MANAGER','管理员','系统管理角色','2021-12-24 15:13:16','2022-03-07 09:57:35'),
(927761105269473280,'ROLE_AGENT','义诊负责人','处理平台业务','2022-01-04 11:11:34','2022-03-07 09:57:54');

/*Table structure for table `sys_role_data` */

DROP TABLE IF EXISTS `sys_role_data`;

CREATE TABLE `sys_role_data` (
  `id` bigint(20) NOT NULL COMMENT '角色与过滤数据关联主键ID',
  `role_code` varchar(32) NOT NULL COMMENT '角色编码',
  `menu_code` varchar(32) NOT NULL COMMENT '菜单编码',
  `data_field` varchar(40) NOT NULL COMMENT '过滤数据',
  PRIMARY KEY (`id`) USING BTREE
) ENGINE=InnoDB DEFAULT CHARSET=utf8mb4;

/*Data for the table `sys_role_data` */

/*Table structure for table `sys_role_menu` */

DROP TABLE IF EXISTS `sys_role_menu`;

CREATE TABLE `sys_role_menu` (
  `id` bigint(20) NOT NULL COMMENT '角色与菜单关联主键ID',
  `role_id` bigint(20) NOT NULL COMMENT '角色主键ID',
  `menu_id` bigint(20) NOT NULL COMMENT '菜单主键ID',
  PRIMARY KEY (`id`) USING BTREE
) ENGINE=InnoDB DEFAULT CHARSET=utf8mb4 ROW_FORMAT=DYNAMIC COMMENT='角色与菜单关联表';

/*Data for the table `sys_role_menu` */

insert  into `sys_role_menu`(`id`,`role_id`,`menu_id`) values 
(1060086888050688,685031431038488576,663854683370475520),
(1060087278120960,685031431038488576,663750580350930944),
(1060087693357056,685031431038488576,687514791186976768),
(1060088326696960,685031431038488576,877680759448522741),
(1060089991835648,685031431038488576,663854974853632000),
(1060090419654656,685031431038488576,665198396457799680),
(1060090847473664,685031431038488576,687563817764704256),
(1060091237543936,685031431038488576,665198241801228288),
(1060091711500288,685031431038488576,665197875319721984),
(1060093347278848,685031431038488576,950552519389884416),
(1060093791875072,685031431038488576,665198079427137536),
(2994639574056960,920487639585865728,663857014669496320),
(2994639985098752,920487639585865728,687514791186976768),
(2994640387751936,920487639585865728,877680759448522741),
(2994640790405120,920487639585865728,663855944106954752),
(2994641188864000,920487639585865728,950554119093235712),
(2994641599905792,920487639585865728,699081036910743552),
(2994642023530496,920487639585865728,665197875319721984),
(2994642426183680,920487639585865728,663856793264771072),
(2994642854002688,920487639585865728,880405761124388864),
(2994643286016000,920487639585865728,663750580350930944),
(2994643680280576,920487639585865728,950553315959517184),
(2994644087128064,920487639585865728,684185040317763584),
(2994644502364160,920487639585865728,663856139884482560),
(2994644896628736,920487639585865728,665198396457799680),
(2994645299281920,920487639585865728,663857253375725568),
(2994645701935104,920487639585865728,665496626324230144),
(2994646096199680,920487639585865728,950552519389884416),
(2994646503047168,920487639585865728,665198079427137536),
(2994646918283264,920487639585865728,663855709905408045),
(2994647316742144,920487639585865728,877680415171661824),
(2994647711006720,920487639585865728,663854683370475520),
(2994648117854208,920487639585865728,663854974853632000),
(2994648516313088,920487639585865728,690019670816116736),
(2994648914771968,920487639585865728,663856370193715200),
(2994649313230848,920487639585865728,687563817764704256),
(2994649715884032,920487639585865728,893319636001935479),
(2994650114342912,920487639585865728,950553687654543360),
(2994650521190400,920487639585865728,893319636001935477),
(2994650928037888,920487639585865728,663855709905408000),
(2994651322302464,920487639585865728,663868640676204544),
(2994651724955648,920487639585865728,820207211942170624),
(2994652127608832,920487639585865728,665198241801228288),
(2994652526067712,920487639585865728,663855492212641792),
(2994652928720896,920487639585865728,663856596409307136),
(8688231187263488,927761105269473280,663854683370475520),
(8688231606693888,927761105269473280,687514791186976768),
(8688232034512896,927761105269473280,877680759448522741),
(8688232437166080,927761105269473280,663854974853632000),
(8688232844013568,927761105269473280,687563817764704256),
(8688233271832576,927761105269473280,665197875319721984),
(8688233821286400,927761105269473280,880405761124388864),
(8688234232328192,927761105269473280,663750580350930944),
(8688234660147200,927761105269473280,663868640676204544),
(8688235083771904,927761105269473280,665198396457799680),
(8688235519979520,927761105269473280,665198241801228288),
(8688235956187136,927761105269473280,950552519389884416),
(8688236384006144,927761105269473280,665198079427137536),
(8688236820213760,927761105269473280,877680415171661824),
(950557047023611904,923835696192430080,692361087815176192),
(950557047405293568,923835696192430080,663854683370475520),
(950557047795363840,923835696192430080,687514791186976768),
(950557048177045504,923835696192430080,877680759448522741),
(950557048558727168,923835696192430080,663854974853632000),
(950557048978157568,923835696192430080,950554119093235712),
(950557049380810752,923835696192430080,687563817764704256),
(950557049770881024,923835696192430080,665197875319721984),
(950557050156756992,923835696192430080,893319636001935479),
(950557050567798784,923835696192430080,950553687654543360),
(950557050949480448,923835696192430080,893319636001935477),
(950557051343745024,923835696192430080,663855709905408000),
(950557051733815296,923835696192430080,880405761124388864),
(950557052149051392,923835696192430080,663750580350930944),
(950557052564287488,923835696192430080,663868640676204544),
(950557052950163456,923835696192430080,950553315959517184),
(950557053344428032,923835696192430080,665198396457799680),
(950557054372032512,923835696192430080,665198241801228288),
(950557056121057280,923835696192430080,663855492212641792),
(950557056519516160,923835696192430080,950552519389884416),
(950557056926363648,923835696192430080,665198079427137536),
(950557057354182656,923835696192430080,877680415171661824);

/*Table structure for table `sys_role_menubutton` */

DROP TABLE IF EXISTS `sys_role_menubutton`;

CREATE TABLE `sys_role_menubutton` (
  `id` bigint(20) NOT NULL COMMENT '角色与菜单按钮关联主键ID',
  `role_code` varchar(32) NOT NULL COMMENT '角色编码',
  `menu_button` varchar(40) NOT NULL COMMENT '菜单按钮',
  PRIMARY KEY (`id`) USING BTREE
) ENGINE=InnoDB DEFAULT CHARSET=utf8mb4 ROW_FORMAT=DYNAMIC COMMENT='角色与菜单按钮关联表';

/*Data for the table `sys_role_menubutton` */

insert  into `sys_role_menubutton`(`id`,`role_code`,`menu_button`) values 
(690898181374267392,'ROLE_ANONYMOUS','mynotification:view'),
(690898181474930688,'ROLE_ANONYMOUS','sysrole:add'),
(690898181567205376,'ROLE_ANONYMOUS','sysrole:update'),
(690898181659480064,'ROLE_ANONYMOUS','sysrole:delete'),
(690898181751754752,'ROLE_ANONYMOUS','sysrole:export'),
(690898181848223744,'ROLE_ANONYMOUS','sysrole:authorize'),
(690898181953081344,'ROLE_ANONYMOUS','sysurl:update'),
(690898182041161728,'ROLE_ANONYMOUS','sysurl:add'),
(690898182137630720,'ROLE_ANONYMOUS','sysurl:delete'),
(690898182234099712,'ROLE_ANONYMOUS','sysurl:export'),
(690898182326374400,'ROLE_ANONYMOUS','sysurl:authorize'),
(690898182422843392,'ROLE_ANONYMOUS','datapermission:authorize'),
(690898182515118080,'ROLE_ANONYMOUS','sysuser:delete'),
(690898182624169984,'ROLE_ANONYMOUS','sysuser:export'),
(690898182708056064,'ROLE_ANONYMOUS','sysuser:add'),
(690898182804525056,'ROLE_ANONYMOUS','sysuser:update'),
(690898182905188352,'ROLE_ANONYMOUS','sysmenu:add'),
(690898183001657344,'ROLE_ANONYMOUS','sysmenu:update'),
(690898183098126336,'ROLE_ANONYMOUS','sysmenu:delete'),
(690898183190401024,'ROLE_ANONYMOUS','sysmenu:export'),
(690898183291064320,'ROLE_ANONYMOUS','sysorg:export'),
(690898183383339008,'ROLE_ANONYMOUS','sysorg:add'),
(690898183492390912,'ROLE_ANONYMOUS','sysorg:update'),
(690898183593054208,'ROLE_ANONYMOUS','sysorg:delete'),
(690898183714689024,'ROLE_ANONYMOUS','sysdict:delete'),
(690898183806963712,'ROLE_ANONYMOUS','sysdict:add'),
(690898183907627008,'ROLE_ANONYMOUS','sysdict:update'),
(690898183999901696,'ROLE_ANONYMOUS','sysdict:export'),
(690898184092176384,'ROLE_ANONYMOUS','sysregion:export'),
(690898184197033984,'ROLE_ANONYMOUS','sysregion:delete'),
(690898184297697280,'ROLE_ANONYMOUS','sysregion:update'),
(690898184385777664,'ROLE_ANONYMOUS','sysregion:add'),
(690898184490635264,'ROLE_ANONYMOUS','sysparam:update'),
(690898184599687168,'ROLE_ANONYMOUS','sysparam:add'),
(690898184691961856,'ROLE_ANONYMOUS','sysparam:delete'),
(690898184792625152,'ROLE_ANONYMOUS','sysparam:export'),
(690898184897482752,'ROLE_ANONYMOUS','notification:add'),
(690898185010728960,'ROLE_ANONYMOUS','notification:update'),
(690898185098809344,'ROLE_ANONYMOUS','notification:delete'),
(690898185199472640,'ROLE_ANONYMOUS','systenant:delete'),
(690898185300135936,'ROLE_ANONYMOUS','systenant:export'),
(690898185396604928,'ROLE_ANONYMOUS','systenant:update'),
(690898185484685312,'ROLE_ANONYMOUS','systenant:add'),
(690898185589542912,'ROLE_ANONYMOUS','startprocess:start'),
(690898185694400512,'ROLE_ANONYMOUS','startprocess:preview'),
(690898185782480896,'ROLE_ANONYMOUS','myprocess:track'),
(690898185887338496,'ROLE_ANONYMOUS','candidatetask:track'),
(690898185979613184,'ROLE_ANONYMOUS','candidatetask:assign'),
(690898186076082176,'ROLE_ANONYMOUS','assigneetask:track'),
(690898186168356864,'ROLE_ANONYMOUS','assigneetask:complete'),
(690898186269020160,'ROLE_ANONYMOUS','assigneetask:delegate'),
(690898186373877760,'ROLE_ANONYMOUS','assigneetask:regress'),
(690898186487123968,'ROLE_ANONYMOUS','assigneetask:reject'),
(690898186579398656,'ROLE_ANONYMOUS','assigneetask:terminate'),
(690898186675867648,'ROLE_ANONYMOUS','finishedtask:track'),
(690898186768142336,'ROLE_ANONYMOUS','model:update'),
(690898186881388544,'ROLE_ANONYMOUS','model:add'),
(690898186982051840,'ROLE_ANONYMOUS','model:delete'),
(690898187074326528,'ROLE_ANONYMOUS','model:design'),
(690898187174989824,'ROLE_ANONYMOUS','model:deploy'),
(690898187267264512,'ROLE_ANONYMOUS','deployment:delete'),
(690898187372122112,'ROLE_ANONYMOUS','deployment:preview'),
(690898187476979712,'ROLE_ANONYMOUS','deployment:download'),
(690898187586031616,'ROLE_ANONYMOUS','processdefinition:activate'),
(690898187720249344,'ROLE_ANONYMOUS','processdefinition:suspend'),
(690898187820912640,'ROLE_ANONYMOUS','processdefinition:preview'),
(690898187921575936,'ROLE_ANONYMOUS','processdefinition:download'),
(690898188013850624,'ROLE_ANONYMOUS','processinstance:execution'),
(690898188106125312,'ROLE_ANONYMOUS','processinstance:activate'),
(690898188206788608,'ROLE_ANONYMOUS','processinstance:suspend'),
(690898188299063296,'ROLE_ANONYMOUS','processinstance:track'),
(690898188395532288,'ROLE_ANONYMOUS','processinstance:delete'),
(690898188492001280,'ROLE_ANONYMOUS','task:track'),
(690898188596858880,'ROLE_ANONYMOUS','task:execution'),
(690898188701716480,'ROLE_ANONYMOUS','historicprocessinstance:delete'),
(690898188789796864,'ROLE_ANONYMOUS','historicprocessinstance:activity'),
(690898188882071552,'ROLE_ANONYMOUS','historicprocessinstance:detail'),
(690898188995317760,'ROLE_ANONYMOUS','historicprocessinstance:variable'),
(690898189154701312,'ROLE_ANONYMOUS','historictaskinstance:delete'),
(690898189246976000,'ROLE_ANONYMOUS','uploaddownload:delete'),
(690898189347639296,'ROLE_ANONYMOUS','uploaddownload:upload'),
(690898189448302592,'ROLE_ANONYMOUS','uploaddownload:download'),
(690898189540577280,'ROLE_ANONYMOUS','generator:generate'),
(928101200543531008,'ROLE_BASE','sysrole:add'),
(928101200660971520,'ROLE_BASE','sysrole:update'),
(928101200686137344,'ROLE_BASE','sysrole:authorize'),
(928101200715497472,'ROLE_BASE','sysurl:add'),
(928101200740663296,'ROLE_BASE','sysurl:update'),
(928101200770023424,'ROLE_BASE','sysurl:authorize'),
(928101200795189248,'ROLE_BASE','sysuser:add'),
(928101200820355072,'ROLE_BASE','sysuser:update'),
(928101200845520896,'ROLE_BASE','sysmenu:add'),
(928101200874881024,'ROLE_BASE','sysmenu:update'),
(928101200916824064,'ROLE_BASE','sysregion:add'),
(928101200967155712,'ROLE_BASE','sysregion:update'),
(948471647522140160,'ROLE_MANAGER','mynotification:view'),
(948471647564083200,'ROLE_MANAGER','sysuser:add'),
(948471647593443328,'ROLE_MANAGER','sysuser:update'),
(948471647626997760,'ROLE_MANAGER','sysuser:delete'),
(948471647660552192,'ROLE_MANAGER','sysuser:export'),
(948471647698300928,'ROLE_MANAGER','syspost:add'),
(948471647752826880,'ROLE_MANAGER','syspost:update'),
(948471647782187008,'ROLE_MANAGER','syspost:delete'),
(948471647824130048,'ROLE_MANAGER','syspost:export'),
(948471647853490176,'ROLE_MANAGER','sysmenu:add'),
(948471647891238912,'ROLE_MANAGER','sysmenu:update'),
(948471647920599040,'ROLE_MANAGER','sysmenu:delete'),
(948471647954153472,'ROLE_MANAGER','sysmenu:export'),
(948471647979319296,'ROLE_MANAGER','sysorg:add'),
(948471648012873728,'ROLE_MANAGER','sysorg:update'),
(948471648046428160,'ROLE_MANAGER','sysorg:delete'),
(948471648075788288,'ROLE_MANAGER','sysorg:export'),
(948471648117731328,'ROLE_MANAGER','sysdict:add'),
(948471648155480064,'ROLE_MANAGER','sysdict:update'),
(948471648205811712,'ROLE_MANAGER','sysdict:delete'),
(948471648247754752,'ROLE_MANAGER','sysdict:export'),
(948471648319057920,'ROLE_MANAGER','sysregion:add'),
(948471648348418048,'ROLE_MANAGER','sysregion:update'),
(948471648381972480,'ROLE_MANAGER','sysregion:delete'),
(948471648411332608,'ROLE_MANAGER','sysregion:export'),
(948471648436498432,'ROLE_MANAGER','sysparam:add'),
(948471648465858560,'ROLE_MANAGER','sysparam:update'),
(948471648507801600,'ROLE_MANAGER','sysparam:delete'),
(948471648537161728,'ROLE_MANAGER','sysparam:export'),
(948471648570716160,'ROLE_MANAGER','notification:add'),
(948471648608464896,'ROLE_MANAGER','notification:update'),
(948471648667185152,'ROLE_MANAGER','notification:delete'),
(948471648700739584,'ROLE_MANAGER','appclient:add'),
(948471648746876928,'ROLE_MANAGER','appclient:update'),
(948471648776237056,'ROLE_MANAGER','appclient:delete'),
(948471648818180096,'ROLE_MANAGER','appclient:export'),
(948471708226301952,'ROLE_AGENT','mynotification:view'),
(948491758007005184,'ROLE_EAC_ADMIN','mynotification:view'),
(948491758040559616,'ROLE_EAC_ADMIN','sysrole:add'),
(948491758107668480,'ROLE_EAC_ADMIN','sysrole:update'),
(948491758149611520,'ROLE_EAC_ADMIN','sysrole:delete'),
(948491758195748864,'ROLE_EAC_ADMIN','sysrole:export'),
(948491758241886208,'ROLE_EAC_ADMIN','sysrole:authorize'),
(948491758283829248,'ROLE_EAC_ADMIN','sysrole:upload'),
(948491758334160896,'ROLE_EAC_ADMIN','sysurl:add'),
(948491758376103936,'ROLE_EAC_ADMIN','sysurl:update'),
(948491758413852672,'ROLE_EAC_ADMIN','sysurl:delete'),
(948491758472572928,'ROLE_EAC_ADMIN','sysurl:export'),
(948491758531293184,'ROLE_EAC_ADMIN','sysurl:authorize'),
(948491758577430528,'ROLE_EAC_ADMIN','datapermission:authorize'),
(948491758636150784,'ROLE_EAC_ADMIN','sysuser:add'),
(948491758669705216,'ROLE_EAC_ADMIN','sysuser:update'),
(948491758732619776,'ROLE_EAC_ADMIN','sysuser:delete'),
(948491758795534336,'ROLE_EAC_ADMIN','sysuser:export'),
(948491758858448896,'ROLE_EAC_ADMIN','syspost:add'),
(948491758912974848,'ROLE_EAC_ADMIN','syspost:update'),
(948491758975889408,'ROLE_EAC_ADMIN','syspost:delete'),
(948491759034609664,'ROLE_EAC_ADMIN','syspost:export'),
(948491759084941312,'ROLE_EAC_ADMIN','sysmenu:add'),
(948491759152050176,'ROLE_EAC_ADMIN','sysmenu:update'),
(948491759185604608,'ROLE_EAC_ADMIN','sysmenu:delete'),
(948491759223353344,'ROLE_EAC_ADMIN','sysmenu:export'),
(948491759344988160,'ROLE_EAC_ADMIN','sysorg:add'),
(948491759420485632,'ROLE_EAC_ADMIN','sysorg:update'),
(948491759479205888,'ROLE_EAC_ADMIN','sysorg:delete'),
(948491759533731840,'ROLE_EAC_ADMIN','sysorg:export'),
(948491759600840704,'ROLE_EAC_ADMIN','sysdict:add'),
(948491759659560960,'ROLE_EAC_ADMIN','sysdict:update'),
(948491759714086912,'ROLE_EAC_ADMIN','sysdict:delete'),
(948491759772807168,'ROLE_EAC_ADMIN','sysdict:export'),
(948491759860887552,'ROLE_EAC_ADMIN','sysregion:add'),
(948491759898636288,'ROLE_EAC_ADMIN','sysregion:update'),
(948491759948967936,'ROLE_EAC_ADMIN','sysregion:delete'),
(948491760007688192,'ROLE_EAC_ADMIN','sysregion:export'),
(948491760078991360,'ROLE_EAC_ADMIN','sysparam:add'),
(948491760125128704,'ROLE_EAC_ADMIN','sysparam:update'),
(948491760175460352,'ROLE_EAC_ADMIN','sysparam:delete'),
(948491760217403392,'ROLE_EAC_ADMIN','sysparam:export'),
(948491760326455296,'ROLE_EAC_ADMIN','notification:add'),
(948491760385175552,'ROLE_EAC_ADMIN','notification:update'),
(948491760435507200,'ROLE_EAC_ADMIN','notification:delete'),
(948491760469061632,'ROLE_EAC_ADMIN','appclient:add'),
(948491760511004672,'ROLE_EAC_ADMIN','appclient:update'),
(948491760548753408,'ROLE_EAC_ADMIN','appclient:delete'),
(948491760586502144,'ROLE_EAC_ADMIN','appclient:export');

/*Table structure for table `sys_role_url` */

DROP TABLE IF EXISTS `sys_role_url`;

CREATE TABLE `sys_role_url` (
  `id` bigint(20) NOT NULL COMMENT '接口与角色关联主键ID',
  `url_id` bigint(20) NOT NULL COMMENT '接口主键ID',
  `role_id` bigint(20) NOT NULL COMMENT '角色主键ID',
  PRIMARY KEY (`id`) USING BTREE
) ENGINE=InnoDB DEFAULT CHARSET=utf8mb4 ROW_FORMAT=DYNAMIC COMMENT='接口与角色关联表';

/*Data for the table `sys_role_url` */

insert  into `sys_role_url`(`id`,`url_id`,`role_id`) values 
(948491340115914752,866923219364794368,920487639585865728),
(948491340149469184,866922916242444288,920487639585865728),
(948491340296269824,836566758139023360,920487639585865728),
(948491340363378688,836418395028508672,920487639585865728),
(948491340438876160,836418270218604544,920487639585865728),
(948491340535345152,836418135250096128,920487639585865728),
(948491340577288192,836417996439605248,920487639585865728),
(948491340682145792,836417594256183296,920487639585865728),
(948491340715700224,820206643563646976,920487639585865728),
(948491340766031872,820206466547240960,920487639585865728),
(948491340858306560,790388051003494400,920487639585865728),
(948491340900249600,790387958623948800,920487639585865728),
(948491340946386944,785353565261975552,920487639585865728),
(948491341005107200,690750917917986816,920487639585865728),
(948491341076410368,690485368247996416,920487639585865728),
(948491341151907840,690382874859720704,920487639585865728),
(948491341223211008,690173141578076160,920487639585865728),
(948491341256765440,690135197945352192,920487639585865728),
(948491341319680000,690111008978948096,920487639585865728),
(948491341361623040,688745051211616256,920487639585865728),
(948491341411954688,688744859523534848,920487639585865728),
(948491341479063552,688682790149345280,920487639585865728),
(948491341558755328,684882948545499136,920487639585865728),
(948491341676195840,684882871139618816,920487639585865728),
(948491341743304704,684882799698038784,920487639585865728),
(948491341797830656,684882726352244736,920487639585865728),
(948491341848162304,684882639978942464,920487639585865728),
(948491341948825600,684882564108177408,920487639585865728),
(948491342049488896,684882482570907648,920487639585865728),
(948491342083043328,684882225053224960,920487639585865728),
(948491342116597760,684882140286341120,920487639585865728),
(948491342175318016,684881588437569536,920487639585865728),
(948491342213066752,684881491641421824,920487639585865728),
(948491342250815488,684881405427503104,920487639585865728),
(948491342288564224,684881326138380288,920487639585865728),
(948491342666051584,684881249260982272,920487639585865728),
(948491342712188928,684881171750244352,920487639585865728),
(948491342783492096,684881078250819584,920487639585865728),
(948491342913515520,684880978854203392,920487639585865728),
(948491342980624384,684880515022901248,920487639585865728),
(948491343043538944,684880444214661120,920487639585865728),
(948491343098064896,684880364602576896,920487639585865728),
(948491343404249088,684880293827891200,920487639585865728),
(948491343492329472,684880224517017600,920487639585865728),
(948491343559438336,684880149241843712,920487639585865728),
(948491343634935808,684880069084499968,920487639585865728),
(948491343773347840,684879626841280512,920487639585865728),
(948491343857233920,684879309210832896,920487639585865728),
(948491343899176960,684878768925757440,920487639585865728),
(948491344058560512,684878665326448640,920487639585865728),
(948491344482185216,684878582367309824,920487639585865728),
(948491344599625728,684878495394222080,920487639585865728),
(948491344763203584,684878411596222464,920487639585865728),
(948491344826118144,684878246143512576,920487639585865728),
(948491344893227008,684878135778791424,920487639585865728),
(948491344972918784,684771532190699520,920487639585865728),
(948491345178439680,684771462737219584,920487639585865728),
(948491345232965632,684771386413469696,920487639585865728),
(948491345295880192,684771320659365888,920487639585865728),
(948491345476235264,684771247170965504,920487639585865728),
(948491345568509952,684771168280301568,920487639585865728),
(948491345618841600,684771102517809152,920487639585865728),
(948491345711116288,684771029394313216,920487639585865728),
(948491345799196672,684770954010087424,920487639585865728),
(948491345950191616,684770585469177856,920487639585865728),
(948491346029883392,684770515940200448,920487639585865728),
(948491346138935296,684770436755935232,920487639585865728),
(948491346247987200,684770356900581376,920487639585865728),
(948491346323484672,684770137630756864,920487639585865728),
(948491346482868224,684769620938641408,920487639585865728),
(948491346587725824,684769547852894208,920487639585865728),
(948491346898104320,684769473689210880,920487639585865728),
(948491347359477760,684769405045231616,920487639585865728),
(948491347414003712,684769311214456832,920487639585865728),
(948491347485306880,684769228750245888,920487639585865728),
(948491347535638528,684769150585196544,920487639585865728),
(948491347577581568,684768417576046592,920487639585865728),
(948491347653079040,684768347812188160,920487639585865728),
(948491347686633472,684768272050475008,920487639585865728),
(948491347720187904,684768194908835840,920487639585865728),
(948491347753742336,684768109798019072,920487639585865728),
(948491347787296768,684767949105844224,920487639585865728),
(948491347837628416,684767840410456064,920487639585865728),
(948491347871182848,684767758093045760,920487639585865728),
(948491348168978432,684767185939648512,920487639585865728),
(948491348223504384,684767088023621632,920487639585865728),
(948491348294807552,684766992989081600,920487639585865728),
(948491348349333504,684766909853782016,920487639585865728),
(948491348416442368,684766829339922432,920487639585865728),
(948491348470968320,684766729536458752,920487639585865728),
(948491348521299968,684766600121208832,920487639585865728),
(948491348567437312,684766110310387712,920487639585865728),
(948491348609380352,933100469621280768,920487639585865728),
(948491348663906304,933100372237930496,920487639585865728),
(948491348735209472,933100303287767040,920487639585865728),
(948491348806512640,933094925514756096,920487639585865728),
(948491348844261376,933094816790007808,920487639585865728),
(948491349003644928,933094694576377856,920487639585865728),
(948491349070753792,933088079362052096,920487639585865728),
(948491349108502528,933087992674177024,920487639585865728),
(948491349213360128,933087909459185664,920487639585865728),
(948491349272080384,933075532718198784,920487639585865728),
(948491349385326592,933075422177316864,920487639585865728),
(948491349435658240,933075327990026240,920487639585865728),
(948491349515350016,933066564855844864,920487639585865728),
(948491349586653184,933066431560863744,920487639585865728),
(948491349662150656,933066353425174528,920487639585865728),
(948491349708288000,933053505546407936,920487639585865728),
(948491349783785472,933053385744502784,920487639585865728),
(948491349884448768,933053296959475712,920487639585865728),
(948491350014472192,933020706810548224,920487639585865728),
(948491350077386752,933020533388660736,920487639585865728),
(948491350178050048,933020370981015552,920487639585865728),
(948491350240964608,932944899123630080,920487639585865728),
(948491350299684864,932944730630049792,920487639585865728),
(948491350333239296,932944611578925056,920487639585865728),
(948491350375182336,932709120703123456,920487639585865728),
(948491350429708288,932708931829420032,920487639585865728),
(948491350471651328,932708823951921152,920487639585865728),
(948491350526177280,932651697812459520,920487639585865728),
(948491350593286144,931451830255669248,920487639585865728),
(948491350639423488,930771571755634688,920487639585865728),
(948491350702338048,841193942451408896,920487639585865728),
(948491350744281088,798064945379332096,920487639585865728),
(948491350865915904,798064739279622144,920487639585865728),
(948491350970773504,699090906305187840,920487639585865728),
(948491351029493760,699090853381459968,920487639585865728),
(948491351067242496,699090780341850112,920487639585865728),
(948491351121768448,699090650482003968,920487639585865728),
(948491351159517184,699082950205427712,920487639585865728),
(948491351201460224,692510664132317184,920487639585865728),
(948491351255986176,691916931959541760,920487639585865728),
(948491351402786816,684765849919606784,920487639585865728),
(948491351457312768,684765755581321216,920487639585865728),
(948491351495061504,684765368463839232,920487639585865728),
(948491351537004544,684765290013577216,920487639585865728),
(948491351578947584,684765185906757632,920487639585865728),
(948491351637667840,684764953525538816,920487639585865728),
(948491351683805184,684764200656359424,920487639585865728),
(948491351780274176,684764111070220288,920487639585865728),
(948491351864160256,684763362160463872,920487639585865728),
(948491351960629248,684763231684055040,920487639585865728),
(948491352036126720,684763121432580096,920487639585865728),
(948491352078069760,684763025919889408,920487639585865728),
(948491352107429888,684762891240787968,920487639585865728),
(948491352157761536,684762298745016320,920487639585865728),
(948491352195510272,684762152007290880,920487639585865728),
(948491352250036224,684761983555653632,920487639585865728),
(948491352321339392,684761661194031104,920487639585865728),
(948491352409419776,684761237170868224,920487639585865728),
(948491352447168512,684699656554729472,920487639585865728),
(948754395548839936,933020706810548224,923835696192430080),
(948754395582394368,933020533388660736,923835696192430080),
(948754395624337408,933020370981015552,923835696192430080),
(948754395670474752,932944899123630080,923835696192430080),
(948754395704029184,932944730630049792,923835696192430080),
(948754395741777920,932944611578925056,923835696192430080),
(948754395783720960,836566758139023360,923835696192430080),
(948754395813081088,836418395028508672,923835696192430080),
(948754395846635520,836418270218604544,923835696192430080),
(948754395964076032,836418135250096128,923835696192430080),
(948754395993436160,836417996439605248,923835696192430080),
(948754396031184896,836417594256183296,923835696192430080),
(948754396068933632,820206643563646976,923835696192430080),
(948754396110876672,820206466547240960,923835696192430080),
(948754396144431104,790388051003494400,923835696192430080),
(948754396173791232,691916931959541760,923835696192430080),
(948754396207345664,684882948545499136,923835696192430080),
(948754396236705792,684882871139618816,923835696192430080),
(948754396270260224,684882799698038784,923835696192430080),
(948754396303814656,684882726352244736,923835696192430080),
(948754396387700736,684882639978942464,923835696192430080),
(948754396425449472,684882564108177408,923835696192430080),
(948754396463198208,684882482570907648,923835696192430080),
(948754396496752640,684881588437569536,923835696192430080),
(948754396530307072,684881491641421824,923835696192430080),
(948754396563861504,684881405427503104,923835696192430080),
(948754396593221632,684881326138380288,923835696192430080),
(948754396626776064,684881249260982272,923835696192430080),
(948754396656136192,684881171750244352,923835696192430080),
(948754396689690624,684881078250819584,923835696192430080),
(948754396723245056,684880978854203392,923835696192430080),
(948754396756799488,684766110310387712,923835696192430080),
(948754396786159616,933100469621280768,923835696192430080),
(948754396823908352,933100372237930496,923835696192430080),
(948754396853268480,933100303287767040,923835696192430080),
(948754396891017216,933094925514756096,923835696192430080),
(948754396924571648,933094816790007808,923835696192430080),
(948754396958126080,933094694576377856,923835696192430080),
(948754396991680512,933088079362052096,923835696192430080),
(948754397021040640,933087992674177024,923835696192430080),
(948754397054595072,933087909459185664,923835696192430080),
(948754397088149504,933075532718198784,923835696192430080),
(948754397117509632,933075422177316864,923835696192430080),
(948754397151064064,933075327990026240,923835696192430080),
(948754397184618496,933066564855844864,923835696192430080),
(948754397222367232,933066431560863744,923835696192430080),
(948754397285281792,933066353425174528,923835696192430080),
(948754397323030528,933053505546407936,923835696192430080),
(948754397356584960,933053385744502784,923835696192430080),
(948754397402722304,933053296959475712,923835696192430080),
(948754397440471040,932709120703123456,923835696192430080),
(948754397474025472,932708931829420032,923835696192430080),
(948754397507579904,932708823951921152,923835696192430080),
(948754397536940032,932651697812459520,923835696192430080),
(948754397570494464,931451830255669248,923835696192430080),
(948754397604048896,930771571755634688,923835696192430080),
(948754397692129280,866923219364794368,923835696192430080),
(948754397721489408,866922916242444288,923835696192430080),
(948754397784403968,841193942451408896,923835696192430080),
(948754397817958400,798064945379332096,923835696192430080),
(948754397851512832,798064739279622144,923835696192430080),
(948754397885067264,790387958623948800,923835696192430080),
(948754397918621696,785353565261975552,923835696192430080),
(948754397956370432,699090906305187840,923835696192430080),
(948754397989924864,699090853381459968,923835696192430080),
(948754398027673600,699090780341850112,923835696192430080),
(948754398061228032,699090650482003968,923835696192430080),
(948754398094782464,699082950205427712,923835696192430080),
(948754398128336896,692510664132317184,923835696192430080),
(948754398161891328,690750917917986816,923835696192430080),
(948754398199640064,690485368247996416,923835696192430080),
(948754398266748928,690382874859720704,923835696192430080),
(948754398556155904,690173141578076160,923835696192430080),
(948754398593904640,690135197945352192,923835696192430080),
(948754398652624896,690111008978948096,923835696192430080),
(948754398694567936,688745051211616256,923835696192430080),
(948754398723928064,688744859523534848,923835696192430080),
(948754398757482496,688682790149345280,923835696192430080),
(948754398816202752,684882225053224960,923835696192430080),
(948754399013335040,684882140286341120,923835696192430080),
(948754399059472384,684880515022901248,923835696192430080),
(948754399105609728,684880444214661120,923835696192430080),
(948754399139164160,684880364602576896,923835696192430080),
(948754399176912896,684880293827891200,923835696192430080),
(948754399210467328,684880224517017600,923835696192430080),
(948754399239827456,684880149241843712,923835696192430080),
(948754399273381888,684880069084499968,923835696192430080),
(948754399306936320,684879626841280512,923835696192430080),
(948754399336296448,684879309210832896,923835696192430080),
(948754399374045184,684878768925757440,923835696192430080),
(948754399411793920,684878665326448640,923835696192430080),
(948754399445348352,684878582367309824,923835696192430080),
(948754399487291392,684878495394222080,923835696192430080),
(948754399525040128,684878411596222464,923835696192430080),
(948754399562788864,684878246143512576,923835696192430080),
(948754399592148992,684878135778791424,923835696192430080),
(948754399621509120,684771532190699520,923835696192430080),
(948754399655063552,684771462737219584,923835696192430080),
(948754399684423680,684771386413469696,923835696192430080),
(948754399713783808,684771320659365888,923835696192430080),
(948754399747338240,684771247170965504,923835696192430080),
(948754399776698368,684771168280301568,923835696192430080),
(948754399827030016,684771102517809152,923835696192430080),
(948754399856390144,684771029394313216,923835696192430080),
(948754399982219264,684770954010087424,923835696192430080),
(948754400024162304,684770585469177856,923835696192430080),
(948754400057716736,684770515940200448,923835696192430080),
(948754400091271168,684770436755935232,923835696192430080),
(948754400124825600,684770356900581376,923835696192430080),
(948754400158380032,684770137630756864,923835696192430080),
(948754400191934464,684769620938641408,923835696192430080),
(948754400225488896,684769547852894208,923835696192430080),
(948754400271626240,684769473689210880,923835696192430080),
(948754400300986368,684769405045231616,923835696192430080),
(948754400351318016,684769311214456832,923835696192430080),
(948754400397455360,684769228750245888,923835696192430080),
(948754400426815488,684769150585196544,923835696192430080),
(948754400460369920,684768417576046592,923835696192430080),
(948754400493924352,684768347812188160,923835696192430080),
(948754400523284480,684768272050475008,923835696192430080),
(948754400552644608,684768194908835840,923835696192430080),
(948754400582004736,684768109798019072,923835696192430080),
(948754400615559168,684767949105844224,923835696192430080),
(948754400644919296,684767840410456064,923835696192430080),
(948754400699445248,684767758093045760,923835696192430080),
(948754400732999680,684767185939648512,923835696192430080),
(948754400858828800,684767088023621632,923835696192430080),
(948754400896577536,684766992989081600,923835696192430080),
(948754400930131968,684766909853782016,923835696192430080),
(948754400959492096,684766829339922432,923835696192430080),
(948754400993046528,684766729536458752,923835696192430080),
(948754401022406656,684766600121208832,923835696192430080),
(948754401055961088,684765849919606784,923835696192430080),
(948754401085321216,684765755581321216,923835696192430080),
(948754401118875648,684765368463839232,923835696192430080),
(948754401148235776,684765290013577216,923835696192430080),
(948754401185984512,684765185906757632,923835696192430080),
(948754401219538944,684764953525538816,923835696192430080),
(948754401253093376,684764200656359424,923835696192430080),
(948754401286647808,684764111070220288,923835696192430080),
(948754401316007936,684763362160463872,923835696192430080),
(948754401349562368,684763231684055040,923835696192430080),
(948754401383116800,684763121432580096,923835696192430080),
(948754401412476928,684763025919889408,923835696192430080),
(948754401446031360,684762891240787968,923835696192430080),
(948754401475391488,684762298745016320,923835696192430080),
(948754401504751616,684762152007290880,923835696192430080),
(948754401563471872,684761983555653632,923835696192430080),
(948754401597026304,684761661194031104,923835696192430080),
(948754401630580736,684761237170868224,923835696192430080),
(948754401685106688,684699656554729472,923835696192430080),
(950320810274729984,933020706810548224,927761105269473280),
(950320810668994560,933020533388660736,927761105269473280),
(950320811088424960,933020370981015552,927761105269473280),
(950320811574964224,932944899123630080,927761105269473280),
(950320811977617408,932944730630049792,927761105269473280),
(950320812409630720,932944611578925056,927761105269473280),
(950320812816478208,836566758139023360,927761105269473280),
(950320813286240256,836418395028508672,927761105269473280),
(950320813747613696,836418270218604544,927761105269473280),
(950320814188015616,836418135250096128,927761105269473280),
(950320814590668800,836417996439605248,927761105269473280),
(950320814989127680,836417594256183296,927761105269473280),
(950320815391780864,820206643563646976,927761105269473280),
(950320815802822656,820206466547240960,927761105269473280),
(950320816201281536,790388051003494400,927761105269473280),
(950320816595546112,691916931959541760,927761105269473280),
(950320817035948032,684882948545499136,927761105269473280),
(950320817438601216,684882871139618816,927761105269473280),
(950320817832865792,684882799698038784,927761105269473280),
(950320818231324672,684882726352244736,927761105269473280),
(950320818625589248,684882639978942464,927761105269473280),
(950320819032436736,684882564108177408,927761105269473280),
(950320819430895616,684882482570907648,927761105269473280),
(950320819837743104,684881588437569536,927761105269473280),
(950320820236201984,684881491641421824,927761105269473280),
(950320820638855168,684881405427503104,927761105269473280),
(950320821037314048,684881326138380288,927761105269473280),
(950320821465133056,684881249260982272,927761105269473280),
(950320821855203328,684881171750244352,927761105269473280),
(950320822270439424,684881078250819584,927761105269473280),
(950320822673092608,684880978854203392,927761105269473280),
(950320823063162880,684766110310387712,927761105269473280),
(950320932870041600,691916931959541760,685031431038488576),
(950320933293666304,684882871139618816,685031431038488576),
(950320933755039744,684882564108177408,685031431038488576),
(950320934178664448,684882225053224960,685031431038488576),
(950320934602289152,684882140286341120,685031431038488576),
(950320935063662592,684882948545499136,685031431038488576),
(950320935483092992,684882799698038784,685031431038488576),
(950320935898329088,684882726352244736,685031431038488576),
(950320936321953792,684882639978942464,685031431038488576),
(950320936762355712,684882482570907648,685031431038488576);

/*Table structure for table `sys_role_user` */

DROP TABLE IF EXISTS `sys_role_user`;

CREATE TABLE `sys_role_user` (
  `id` bigint(20) NOT NULL COMMENT '角色与用户关联主键ID',
  `role_id` bigint(20) NOT NULL COMMENT '角色主键ID',
  `user_id` bigint(20) NOT NULL COMMENT '用户主键ID',
  `post_code` varchar(32) DEFAULT NULL COMMENT '岗位编码',
  PRIMARY KEY (`id`) USING BTREE
) ENGINE=InnoDB DEFAULT CHARSET=utf8mb4 ROW_FORMAT=DYNAMIC COMMENT='角色与用户关联表';

/*Data for the table `sys_role_user` */

insert  into `sys_role_user`(`id`,`role_id`,`user_id`,`post_code`) values 
(627080161837056,923835696192430080,627057273520128,NULL),
(627375814131712,927761105269473280,627303521107968,NULL),
(630576231661568,685031431038488576,630522716536832,NULL),
(1797982589956096,685031431038488576,1797950801326080,NULL),
(5423769330348032,927761105269473280,5423701911105536,NULL),
(5491140610977792,685031431038488576,5491112572055552,NULL),
(8312382977093632,685031431038488576,8312353470164992,NULL),
(8759514728767488,685031431038488576,8759513252372480,NULL),
(8760135695474688,685031431038488576,8760134357491712,NULL),
(9013631879467008,927761105269473280,9013631392927744,NULL),
(9036332752949248,685031431038488576,9036295864045568,NULL),
(9049033596194816,923835696192430080,9048877689720832,NULL),
(9107122739884032,927761105269473280,9107120651120640,NULL),
(10236331755032576,685031431038488576,10236331385933824,NULL),
(10253064813400064,685031431038488576,10253064444301312,NULL),
(11497465690705920,685031431038488576,11497465338384384,NULL),
(11502154528313344,685031431038488576,11502154167603200,NULL),
(11502321679716352,927761105269473280,11502321310617600,NULL),
(11510145537265664,0,11510145155584000,NULL),
(11510859458138112,685031431038488576,11510858925461504,NULL),
(14136065800523776,685031431038488576,14136065435619328,NULL),
(920490049549058048,920487639585865728,920487309334757376,'EAC-RD-02');

/*Table structure for table `sys_url` */

DROP TABLE IF EXISTS `sys_url`;

CREATE TABLE `sys_url` (
  `id` bigint(20) NOT NULL COMMENT '接口主键ID',
  `url` varchar(512) NOT NULL COMMENT 'URL',
  `description` varchar(256) DEFAULT NULL COMMENT '描述',
  `create_time` timestamp NOT NULL DEFAULT CURRENT_TIMESTAMP COMMENT '创建时间',
  `update_time` timestamp NULL DEFAULT NULL ON UPDATE CURRENT_TIMESTAMP COMMENT '修改时间',
  PRIMARY KEY (`id`) USING BTREE,
  UNIQUE KEY `idx_url` (`url`) USING BTREE
) ENGINE=InnoDB DEFAULT CHARSET=utf8mb4 ROW_FORMAT=DYNAMIC COMMENT='接口表';

/*Data for the table `sys_url` */

insert  into `sys_url`(`id`,`url`,`description`,`create_time`,`update_time`) values 
(2534065569148928,'/pro/inv/queryPdcInfos','分页显示信息','2022-03-17 16:10:24',NULL),
(684699656554729472,'/statistics/statistics/insertSmsStatistics','插入短信发送记录','2020-03-04 17:51:59','2020-03-05 11:26:40'),
(684761237170868224,'/statistics/statistics/querySmsRecord','查询短信发送记录','2020-03-04 21:56:42','2020-03-05 11:26:46'),
(684764953525538816,'/file/file/queryFile','查询文件分页','2020-03-04 22:11:28','2020-03-05 11:30:02'),
(684765185906757632,'/file/file/deleteFile','删除文件','2020-03-04 22:12:23','2020-03-05 11:30:05'),
(684765290013577216,'/file/file/uploadFile','上传文件','2020-03-04 22:12:48','2020-03-05 11:30:08'),
(684765368463839232,'/file/file/downloadFile','下载文件','2020-03-04 22:13:07','2020-03-05 11:30:12'),
(684765755581321216,'/chart/chart/queryAnalysisChartData','查询图表的分析页数据','2020-03-04 22:14:39','2020-03-05 11:30:41'),
(684765849919606784,'/chart/chart/queryMonitorChartData','查询图表的监控页数据','2020-03-04 22:15:01','2020-03-05 11:30:47'),
(684766110310387712,'/uaa/users/getSysUser','查询当前用户信息','2020-03-04 22:16:04','2020-03-05 05:39:23'),
(684766600121208832,'/system/sysdict/querySysDict','查询字典分页','2020-03-04 22:18:00','2022-03-01 10:54:51'),
(684766729536458752,'/system/sysdict/querySysDictTree','查询字典的树数据','2020-03-04 22:18:31','2022-03-01 10:54:59'),
(684766829339922432,'/system/sysdict/addSysDict','新增字典','2020-03-04 22:18:55','2022-03-01 10:54:32'),
(684766909853782016,'/system/sysdict/updateSysDict','编辑字典','2020-03-04 22:19:14','2022-03-01 10:56:16'),
(684766992989081600,'/system/sysdict/deleteSysDict','删除字典','2020-03-04 22:19:34','2022-03-01 10:54:35'),
(684767088023621632,'/system/sysdict/exportSysDict','根据查询条件导出字典','2020-03-04 22:19:57','2022-03-01 10:54:41'),
(684767185939648512,'/system/sysdict/queryDictByDictType','根据字典类型查询下拉框数据列表','2020-03-04 22:20:20','2022-03-01 10:54:49'),
(684767758093045760,'/system/sysmenu/querySysMenu','查询菜单分页','2020-03-04 22:22:36','2022-03-01 10:57:11'),
(684767840410456064,'/system/sysmenu/querySysMenuTree','查询菜单的树数据','2020-03-04 22:22:56','2022-03-01 10:58:07'),
(684767949105844224,'/system/sysmenu/queryMenuIdByRoleId','根据角色ID查询对应的菜单ID','2020-03-04 22:23:22','2022-03-01 10:57:06'),
(684768109798019072,'/system/sysmenu/addSysMenu','新增菜单','2020-03-04 22:24:00','2022-03-01 10:56:18'),
(684768194908835840,'/system/sysmenu/authorizeMenuToRole','将对应的菜单授权给角色','2020-03-04 22:24:21','2022-03-01 10:56:24'),
(684768272050475008,'/system/sysmenu/updateSysMenu','编辑菜单','2020-03-04 22:24:39','2022-03-02 15:50:23'),
(684768347812188160,'/system/sysmenu/deleteSysMenu','删除菜单','2020-03-04 22:24:57','2022-03-01 10:56:28'),
(684768417576046592,'/system/sysmenu/exportSysMenu','根据查询条件导出菜单','2020-03-04 22:25:14','2022-03-01 10:56:33'),
(684769150585196544,'/system/sysorg/querySysOrg','查询机构分页','2020-03-04 22:28:08','2022-03-01 10:58:22'),
(684769228750245888,'/system/sysorg/querySysOrgTree','查询机构的树数据','2020-03-04 22:28:27','2022-03-01 10:58:24'),
(684769311214456832,'/system/sysorg/queryOrgType','查询机构类型的下拉框数据','2020-03-04 22:28:47','2022-03-01 10:58:13'),
(684770137630756864,'/system/sysparam/querySysParam','查询参数分页','2020-03-04 22:32:04','2022-03-01 10:58:36'),
(684770356900581376,'/system/sysparam/addSysParam','新增参数','2020-03-04 22:32:56','2022-03-02 15:50:39'),
(684770436755935232,'/system/sysparam/updateSysParam','编辑参数','2020-03-04 22:33:15','2022-03-02 15:50:41'),
(684770515940200448,'/system/sysparam/deleteSysParam','删除参数','2020-03-04 22:33:34','2022-03-02 15:50:44'),
(684770585469177856,'/system/sysparam/exportSysParam','根据查询条件导出参数','2020-03-04 22:33:50','2022-03-02 15:50:46'),
(684770954010087424,'/system/sysregion/querySysRegion','查询区域分页','2020-03-04 22:35:18','2022-03-01 10:59:05'),
(684771029394313216,'/system/sysregion/querySysRegionTree','查询区域的树数据','2020-03-04 22:35:36','2022-03-01 10:59:12'),
(684771102517809152,'/system/sysregion/queryRegionType','查询区域类型的下拉框数据','2020-03-04 22:35:54','2022-03-01 10:59:00'),
(684771168280301568,'/system/sysregion/queryProvince','查询全部省份数据','2020-03-04 22:36:09','2022-03-01 10:58:56'),
(684771247170965504,'/system/sysregion/queryCity','根据省份代码查询对应地市数据','2020-03-04 22:36:28','2022-03-01 10:58:53'),
(684771320659365888,'/system/sysregion/addSysRegion','新增区域','2020-03-04 22:36:46','2022-03-02 15:50:48'),
(684771386413469696,'/system/sysregion/updateSysRegion','编辑区域','2020-03-04 22:37:01','2022-03-02 15:50:53'),
(684771462737219584,'/system/sysregion/deleteSysRegion','删除区域','2020-03-04 22:37:20','2022-03-02 15:50:56'),
(684771532190699520,'/system/sysregion/exportSysRegion','根据查询条件导出区域','2020-03-04 22:37:36','2022-03-02 15:50:59'),
(684878135778791424,'/system/sysrole/querySysRole','查询角色分页','2020-03-05 05:41:14','2022-03-01 10:59:41'),
(684878246143512576,'/system/sysrole/queryRoleName','查询角色名称的下拉框数据','2020-03-05 05:41:40','2022-03-01 10:59:25'),
(684878411596222464,'/system/sysrole/queryRoleNameCheckbox','查询角色的多选框数据','2020-03-05 05:42:19','2022-03-01 10:59:32'),
(684878495394222080,'/system/sysrole/addSysRole','新增角色','2020-03-05 05:42:39','2022-03-02 15:51:02'),
(684878582367309824,'/system/sysrole/updateSysRole','编辑角色','2020-03-05 05:43:00','2022-03-02 14:41:59'),
(684878665326448640,'/system/sysrole/deleteSysRole','删除角色','2020-03-05 05:43:20','2022-03-02 15:51:05'),
(684878768925757440,'/system/sysrole/exportSysRole','根据查询条件导出角色','2020-03-05 05:43:45','2022-03-02 15:51:07'),
(684879309210832896,'/system/systenant/querySysTenant','查询租户分页','2020-03-05 05:45:53','2022-03-01 10:59:51'),
(684879626841280512,'/system/systenant/exportSysTenant','根据查询条件导出租户','2020-03-05 05:47:09','2022-03-02 15:51:10'),
(684880069084499968,'/system/sysurl/querySysUrl','查询URL分页','2020-03-05 05:48:55','2022-03-01 10:57:35'),
(684880149241843712,'/system/sysurl/addSysUrl','新增URL','2020-03-05 05:49:14','2022-03-02 14:57:06'),
(684880224517017600,'/system/sysurl/updateSysUrl','编辑URL','2020-03-05 05:49:32','2022-03-02 14:57:11'),
(684880293827891200,'/system/sysurl/deleteSysUrl','删除URL','2020-03-05 05:49:48','2022-03-02 14:56:23'),
(684880364602576896,'/system/sysurl/exportSysUrl','根据查询条件导出URL','2020-03-05 05:50:05','2022-03-02 14:57:14'),
(684880444214661120,'/system/sysurl/authorizeRoleToUrl','将对应的角色授权给URL','2020-03-05 05:50:24','2022-03-02 14:57:17'),
(684880515022901248,'/system/sysurl/queryRoleIdByUrlId','根据URL的ID查询对应的角色ID','2020-03-05 05:50:41','2022-03-01 10:57:31'),
(684880978854203392,'/system/sysuser/querySysUser','查询用户分页','2020-03-05 05:52:32','2022-03-01 10:55:44'),
(684881078250819584,'/system/sysuser/queryUsername','查询用户名的下拉框数据','2020-03-05 05:52:55','2022-03-01 10:55:40'),
(684881171750244352,'/system/sysuser/addSysUser','新增用户','2020-03-05 05:53:18','2022-03-01 10:57:20'),
(684881249260982272,'/system/sysuser/updateSysUser','编辑用户','2020-03-05 05:53:36','2022-03-01 10:55:27'),
(684881326138380288,'/system/sysuser/deleteSysUser','删除用户','2020-03-05 05:53:54','2022-03-01 10:56:04'),
(684881405427503104,'/system/sysuser/exportSysUser','根据查询条件导出用户','2020-03-05 05:54:13','2022-03-01 10:55:55'),
(684881491641421824,'/system/sysuser/queryUsernameBySysUserId','根据用户ID查询用户名的数据列表','2020-03-05 05:54:34','2022-03-01 10:55:37'),
(684881588437569536,'/system/sysuser/querySysUserIdByUsername','根据用户名查询用户ID的数据列表','2020-03-05 05:54:57','2022-03-01 10:55:42'),
(684882140286341120,'/account/captcha/generateImageCaptcha','生成图像验证码','2020-03-05 05:57:08','2020-03-05 12:00:04'),
(684882225053224960,'/account/captcha/getSmsCaptcha','获取短信验证码并发送短信','2020-03-05 05:57:29','2020-03-05 12:00:06'),
(684882482570907648,'/account/sysuserdetail/queryCurrentAuthority','查询当前用户的授权角色、菜单和按钮','2020-03-05 05:58:30','2020-03-16 12:31:01'),
(684882564108177408,'/account/sysuserdetail/registerAccount','注册用户','2020-03-05 05:58:50','2020-03-05 12:00:11'),
(684882639978942464,'/account/sysuserdetail/updateSysUserDetail','编辑用户详细信息','2020-03-05 05:59:08','2020-03-05 12:00:14'),
(684882726352244736,'/account/sysuserdetail/updateSysUserInfo','根据字段编辑用户信息','2020-03-05 05:59:28','2020-03-05 12:00:16'),
(684882799698038784,'/account/sysuserdetail/updatePassword','修改用户密码','2020-03-05 05:59:46','2020-03-05 12:00:19'),
(684882871139618816,'/account/sysuserdetail/retrievePassword','找回密码','2020-03-05 06:00:03','2020-03-05 12:00:22'),
(684882948545499136,'/account/sysuserdetail/updateAvatar','修改用户头像图片地址','2020-03-05 06:00:21','2020-03-05 12:00:29'),
(688682790149345280,'/system/sysmenu/querySysMenuButtonTree','查询菜单按钮的树数据','2020-03-15 17:39:32','2022-03-01 10:57:57'),
(688744859523534848,'/system/sysmenu/queryMenuButtonByRoleCode','根据角色编码查询对应的菜单按钮','2020-03-15 21:46:12','2022-03-01 10:56:55'),
(688745051211616256,'/system/sysmenu/authorizeMenuButtonToRole','将对应的菜单按钮授权给角色','2020-03-15 21:46:57','2022-03-01 10:56:19'),
(690111008978948096,'/system/sysrole/queryRoleCode','查询角色编码的下拉框数据','2020-03-19 16:14:46','2022-03-01 10:59:19'),
(690135197945352192,'/system/sysmenu/authorizeMenuDataToRole','将对应的过滤数据字段授权给角色','2020-03-19 17:50:53','2022-03-01 10:56:21'),
(690173141578076160,'/system/sysmenu/queryDataFieldByMenuCode','根据菜单编码查询对应的过滤数据字段','2020-03-19 20:21:39','2022-03-01 10:56:53'),
(690382874859720704,'/system/sysmenu/deleteDataField','删除过滤数据字段','2020-03-20 10:15:07','2022-03-01 10:56:26'),
(690485368247996416,'/system/sysmenu/queryMenuButtonCheckbox','查询菜单按钮的多选框数据','2020-03-20 17:02:20','2022-03-01 10:57:03'),
(690750917917986816,'/system/sysmenu/queryCheckedMenuButton','查询菜单包含的按钮','2020-03-21 10:37:34','2022-03-01 10:56:45'),
(691916931959541760,'/account/sysuserdetail/compareCaptcha','比对验证码','2020-03-24 15:50:55',NULL),
(692510664132317184,'/chart/chart/queryProduct','查询商品报表数据','2020-03-26 07:10:17',NULL),
(699082950205427712,'/uaa/appclient/exportAppClient','根据查询条件导出应用','2020-04-13 10:26:04',NULL),
(699090650482003968,'/uaa/appclient/deleteAppClient','删除应用','2020-04-13 10:56:39',NULL),
(699090780341850112,'/uaa/appclient/updateAppClient','编辑应用','2020-04-13 10:57:10',NULL),
(699090853381459968,'/uaa/appclient/addAppClient','新增应用','2020-04-13 10:57:28',NULL),
(699090906305187840,'/uaa/appclient/queryAppClient','查询应用分页','2020-04-13 10:57:40',NULL),
(785353565261975552,'/system/sysorg/queryOrgUserTree','查询机构用户的树数据','2020-12-07 11:54:41','2022-03-01 10:58:15'),
(790387958623948800,'/system/sysrole/authorizeUserToRole','将对应的用户授权给角色','2020-12-21 09:19:36','2022-03-01 10:59:17'),
(790388051003494400,'/system/sysuser/authorizeRoleToUser','将对应的角色授予用户','2020-12-21 09:19:58','2022-03-01 10:57:29'),
(798064739279622144,'/file/file/addFolder','新增文件夹','2021-01-11 13:44:21',NULL),
(798064945379332096,'/file/file/queryFileTypeName','查询文件类型名称','2021-01-11 13:45:11',NULL),
(820206466547240960,'/system/sysuser/registerNewSession','注册一个新的会话','2021-03-13 16:07:43','2022-03-01 10:55:30'),
(820206643563646976,'/system/sysuser/queryOnlineSysUser','查询在线用户分页','2021-03-13 16:08:25','2022-03-01 10:55:48'),
(836417594256183296,'/system/sysuserpost/querySysUserPost','查询用户与岗位关联信息分页','2021-04-27 09:44:59','2022-03-01 10:55:08'),
(836417996439605248,'/system/sysuserpost/addSysUserPost','新增用户与岗位关联信息','2021-04-27 09:46:35','2022-03-01 10:55:25'),
(836418135250096128,'/system/sysuserpost/updateSysUserPost','编辑用户与岗位关联信息','2021-04-27 09:47:08','2022-03-01 10:55:02'),
(836418270218604544,'/system/sysuserpost/deleteSysUserPost','删除用户与岗位关联信息','2021-04-27 09:47:40','2022-03-01 10:55:22'),
(836418395028508672,'/system/sysuserpost/exportSysUserPost',' 根据查询条件导出用户与岗位关联信息','2021-04-27 09:48:10','2022-03-01 10:55:17'),
(836566758139023360,'/system/sysuserpost/querySysUserPostTree','查询用户与岗位关联信息的下拉框数据','2021-04-27 19:37:38','2022-03-01 10:55:05'),
(841193942451408896,'/system/sysorg/queryModelOrgUserTree','查询模型信息的机构用户的树数据','2021-05-10 14:04:26','2022-03-01 10:58:09'),
(866922916242444288,'/system/sysurl/queryUrlIdByRoleId','根据角色ID查询对应的接口ID','2021-07-20 14:02:11','2022-03-01 10:57:44'),
(866923219364794368,'/system/sysurl/authorizeUrlToRole','将接口授权给角色','2021-07-20 14:03:24','2022-03-02 14:57:23'),
(930771571755634688,'/system/sysrole/exportWordSysRole','根据查询条件导出角色到Word','2022-01-12 18:33:55','2022-03-02 15:51:13'),
(931451830255669248,'/system/sysrole/exportPDFSysRole','根据查询条件导出角色到PDF','2022-01-14 15:37:01','2022-03-02 15:51:18'),
(932651697812459520,'/system/sysrole/importSysRole','导入角色','2022-01-17 23:04:52','2022-03-02 15:51:21'),
(932708823951921152,'/system/sysurl/exportWordSysUrl','根据查询条件导出接口到Word','2022-01-18 02:51:52','2022-03-02 14:57:26'),
(932708931829420032,'/system/sysurl/exportPDFSysUrl','根据查询条件导出接口到PDF','2022-01-18 02:52:18','2022-03-02 14:57:28'),
(932709120703123456,'/system/sysurl/importSysUrl','导入接口','2022-01-18 02:53:03','2022-03-02 14:57:34'),
(932944611578925056,'/system/sysuser/exportWordSysUser','根据查询条件导出用户到Word','2022-01-18 18:28:48','2022-03-01 10:55:52'),
(932944730630049792,'/system/sysuser/exportPDFSysUser','根据查询条件导出用户到PDF','2022-01-18 18:29:17','2022-03-01 10:55:58'),
(932944899123630080,'/system/sysuser/importSysUser','导入用户','2022-01-18 18:29:57','2022-03-01 10:55:50'),
(933020370981015552,'/system/sysuserpost/exportWordSysUserPost','根据查询条件导出用户与岗位关联信息到Word','2022-01-18 23:29:51','2022-03-01 10:55:13'),
(933020533388660736,'/system/sysuserpost/exportPDFSysUserPost','根据查询条件导出用户与岗位关联信息到PDF','2022-01-18 23:30:29','2022-03-01 10:55:20'),
(933020706810548224,'/system/sysuserpost/importSysUserPost','导入用户与岗位关联信息','2022-01-18 23:31:11','2022-03-01 10:55:10'),
(933053296959475712,'/system/sysmenu/exportWordSysMenu','根据查询条件导出菜单到Word','2022-01-19 01:40:41','2022-03-01 10:56:37'),
(933053385744502784,'/system/sysmenu/exportPDFSysMenu','根据查询条件导出菜单到PDF','2022-01-19 01:41:02','2022-03-01 10:56:31'),
(933053505546407936,'/system/sysmenu/importSysMenu','导入菜单','2022-01-19 01:41:31','2022-03-01 10:56:41'),
(933066353425174528,'/system/sysorg/exportWordSysOrg','根据查询条件导出机构到Word','2022-01-19 02:32:34','2022-03-02 15:51:24'),
(933066431560863744,'/system/sysorg/exportPDFSysOrg','根据查询条件导出机构到PDF','2022-01-19 02:32:52','2022-03-02 15:51:26'),
(933075532718198784,'/system/sysdict/importSysDict','导入字典','2022-01-19 03:09:02','2022-03-01 10:54:46'),
(933088079362052096,'/system/sysregion/importSysRegion','导入区域','2022-01-19 03:58:54','2022-03-02 15:51:35'),
(933094925514756096,'/system/sysparam/importSysParam','导入参数','2022-01-19 04:26:06','2022-03-02 15:51:44'),
(933100469621280768,'/system/appclient/importAppClient','导入应用','2022-01-19 04:48:08','2022-03-01 10:54:30');

/*Table structure for table `sys_user` */

DROP TABLE IF EXISTS `sys_user`;

CREATE TABLE `sys_user` (
  `id` bigint(20) NOT NULL COMMENT '用户主键ID',
  `username` varchar(64) NOT NULL COMMENT '用户名',
  `password` varchar(256) NOT NULL COMMENT '密码',
  `email` varchar(100) DEFAULT NULL COMMENT '邮箱',
  `mobile` varchar(20) NOT NULL COMMENT '手机号',
  `prefix` varchar(10) DEFAULT NULL COMMENT '手机号国家代码',
  `nickname` varchar(64) DEFAULT NULL COMMENT '昵称',
  `phone` varchar(20) DEFAULT NULL COMMENT '联系电话',
  `region_code` varchar(20) DEFAULT NULL COMMENT '省份区域代码',
  `city_code` varchar(20) DEFAULT NULL COMMENT '地市区域代码',
  `region_path` varchar(20) DEFAULT NULL,
  `address` varchar(40) DEFAULT NULL COMMENT '街道地址',
  `profile` varchar(256) DEFAULT NULL COMMENT '个人简介',
  `avatar` varchar(256) DEFAULT NULL COMMENT '头像',
  `org_id` bigint(20) DEFAULT NULL COMMENT '所属机构ID',
  `status` tinyint(4) NOT NULL DEFAULT '1' COMMENT '状态 0：禁用 1：正常',
  `notify_message` tinyint(4) NOT NULL DEFAULT '1' COMMENT '是否通知系统消息 0：关 1：开',
  `notify_todo` tinyint(4) NOT NULL DEFAULT '1' COMMENT '是否通知待办任务 0：关 1：开',
  `create_time` timestamp NOT NULL DEFAULT CURRENT_TIMESTAMP COMMENT '创建时间',
  `update_time` timestamp NULL DEFAULT NULL ON UPDATE CURRENT_TIMESTAMP COMMENT '修改时间',
  PRIMARY KEY (`id`) USING BTREE,
  UNIQUE KEY `idx_user_username` (`username`) USING BTREE,
  UNIQUE KEY `idx_user_mobile` (`mobile`) USING BTREE,
  UNIQUE KEY `idx_user_email` (`email`) USING BTREE
) ENGINE=InnoDB DEFAULT CHARSET=utf8mb4;

/*Data for the table `sys_user` */

insert  into `sys_user`(`id`,`username`,`password`,`email`,`mobile`,`prefix`,`nickname`,`phone`,`region_code`,`city_code`,`region_path`,`address`,`profile`,`avatar`,`org_id`,`status`,`notify_message`,`notify_todo`,`create_time`,`update_time`) values 
(627057273520128,'admin','$2a$10$r3xPKMnGkh/4qGZubMuI1.vbAIFUt/n7Hb3APVDg1Bf5j7fyGx56O',NULL,'13333333333',NULL,'admin',NULL,'210000','210100','/100000/210000/',NULL,NULL,'624d09cce4b0a9f89036349c.jpg',NULL,1,1,1,'2022-03-12 09:52:40','2022-04-06 11:32:28'),
(627303521107968,'kakaxi','$2a$10$JXaXHwveokcVxbbqs.ZmzenxVujAyajIu1PBTytzK1BSDt1ZnJ0fS',NULL,'13444444444',NULL,'卡卡西',NULL,'210000','210100','/100000/210000/',NULL,NULL,'623bd371e4b0fc53c65965b3.jpg',NULL,1,1,1,'2022-03-12 09:53:39','2022-03-24 10:12:01'),
(630522716536832,'feiduan','$2a$10$4rIKUkrW2ro7iKwuKjIVx.QryGyShG83cuwhe/UGShWhVueMdf3W.',NULL,'18777777777',NULL,'飞段',NULL,'210000','210100','/100000/210000/',NULL,NULL,'623c754ae4b01f0c79604c9f.jpg',NULL,1,1,1,'2022-03-12 10:06:27','2022-04-03 18:41:50'),
(1797950801326080,'jiaodu','$2a$10$znLlu0gTcqVif4b.8pHgJ.pqk5DxEB1k5/el41uAPfsSG4dEviuSi',NULL,'16878458967',NULL,'角都',NULL,'210000','210100','/100000/210000/',NULL,NULL,'623c717ce4b01f0c79604c9d.jpg',NULL,1,1,1,'2022-03-15 15:25:19','2022-03-25 15:52:14'),
(5423701911105536,'maitekai','$2a$10$l4VdUTGiJS.pXMGICjztXOxURLrzaQqsY6Rc5C88dYuT.DX4M/6Le',NULL,'17684587985',NULL,'迈特凯1',NULL,'210000','210100','/100000/210000/',NULL,NULL,'624e5db1e4b0a9f89036349d.jpg',NULL,1,1,1,'2022-03-25 15:32:48','2022-04-07 15:16:35'),
(5491112572055552,'guijiao','$2a$10$gaIcijSCKQ/NAkzJ7xGuG.KefO2woTg09tFdp4tAh.k2BVrffwFTW',NULL,'17487958646','86','鬼鲛',NULL,'210000','210100','/100000/210000/',NULL,NULL,'avatar.png',NULL,1,1,1,'2022-03-25 20:00:41','2022-04-03 18:44:57'),
(8312353470164992,'didala','$2a$10$jKVnd80cbDKtaSfjncLgcuAVsSPSUAGv6330d2zSvZuxAtmNrYpoi',NULL,'18759486300','86','迪达拉11',NULL,'210000','210100','/100000/210000/',NULL,NULL,'avatar.png',NULL,0,1,1,'2022-04-02 14:51:26','2022-04-03 18:41:52'),
(8759513252372480,'peien','$2a$10$rR14kqObpUZD8tEeWpmkI.ihWWyxVmFJJbkYTPb2FFIr7Sz4rSG7i',NULL,'15748978654',NULL,'佩恩1',NULL,'210000','210100','/100000/210000/',NULL,NULL,'624996ace4b086abd556786b.jpg',NULL,1,1,1,'2022-04-03 20:28:05','2022-04-06 09:37:50'),
(8760134357491712,'xiaonan','$2a$10$/A7zNUjhl.aWH.Osao053Od0x18VM6M1Mjan0XKxTMUk0uc2Jv4Ra',NULL,'16897846879',NULL,'小南21',NULL,'210000','210100','/100000/210000/',NULL,NULL,'62499723e4b086abd556786c.jpg',NULL,0,1,1,'2022-04-03 20:30:33','2022-04-06 09:23:12'),
(9013631392927744,'77','$2a$10$O0mmS413FVXqcmo.snoDJevQaZm1uXI04jhsTCPOOeDl1spQNte5W',NULL,'13252829257',NULL,'七七',NULL,'210000','210100','/100000/210000/',NULL,NULL,'624a8288e4b086abd556786f.jpg',NULL,1,1,1,'2022-04-04 13:17:50','2022-04-04 13:30:48'),
(9036295864045568,'13998300205','$2a$10$Ef1fQPvlIJy7ODrg7cHn1.00RuCSk17mWihCouBwMGP59Pl40eRCi',NULL,'13998300205',NULL,'小七1',NULL,'210000','210100','/100000/210000/',NULL,NULL,'62538568e4b0a9f89036349e.jpg',NULL,1,1,1,'2022-04-04 14:47:53','2022-04-11 09:37:10'),
(9048877689720832,'yaya','$2a$10$YhfXR5vMhVPCdM8YAdu3aOM7Pc.oKmU/R.QNmztYCHVxqopIIHliO',NULL,'18640518236',NULL,'筱雅',NULL,'210000','210100','/100000/210000/',NULL,NULL,'avatar.png',NULL,1,1,1,'2022-04-04 15:37:53','2022-04-07 10:24:11'),
(9107120651120640,'hongdou','$2a$10$YOT8jjs7/DKXq5IXFuFfGOeeQZC92.K4wo6aax0xRo47kSdqF/JCC',NULL,'15789486879',NULL,'红豆',NULL,'210000','210100','/100000/210000/',NULL,NULL,'624ae6d3e4b086abd5567870.jpg',NULL,1,1,1,'2022-04-04 19:29:21','2022-04-04 20:38:43'),
(10236331385933824,'志愿者','$2a$10$pUJWS4ynJJ.LPLy008a3AubzisNkrquAUVsjXE3DSKkrqIqALCKO.',NULL,'16161919199',NULL,'志愿者',NULL,'210000','210100','/100000/210000/',NULL,NULL,'avatar.png',NULL,1,1,1,'2022-04-07 22:16:24',NULL),
(10253064444301312,'changmen','$2a$10$rg9AW32yPFtT2/W4J7U8Ve785vXvqSWCotjnpi5MPGYkulJuEAZie',NULL,'14365923866',NULL,'长门',NULL,'210000','210100','/100000/210000/',NULL,NULL,'avatar.png',NULL,1,1,1,'2022-04-07 23:22:54',NULL),
(11497465338384384,'haha','$2a$10$aD6I5R/dR1T1c34ghZwM2ORrGlraOKzADfWwBvqq3DAdwvcibLlku',NULL,'13612341234',NULL,'haha',NULL,'210000','210100','/100000/210000/',NULL,NULL,'avatar.png',NULL,0,1,1,'2022-04-11 09:47:42','2022-04-18 16:48:45'),
(14136065435619328,'123','$2a$10$shyUaelqMqA27ooDdCHUb.8eLwsz/i5y8EL/U.8J4qcXTSBIsnRnq',NULL,'16673540057',NULL,'刘瑶',NULL,'210000','210100','/100000/210000/',NULL,NULL,'avatar.png',NULL,1,1,1,'2022-04-18 16:32:33',NULL),
(920487309334757376,'eac','$2a$10$UEj0SQ9hjYvd8y4ndvB1e.NpcXqf96ITRyHa4rO9GS5bUlNYiRVre','email','15999999999','86','super',NULL,'210000','210100',NULL,NULL,NULL,'6233f907a98c774168bb1e3b.jpg',1,1,1,1,'2022-03-04 11:27:39','2022-03-19 10:41:25');

/*Table structure for table `t_pdc_info` */

DROP TABLE IF EXISTS `t_pdc_info`;

CREATE TABLE `t_pdc_info` (
  `id` bigint(30) NOT NULL AUTO_INCREMENT COMMENT 'id',
  `name` varchar(255) DEFAULT NULL COMMENT '姓名',
  `sex` int(2) DEFAULT NULL COMMENT '性别',
  `birth` datetime DEFAULT NULL COMMENT '出生年月',
  `occupation` varchar(255) DEFAULT NULL COMMENT '职业',
  `telephone` varchar(255) DEFAULT NULL COMMENT '联系电话',
  `pressure` varchar(255) DEFAULT NULL COMMENT '血压(左侧或右侧)',
  `sugar` varchar(255) DEFAULT NULL COMMENT '血糖',
  `alcohol` varchar(255) DEFAULT NULL COMMENT '饮酒情况',
  `smoke` varchar(255) DEFAULT NULL COMMENT '吸烟情况',
  `diet` varchar(255) DEFAULT NULL COMMENT '饮食情况',
  `create_time` datetime DEFAULT NULL COMMENT '信息创建时间',
  `weight` varchar(255) DEFAULT NULL COMMENT '体重',
  `height` varchar(255) DEFAULT NULL COMMENT '身高',
  PRIMARY KEY (`id`)
) ENGINE=InnoDB AUTO_INCREMENT=29 DEFAULT CHARSET=utf8mb4;

/*Data for the table `t_pdc_info` */

insert  into `t_pdc_info`(`id`,`name`,`sex`,`birth`,`occupation`,`telephone`,`pressure`,`sugar`,`alcohol`,`smoke`,`diet`,`create_time`,`weight`,`height`) values 
(1,'佐助',0,'2022-03-12 00:00:00','跑酷','14322223233','一般',NULL,'一般','一般','一般','2022-03-17 14:54:50','65','175'),
(2,'手鞠',1,'1994-08-07 00:00:00','天气','13548887598','一般',NULL,'一般','一般','一般','2022-03-17 14:54:53','47','160'),
(3,'鹿丸',0,'1995-07-13 00:00:00','皮影戏','16897984587','正常',NULL,NULL,NULL,NULL,'2022-03-17 14:54:56','75','182'),
(4,'天天',1,'1991-02-28 14:54:19','铁匠','16879846847',NULL,NULL,NULL,NULL,NULL,'2022-03-17 14:54:57','42','166'),
(5,'丁次',0,'1944-11-30 00:00:00','屠夫','16897485628',NULL,NULL,NULL,NULL,NULL,NULL,NULL,NULL),
(6,'宁次',0,'1975-07-24 00:00:00','中医','12875948687',NULL,NULL,'有','',NULL,NULL,NULL,NULL),
(7,'user1',1,'1985-03-31 00:00:00','w','d','s','e','s','d','s','2022-03-29 12:08:28','c','w'),
(8,'wfaw',1,'1901-02-01 00:00:00','e','w','d','s','w','g','r','2022-03-29 12:16:12','y','d'),
(9,'wfaw',0,'1901-02-01 00:00:00','e','w','d','s','w','g','r','2022-03-29 12:23:48','y','d'),
(10,'wfaw',0,'1901-02-01 00:00:00','e','w','d','s','w','g','r','2022-03-29 13:40:23','y','d'),
(11,'zcx',1,'2002-03-29 00:00:00','s','15848579862','fe','g','t','h','u','2022-03-29 13:53:35','h','j'),
(12,'1',0,'2022-03-31 00:00:00','测试员','19875846986','1','无','一般','一般','良好','2022-03-31 20:11:39','48','166'),
(13,'ces1',1,'1995-04-03 00:00:00','测试员','15879846879',NULL,NULL,NULL,NULL,NULL,'2022-04-03 19:00:42',NULL,NULL),
(14,'老姜',0,'1972-04-04 00:00:00','产品','13998300205',NULL,NULL,NULL,NULL,NULL,'2022-04-04 13:23:27',NULL,NULL),
(15,'小亮',0,'2014-04-04 00:00:00','美术','13900000012',NULL,NULL,NULL,NULL,NULL,'2022-04-04 14:50:22',NULL,NULL),
(16,'小小',1,'1988-04-04 00:00:00','音乐家','13500051234',NULL,NULL,NULL,NULL,NULL,'2022-04-04 15:42:58',NULL,NULL),
(17,'名1',0,'2010-04-04 00:00:00','自由职业','13333333333',NULL,NULL,NULL,NULL,NULL,'2022-04-04 19:20:27',NULL,NULL),
(18,'姓名11',1,'1927-01-01 00:00:00','自由','13333346463',NULL,NULL,NULL,NULL,NULL,'2022-04-04 19:24:32',NULL,NULL),
(19,'雏田',1,'1961-04-06 00:00:00','无','13346251344',NULL,NULL,NULL,NULL,NULL,'2022-04-07 15:02:55',NULL,NULL),
(20,'王二',1,'1987-11-19 00:00:00','啥的','17643599990',NULL,NULL,NULL,NULL,NULL,'2022-04-07 15:04:01',NULL,NULL),
(21,'珍珍',1,'1990-08-19 00:00:00','无','13124283365',NULL,NULL,NULL,NULL,NULL,'2022-04-07 15:09:04',NULL,NULL),
(22,'1',0,'2007-04-07 00:00:00','151818188181818181','25444577555',NULL,NULL,NULL,NULL,NULL,'2022-04-07 22:24:23',NULL,NULL),
(23,'油女',0,'1962-04-07 00:00:00','养蜂人','14275326598',NULL,NULL,NULL,NULL,NULL,'2022-04-07 23:16:51',NULL,NULL),
(24,'猪猪',1,'2015-05-20 00:00:00','无业','15626292929',NULL,NULL,NULL,NULL,NULL,'2022-04-07 23:16:54',NULL,NULL),
(25,'大王一',1,'1975-04-13 00:00:00','健身','13425769005',NULL,NULL,NULL,NULL,NULL,'2022-04-07 23:19:12',NULL,NULL),
(26,'li',0,'2022-04-11 00:00:00','ii','13655552223',NULL,NULL,NULL,NULL,NULL,'2022-04-11 09:39:02',NULL,NULL),
(27,'哈哈哈',0,'2022-04-18 00:00:00','医生','88888888888',NULL,NULL,NULL,NULL,NULL,'2022-04-18 16:33:49',NULL,NULL),
(28,'滴滴',0,'2022-04-18 00:00:00','医生','666666',NULL,NULL,NULL,NULL,NULL,'2022-04-18 16:34:29',NULL,NULL);

/*Table structure for table `t_pdc_info_bak` */

DROP TABLE IF EXISTS `t_pdc_info_bak`;

CREATE TABLE `t_pdc_info_bak` (
  `id` bigint(30) NOT NULL AUTO_INCREMENT COMMENT 'id',
  `pdc_id` bigint(30) DEFAULT NULL COMMENT '患者id',
  `name` varchar(255) DEFAULT NULL COMMENT '姓名',
  `sex` int(2) DEFAULT NULL COMMENT '性别',
  `birth` datetime DEFAULT NULL COMMENT '出生年月',
  `occupation` varchar(255) DEFAULT NULL COMMENT '职业',
  `telephone` varchar(255) DEFAULT NULL COMMENT '联系电话',
  `pressure` varchar(255) DEFAULT NULL COMMENT '血压(左侧或右侧)',
  `sugar` varchar(255) DEFAULT NULL COMMENT '血糖',
  `alcohol` varchar(255) DEFAULT NULL COMMENT '饮酒情况',
  `smoke` varchar(255) DEFAULT NULL COMMENT '吸烟情况',
  `diet` varchar(255) DEFAULT NULL COMMENT '饮食情况',
  `create_time` datetime DEFAULT NULL COMMENT '信息创建时间',
  `weight` varchar(255) DEFAULT NULL COMMENT '体重',
  `height` varchar(255) DEFAULT NULL COMMENT '身高',
  `status` int(10) DEFAULT NULL COMMENT '审核状态（0待，1审核）',
  `bak_id` bigint(30) DEFAULT NULL COMMENT '与流程绑定的问卷id',
  PRIMARY KEY (`id`)
) ENGINE=InnoDB AUTO_INCREMENT=37 DEFAULT CHARSET=utf8mb4;

/*Data for the table `t_pdc_info_bak` */

insert  into `t_pdc_info_bak`(`id`,`pdc_id`,`name`,`sex`,`birth`,`occupation`,`telephone`,`pressure`,`sugar`,`alcohol`,`smoke`,`diet`,`create_time`,`weight`,`height`,`status`,`bak_id`) values 
(11,2,'手鞠',1,'1994-08-07 00:00:00','天气','13548887598','一般',NULL,'一般','一般','一般','2022-03-15 11:14:42','47','160',2,15),
(12,3,'鹿丸',0,'1995-07-13 00:00:00','皮影戏','16587948796','正常',NULL,'拒绝',NULL,NULL,'2022-03-15 11:22:13','51','183',1,16),
(13,3,'鹿丸',0,'1995-07-13 00:00:00','皮影戏','16897984587','正常',NULL,NULL,NULL,NULL,'2022-03-17 14:51:12','75','182',0,17),
(14,2,'手鞠',1,'1994-08-07 00:00:00','天气','13548887598','一般',NULL,'一般','一般','一般','2022-03-17 14:57:47','47','160',2,18),
(15,5,'丁次',0,'1944-11-30 00:00:00','屠夫','16897485628',NULL,NULL,NULL,NULL,NULL,'2022-03-25 20:18:47',NULL,NULL,2,21),
(17,6,'宁次',0,'1975-07-24 00:00:00','中医','12875948687',NULL,NULL,'有','',NULL,'2022-03-25 20:54:03',NULL,NULL,2,23),
(18,11,'zcx',1,'2002-03-29 00:00:00','s','15848579862','fe','g','t','h','u','2022-03-29 17:47:14','h','j',2,24),
(19,9,'wfaw',1,'1901-02-01 00:00:00','e','w','d','s','w','g','r','2022-03-30 21:02:51','y','d',1,25),
(20,8,'wfaw',1,'1901-02-01 00:00:00','e','w','d','s','w','g','r','2022-03-30 21:24:53','y','d',2,26),
(21,4,'天天',1,'1991-02-28 00:00:00','铁匠','16879846847','a','v','c','d','w','2022-03-30 21:27:00','42','166',1,27),
(22,7,'user1',1,'1985-03-31 00:00:00','w','d','s','e','s','d','s','2022-03-31 11:44:21','c','w',0,28),
(23,12,'1',0,'2022-03-31 00:00:00','测试员','19875846986','1','无','一般','一般','良好','2022-04-03 15:15:21','48','166',0,29),
(24,4,'天天',1,'1991-02-28 00:00:00','铁匠','16879846847',NULL,NULL,'没有','无','良好','2022-04-03 15:49:51','42','166',0,30),
(25,2,'手鞠',1,'1994-08-07 00:00:00','天气','13548887598','一般',NULL,'一般','一般','一般','2022-04-03 16:59:33','47','160',1,31),
(26,2,'手鞠',1,'1994-08-07 00:00:00','天气','13548887598','一般',NULL,'一般','一般','一般','2022-04-03 17:01:15','47','160',1,32),
(27,13,'ces1',1,'1995-04-03 00:00:00','测试员1','15879846879',NULL,NULL,NULL,NULL,NULL,'2022-04-03 19:08:01',NULL,NULL,0,33),
(28,14,'老姜',0,'1972-04-04 00:00:00','产品','13998300205',NULL,NULL,NULL,NULL,NULL,'2022-04-04 13:40:00',NULL,NULL,0,34),
(29,15,'小亮',0,'2014-04-04 00:00:00','美术','13912341234',NULL,NULL,NULL,NULL,NULL,'2022-04-04 14:51:45',NULL,NULL,1,35),
(30,15,'小亮',0,'2014-04-04 00:00:00','美术','13900000012',NULL,NULL,NULL,NULL,NULL,'2022-04-04 14:54:35',NULL,NULL,2,36),
(31,19,'雏田',1,'1961-04-06 00:00:00','无','13346251344',NULL,NULL,NULL,NULL,NULL,'2022-04-07 15:06:08',NULL,NULL,0,37),
(32,21,'珍珍1',1,'1990-08-19 00:00:00','无伊烦','13124283365',NULL,NULL,NULL,NULL,NULL,'2022-04-07 15:09:58',NULL,NULL,0,38),
(33,20,'王二二',1,'1987-11-19 00:00:00','啥的','17643590000',NULL,NULL,NULL,NULL,NULL,'2022-04-07 16:43:30',NULL,NULL,0,39),
(34,20,'王二',1,'1987-11-19 00:00:00','啥的','17643599990',NULL,NULL,NULL,NULL,NULL,'2022-04-07 16:50:17',NULL,NULL,0,40),
(35,22,'1',1,'2007-04-07 00:00:00','151818188181818181','25444577555',NULL,NULL,NULL,NULL,NULL,'2022-04-07 22:27:18',NULL,NULL,0,41),
(36,25,'大王一',1,'1975-04-13 00:00:00','健身','13425769005',NULL,NULL,NULL,NULL,NULL,'2022-04-07 23:20:37',NULL,NULL,0,42);

/*Table structure for table `t_pdc_question` */

DROP TABLE IF EXISTS `t_pdc_question`;

CREATE TABLE `t_pdc_question` (
  `id` bigint(50) NOT NULL AUTO_INCREMENT,
  `pdc_id` bigint(50) NOT NULL COMMENT '用户id',
  `group_id` bigint(50) DEFAULT NULL COMMENT '问卷id',
  `age` bigint(20) DEFAULT NULL COMMENT '答题时年龄',
  `score` int(20) DEFAULT NULL COMMENT '得分',
  `config_json` text COMMENT '问卷结果',
  `user_id` bigint(50) DEFAULT NULL COMMENT '负责人id',
  `status` int(10) DEFAULT NULL COMMENT '问卷状态(1无状态，2流程状态)',
  `create_time` datetime DEFAULT NULL,
  `delete_flag` int(2) DEFAULT '0' COMMENT '是否删除（1-是，0-否）',
  PRIMARY KEY (`id`)
) ENGINE=InnoDB AUTO_INCREMENT=29 DEFAULT CHARSET=utf8mb4;

/*Data for the table `t_pdc_question` */

insert  into `t_pdc_question`(`id`,`pdc_id`,`group_id`,`age`,`score`,`config_json`,`user_id`,`status`,`create_time`,`delete_flag`) values 
(1,1,636704340492288,66,27,'[{\"id\":\"636705565229056\",\"value\":\"71\"},{\"id\":\"636704738951168\",\"value\":\"68\"},{\"id\":\"636706412478464\",\"value\":\"75,77,76,74\"},{\"id\":\"636710833274880\",\"value\":\"90\"},{\"id\":\"636707226173440\",\"value\":\"79\"},{\"id\":\"636708820008960\",\"value\":\"85\"},{\"id\":\"636708010508288\",\"value\":\"81\"}]',630522716536832,0,'2022-03-12 10:38:11',0),
(2,4,636704340492288,28,16,'[{\"id\":\"636704738951168\",\"value\":\"67\"},{\"id\":\"636705565229056\",\"value\":\"70\"},{\"id\":\"636710833274880\",\"value\":\"88\"},{\"id\":\"636707226173440\",\"value\":\"78\"},{\"id\":\"636708820008960\",\"value\":\"84\"},{\"id\":\"636706412478464\",\"value\":\"76,75,77\"},{\"id\":\"636708010508288\",\"value\":\"80\"}]',627303521107968,2,'2022-02-28 11:11:15',0),
(3,3,632567720755200,27,24,'[{\"id\":\"632569725632512\",\"value\":\"57\"},{\"id\":\"632571403354112\",\"value\":\"66\"},{\"id\":\"632568924520448\",\"value\":\"54\"},{\"id\":\"632568119214080\",\"value\":\"51,50,52,53\"},{\"id\":\"632570539327488\",\"value\":\"59\"}]',630522716536832,0,'2022-03-15 11:11:20',0),
(4,2,636704340492288,28,32,'[{\"id\":\"636705565229056\",\"value\":\"73\"},{\"id\":\"636704738951168\",\"value\":\"68\"},{\"id\":\"636706412478464\",\"value\":\"76,75,74\"},{\"id\":\"636710833274880\",\"value\":\"91\"},{\"id\":\"636707226173440\",\"value\":\"79\"},{\"id\":\"636708820008960\",\"value\":\"87\"},{\"id\":\"636708010508288\",\"value\":\"83\"}]',1797950801326080,0,'2022-03-17 15:00:24',0),
(5,5,5414096720613376,78,121,'[{\"id\":\"5414096745779200\",\"value\":\"253,256\"},{\"id\":\"5414096787722240\",\"value\":\"258\"},{\"id\":\"5414097773383680\",\"value\":\"337\"},{\"id\":\"5414097010020352\",\"value\":\"277\"},{\"id\":\"5414098146676736\",\"value\":\"368\"},{\"id\":\"5414097953738752\",\"value\":\"352\"},{\"id\":\"5414097152626688\",\"value\":\"286\"},{\"id\":\"5414098280894464\",\"value\":\"377\"},{\"id\":\"5414097307815936\",\"value\":\"297\"},{\"id\":\"5414097442033664\",\"value\":\"310\"},{\"id\":\"5414097605611520\",\"value\":\"321\"},{\"id\":\"5414096829665280\",\"value\":\"260\"},{\"id\":\"5414098100539392\",\"value\":\"362\"},{\"id\":\"5414097731440640\",\"value\":\"332\"},{\"id\":\"5414096968077312\",\"value\":\"271\"},{\"id\":\"5414098238951424\",\"value\":\"374\"},{\"id\":\"5414097395896320\",\"value\":\"305\"},{\"id\":\"5414097534308352\",\"value\":\"316\"},{\"id\":\"5414097903407104\",\"value\":\"348\"},{\"id\":\"5414098058596352\",\"value\":\"358\"},{\"id\":\"5414097861464064\",\"value\":\"345\"},{\"id\":\"5414097110683648\",\"value\":\"284\"},{\"id\":\"5414096926134272\",\"value\":\"267\"},{\"id\":\"5414098364780544\",\"value\":\"386\"},{\"id\":\"5414097265872896\",\"value\":\"294\"},{\"id\":\"5414097353953280\",\"value\":\"303\"},{\"id\":\"5414097689497600\",\"value\":\"329\"},{\"id\":\"5414097819521024\",\"value\":\"341\"},{\"id\":\"5414097051963392\",\"value\":\"281\"},{\"id\":\"5414096884191232\",\"value\":\"264\"},{\"id\":\"5414098192814080\",\"value\":\"371\"},{\"id\":\"5414097995681792\",\"value\":\"354\"},{\"id\":\"5414098322837504\",\"value\":\"381\"},{\"id\":\"5414097219735552\",\"value\":\"290\"},{\"id\":\"5414097483976704\",\"value\":\"314\"},{\"id\":\"5414097647554560\",\"value\":\"326\"}]',5491112572055552,0,'2022-03-26 20:03:05',0),
(6,6,5414096720613376,47,81,'[{\"id\":\"5414096745779200\",\"value\":\"\"},{\"id\":\"5414096787722240\",\"value\":\"258\"},{\"id\":\"5414097010020352\",\"value\":\"275\"},{\"id\":\"5414097605611520\",\"value\":\"320\"},{\"id\":\"5414098364780544\",\"value\":\"385\"},{\"id\":\"5414097152626688\",\"value\":\"286\"},{\"id\":\"5414097731440640\",\"value\":\"331\"},{\"id\":\"5414097307815936\",\"value\":\"297\"},{\"id\":\"5414098192814080\",\"value\":\"370\"},{\"id\":\"5414097995681792\",\"value\":\"354\"},{\"id\":\"5414096829665280\",\"value\":\"260\"},{\"id\":\"5414097395896320\",\"value\":\"305\"},{\"id\":\"5414096968077312\",\"value\":\"271\"},{\"id\":\"5414097534308352\",\"value\":\"316\"},{\"id\":\"5414098322837504\",\"value\":\"381\"},{\"id\":\"5414097861464064\",\"value\":\"343\"},{\"id\":\"5414097953738752\",\"value\":\"350\"},{\"id\":\"5414097353953280\",\"value\":\"301\"},{\"id\":\"5414098146676736\",\"value\":\"366\"},{\"id\":\"5414096926134272\",\"value\":\"267\"},{\"id\":\"5414098280894464\",\"value\":\"377\"},{\"id\":\"5414097110683648\",\"value\":\"283\"},{\"id\":\"5414097689497600\",\"value\":\"328\"},{\"id\":\"5414097265872896\",\"value\":\"294\"},{\"id\":\"5414097819521024\",\"value\":\"339\"},{\"id\":\"5414097483976704\",\"value\":\"313\"},{\"id\":\"5414098100539392\",\"value\":\"362\"},{\"id\":\"5414096884191232\",\"value\":\"263\"},{\"id\":\"5414098238951424\",\"value\":\"373\"},{\"id\":\"5414097051963392\",\"value\":\"279\"},{\"id\":\"5414097647554560\",\"value\":\"324\"},{\"id\":\"5414097219735552\",\"value\":\"290\"},{\"id\":\"5414097773383680\",\"value\":\"335\"},{\"id\":\"5414097903407104\",\"value\":\"347\"},{\"id\":\"5414097442033664\",\"value\":\"309\"},{\"id\":\"5414098058596352\",\"value\":\"358\"}]',630522716536832,0,'2022-04-03 22:07:54',0),
(7,7,5414096720613376,38,44,'[{\"id\":\"5414096745779200\",\"value\":\"\"},{\"id\":\"5414096787722240\",\"value\":\"257\"},{\"id\":\"5414097307815936\",\"value\":\"296\"},{\"id\":\"5414097903407104\",\"value\":\"346\"},{\"id\":\"5414097395896320\",\"value\":\"304\"},{\"id\":\"5414098058596352\",\"value\":\"357\"},{\"id\":\"5414096829665280\",\"value\":\"259\"},{\"id\":\"5414098364780544\",\"value\":\"384\"},{\"id\":\"5414097534308352\",\"value\":\"315\"},{\"id\":\"5414096968077312\",\"value\":\"270\"},{\"id\":\"5414097861464064\",\"value\":\"342\"},{\"id\":\"5414097995681792\",\"value\":\"353\"},{\"id\":\"5414098192814080\",\"value\":\"369\"},{\"id\":\"5414097353953280\",\"value\":\"300\"},{\"id\":\"5414097689497600\",\"value\":\"327\"},{\"id\":\"5414098322837504\",\"value\":\"380\"},{\"id\":\"5414097110683648\",\"value\":\"282\"},{\"id\":\"5414096926134272\",\"value\":\"266\"},{\"id\":\"5414097819521024\",\"value\":\"338\"},{\"id\":\"5414097265872896\",\"value\":\"293\"},{\"id\":\"5414097953738752\",\"value\":\"349\"},{\"id\":\"5414097483976704\",\"value\":\"312\"},{\"id\":\"5414098146676736\",\"value\":\"365\"},{\"id\":\"5414098280894464\",\"value\":\"376\"},{\"id\":\"5414097051963392\",\"value\":\"278\"},{\"id\":\"5414096884191232\",\"value\":\"262\"},{\"id\":\"5414097647554560\",\"value\":\"323\"},{\"id\":\"5414097773383680\",\"value\":\"334\"},{\"id\":\"5414097219735552\",\"value\":\"289\"},{\"id\":\"5414097442033664\",\"value\":\"308\"},{\"id\":\"5414098100539392\",\"value\":\"361\"},{\"id\":\"5414098238951424\",\"value\":\"374\"},{\"id\":\"5414097010020352\",\"value\":\"276\"},{\"id\":\"5414097605611520\",\"value\":\"321\"},{\"id\":\"5414097731440640\",\"value\":\"332\"},{\"id\":\"5414097152626688\",\"value\":\"287\"}]',627057273520128,0,'2022-03-29 12:08:28',0),
(8,8,5414096720613376,122,77,'[{\"id\":\"5414096745779200\",\"value\":\"253,254,255\"},{\"id\":\"5414096787722240\",\"value\":\"258\"},{\"id\":\"5414097265872896\",\"value\":\"293\"},{\"id\":\"5414098146676736\",\"value\":\"368\"},{\"id\":\"5414097395896320\",\"value\":\"304\"},{\"id\":\"5414097953738752\",\"value\":\"351\"},{\"id\":\"5414098280894464\",\"value\":\"378\"},{\"id\":\"5414097534308352\",\"value\":\"315\"},{\"id\":\"5414097051963392\",\"value\":\"278\"},{\"id\":\"5414097861464064\",\"value\":\"342\"},{\"id\":\"5414096884191232\",\"value\":\"262\"},{\"id\":\"5414097219735552\",\"value\":\"291\"},{\"id\":\"5414097353953280\",\"value\":\"302\"},{\"id\":\"5414098100539392\",\"value\":\"361\"},{\"id\":\"5414097689497600\",\"value\":\"327\"},{\"id\":\"5414098238951424\",\"value\":\"374\"},{\"id\":\"5414097010020352\",\"value\":\"277\"},{\"id\":\"5414097819521024\",\"value\":\"338\"},{\"id\":\"5414097903407104\",\"value\":\"346\"},{\"id\":\"5414097152626688\",\"value\":\"287\"},{\"id\":\"5414097307815936\",\"value\":\"299\"},{\"id\":\"5414097483976704\",\"value\":\"312\"},{\"id\":\"5414098058596352\",\"value\":\"359\"},{\"id\":\"5414097647554560\",\"value\":\"326\"},{\"id\":\"5414096829665280\",\"value\":\"261\"},{\"id\":\"5414098364780544\",\"value\":\"384\"},{\"id\":\"5414096968077312\",\"value\":\"272\"},{\"id\":\"5414097773383680\",\"value\":\"337\"},{\"id\":\"5414098192814080\",\"value\":\"369\"},{\"id\":\"5414097442033664\",\"value\":\"310\"},{\"id\":\"5414097995681792\",\"value\":\"353\"},{\"id\":\"5414098322837504\",\"value\":\"380\"},{\"id\":\"5414097605611520\",\"value\":\"321\"},{\"id\":\"5414096926134272\",\"value\":\"266\"},{\"id\":\"5414097731440640\",\"value\":\"330\"},{\"id\":\"5414097110683648\",\"value\":\"282\"}]',627057273520128,0,'2022-03-29 12:16:12',0),
(9,9,5414096720613376,122,NULL,'[{\"id\":\"5414096745779200\",\"value\":\"253,254,255,256\"},{\"id\":\"5414096787722240\",\"value\":\"258\"},{\"id\":\"5414097647554560\",\"value\":\"326\"},{\"id\":\"5414097953738752\",\"value\":\"352\"},{\"id\":\"5414097010020352\",\"value\":\"277\"},{\"id\":\"5414098146676736\",\"value\":\"368\"},{\"id\":\"5414097152626688\",\"value\":\"288\"},{\"id\":\"5414098280894464\",\"value\":\"379\"},{\"id\":\"5414097773383680\",\"value\":\"337\"},{\"id\":\"5414097307815936\",\"value\":\"299\"},{\"id\":\"5414097442033664\",\"value\":\"311\"},{\"id\":\"5414096829665280\",\"value\":\"261\"},{\"id\":\"5414096968077312\",\"value\":\"270\"},{\"id\":\"5414098100539392\",\"value\":\"361\"},{\"id\":\"5414097605611520\",\"value\":\"319\"},{\"id\":\"5414098238951424\",\"value\":\"372\"},{\"id\":\"5414097731440640\",\"value\":\"330\"},{\"id\":\"5414097903407104\",\"value\":\"346\"},{\"id\":\"5414097395896320\",\"value\":\"304\"},{\"id\":\"5414096926134272\",\"value\":\"266\"},{\"id\":\"5414098058596352\",\"value\":\"357\"},{\"id\":\"5414097534308352\",\"value\":\"315\"},{\"id\":\"5414097110683648\",\"value\":\"282\"},{\"id\":\"5414097265872896\",\"value\":\"293\"},{\"id\":\"5414098364780544\",\"value\":\"384\"},{\"id\":\"5414097861464064\",\"value\":\"342\"},{\"id\":\"5414097353953280\",\"value\":\"300\"},{\"id\":\"5414098192814080\",\"value\":\"369\"},{\"id\":\"5414096884191232\",\"value\":\"262\"},{\"id\":\"5414097689497600\",\"value\":\"327\"},{\"id\":\"5414097995681792\",\"value\":\"353\"},{\"id\":\"5414097051963392\",\"value\":\"280\"},{\"id\":\"5414097219735552\",\"value\":\"291\"},{\"id\":\"5414098322837504\",\"value\":\"382\"},{\"id\":\"5414097819521024\",\"value\":\"340\"},{\"id\":\"5414097483976704\",\"value\":\"313\"}]',627057273520128,0,'2022-03-29 12:23:48',1),
(10,10,5414096720613376,122,87,'[{\"id\":\"5414096745779200\",\"value\":\"253,254,255,256\"},{\"id\":\"5414096787722240\",\"value\":\"258\"},{\"id\":\"5414097647554560\",\"value\":\"325\"},{\"id\":\"5414097953738752\",\"value\":\"351\"},{\"id\":\"5414097010020352\",\"value\":\"277\"},{\"id\":\"5414098146676736\",\"value\":\"368\"},{\"id\":\"5414097152626688\",\"value\":\"288\"},{\"id\":\"5414098280894464\",\"value\":\"379\"},{\"id\":\"5414097773383680\",\"value\":\"337\"},{\"id\":\"5414097307815936\",\"value\":\"299\"},{\"id\":\"5414097442033664\",\"value\":\"311\"},{\"id\":\"5414096829665280\",\"value\":\"261\"},{\"id\":\"5414096968077312\",\"value\":\"270\"},{\"id\":\"5414098100539392\",\"value\":\"361\"},{\"id\":\"5414097605611520\",\"value\":\"319\"},{\"id\":\"5414098238951424\",\"value\":\"372\"},{\"id\":\"5414097731440640\",\"value\":\"330\"},{\"id\":\"5414097903407104\",\"value\":\"346\"},{\"id\":\"5414097395896320\",\"value\":\"304\"},{\"id\":\"5414096926134272\",\"value\":\"266\"},{\"id\":\"5414098058596352\",\"value\":\"357\"},{\"id\":\"5414097534308352\",\"value\":\"315\"},{\"id\":\"5414097110683648\",\"value\":\"282\"},{\"id\":\"5414097265872896\",\"value\":\"293\"},{\"id\":\"5414098364780544\",\"value\":\"384\"},{\"id\":\"5414097861464064\",\"value\":\"344\"},{\"id\":\"5414097353953280\",\"value\":\"302\"},{\"id\":\"5414098192814080\",\"value\":\"370\"},{\"id\":\"5414096884191232\",\"value\":\"264\"},{\"id\":\"5414097689497600\",\"value\":\"328\"},{\"id\":\"5414097995681792\",\"value\":\"353\"},{\"id\":\"5414097051963392\",\"value\":\"280\"},{\"id\":\"5414097219735552\",\"value\":\"291\"},{\"id\":\"5414098322837504\",\"value\":\"382\"},{\"id\":\"5414097819521024\",\"value\":\"340\"},{\"id\":\"5414097483976704\",\"value\":\"313\"}]',627057273520128,0,'2022-03-29 13:40:23',1),
(11,11,5414096720613376,21,72,'[{\"id\":\"5414096745779200\",\"value\":\"255,256\"},{\"id\":\"5414096787722240\",\"value\":\"257\"},{\"id\":\"5414097605611520\",\"value\":\"319\"},{\"id\":\"5414098100539392\",\"value\":\"364\"},{\"id\":\"5414097731440640\",\"value\":\"330\"},{\"id\":\"5414097051963392\",\"value\":\"278\"},{\"id\":\"5414098238951424\",\"value\":\"375\"},{\"id\":\"5414096884191232\",\"value\":\"265\"},{\"id\":\"5414097219735552\",\"value\":\"289\"},{\"id\":\"5414097395896320\",\"value\":\"306\"},{\"id\":\"5414097534308352\",\"value\":\"317\"},{\"id\":\"5414097903407104\",\"value\":\"346\"},{\"id\":\"5414098058596352\",\"value\":\"357\"},{\"id\":\"5414097861464064\",\"value\":\"342\"},{\"id\":\"5414098364780544\",\"value\":\"384\"},{\"id\":\"5414097010020352\",\"value\":\"274\"},{\"id\":\"5414097353953280\",\"value\":\"303\"},{\"id\":\"5414097152626688\",\"value\":\"285\"},{\"id\":\"5414097307815936\",\"value\":\"296\"},{\"id\":\"5414097689497600\",\"value\":\"327\"},{\"id\":\"5414097819521024\",\"value\":\"341\"},{\"id\":\"5414098192814080\",\"value\":\"369\"},{\"id\":\"5414096829665280\",\"value\":\"259\"},{\"id\":\"5414097995681792\",\"value\":\"353\"},{\"id\":\"5414098322837504\",\"value\":\"380\"},{\"id\":\"5414096968077312\",\"value\":\"270\"},{\"id\":\"5414097483976704\",\"value\":\"314\"},{\"id\":\"5414097647554560\",\"value\":\"325\"},{\"id\":\"5414097773383680\",\"value\":\"336\"},{\"id\":\"5414098146676736\",\"value\":\"367\"},{\"id\":\"5414097953738752\",\"value\":\"349\"},{\"id\":\"5414096926134272\",\"value\":\"268\"},{\"id\":\"5414097110683648\",\"value\":\"282\"},{\"id\":\"5414098280894464\",\"value\":\"376\"},{\"id\":\"5414097265872896\",\"value\":\"295\"},{\"id\":\"5414097442033664\",\"value\":\"310\"}]',627057273520128,0,'2022-03-29 13:53:35',0),
(12,12,5414096720613376,1,50,'[{\"id\":\"5414096745779200\",\"value\":\"\"},{\"id\":\"5414096787722240\",\"value\":\"257\"},{\"id\":\"5414097534308352\",\"value\":\"315\"},{\"id\":\"5414097903407104\",\"value\":\"346\"},{\"id\":\"5414098058596352\",\"value\":\"357\"},{\"id\":\"5414097861464064\",\"value\":\"342\"},{\"id\":\"5414098364780544\",\"value\":\"384\"},{\"id\":\"5414097110683648\",\"value\":\"282\"},{\"id\":\"5414096926134272\",\"value\":\"266\"},{\"id\":\"5414097353953280\",\"value\":\"300\"},{\"id\":\"5414097689497600\",\"value\":\"327\"},{\"id\":\"5414097265872896\",\"value\":\"293\"},{\"id\":\"5414097995681792\",\"value\":\"353\"},{\"id\":\"5414097819521024\",\"value\":\"338\"},{\"id\":\"5414098192814080\",\"value\":\"369\"},{\"id\":\"5414098322837504\",\"value\":\"380\"},{\"id\":\"5414097051963392\",\"value\":\"278\"},{\"id\":\"5414097483976704\",\"value\":\"312\"},{\"id\":\"5414096884191232\",\"value\":\"262\"},{\"id\":\"5414097219735552\",\"value\":\"289\"},{\"id\":\"5414097647554560\",\"value\":\"323\"},{\"id\":\"5414097953738752\",\"value\":\"349\"},{\"id\":\"5414097773383680\",\"value\":\"334\"},{\"id\":\"5414098146676736\",\"value\":\"367\"},{\"id\":\"5414098280894464\",\"value\":\"378\"},{\"id\":\"5414097010020352\",\"value\":\"276\"},{\"id\":\"5414097442033664\",\"value\":\"310\"},{\"id\":\"5414097152626688\",\"value\":\"287\"},{\"id\":\"5414097605611520\",\"value\":\"319\"},{\"id\":\"5414097731440640\",\"value\":\"330\"},{\"id\":\"5414098100539392\",\"value\":\"361\"},{\"id\":\"5414097307815936\",\"value\":\"296\"},{\"id\":\"5414098238951424\",\"value\":\"372\"},{\"id\":\"5414096829665280\",\"value\":\"260\"},{\"id\":\"5414097395896320\",\"value\":\"306\"},{\"id\":\"5414096968077312\",\"value\":\"272\"}]',627057273520128,0,'2022-03-31 20:11:39',0),
(13,13,5414096720613376,28,34,'[{\"id\":\"5414096745779200\",\"value\":\"255\"},{\"id\":\"5414096787722240\",\"value\":\"257\"},{\"id\":\"5414097534308352\",\"value\":\"315\"},{\"id\":\"5414097903407104\",\"value\":\"346\"},{\"id\":\"5414098058596352\",\"value\":\"357\"},{\"id\":\"5414097861464064\",\"value\":\"342\"},{\"id\":\"5414098364780544\",\"value\":\"384\"},{\"id\":\"5414097010020352\",\"value\":\"274\"},{\"id\":\"5414097152626688\",\"value\":\"285\"},{\"id\":\"5414097353953280\",\"value\":\"302\"},{\"id\":\"5414097307815936\",\"value\":\"296\"},{\"id\":\"5414097689497600\",\"value\":\"327\"},{\"id\":\"5414097995681792\",\"value\":\"353\"},{\"id\":\"5414097819521024\",\"value\":\"338\"},{\"id\":\"5414098192814080\",\"value\":\"369\"},{\"id\":\"5414096829665280\",\"value\":\"259\"},{\"id\":\"5414098322837504\",\"value\":\"380\"},{\"id\":\"5414096968077312\",\"value\":\"270\"},{\"id\":\"5414097483976704\",\"value\":\"312\"},{\"id\":\"5414097647554560\",\"value\":\"323\"},{\"id\":\"5414097773383680\",\"value\":\"334\"},{\"id\":\"5414098146676736\",\"value\":\"365\"},{\"id\":\"5414097953738752\",\"value\":\"349\"},{\"id\":\"5414098280894464\",\"value\":\"376\"},{\"id\":\"5414096926134272\",\"value\":\"266\"},{\"id\":\"5414097110683648\",\"value\":\"282\"},{\"id\":\"5414097442033664\",\"value\":\"308\"},{\"id\":\"5414097265872896\",\"value\":\"293\"},{\"id\":\"5414097605611520\",\"value\":\"319\"},{\"id\":\"5414097731440640\",\"value\":\"330\"},{\"id\":\"5414098100539392\",\"value\":\"361\"},{\"id\":\"5414096884191232\",\"value\":\"262\"},{\"id\":\"5414097051963392\",\"value\":\"278\"},{\"id\":\"5414098238951424\",\"value\":\"372\"},{\"id\":\"5414097219735552\",\"value\":\"289\"},{\"id\":\"5414097395896320\",\"value\":\"304\"}]',630522716536832,2,'2022-04-03 19:00:42',0),
(14,14,5414096720613376,51,47,'[{\"id\":\"5414096745779200\",\"value\":\"\"},{\"id\":\"5414096787722240\",\"value\":\"258\"},{\"id\":\"5414097534308352\",\"value\":\"315\"},{\"id\":\"5414097903407104\",\"value\":\"347\"},{\"id\":\"5414098058596352\",\"value\":\"358\"},{\"id\":\"5414097861464064\",\"value\":\"343\"},{\"id\":\"5414098364780544\",\"value\":\"385\"},{\"id\":\"5414097010020352\",\"value\":\"275\"},{\"id\":\"5414097152626688\",\"value\":\"286\"},{\"id\":\"5414097353953280\",\"value\":\"300\"},{\"id\":\"5414097307815936\",\"value\":\"296\"},{\"id\":\"5414097689497600\",\"value\":\"327\"},{\"id\":\"5414097995681792\",\"value\":\"353\"},{\"id\":\"5414097819521024\",\"value\":\"338\"},{\"id\":\"5414098192814080\",\"value\":\"369\"},{\"id\":\"5414096829665280\",\"value\":\"259\"},{\"id\":\"5414098322837504\",\"value\":\"380\"},{\"id\":\"5414096968077312\",\"value\":\"270\"},{\"id\":\"5414097483976704\",\"value\":\"312\"},{\"id\":\"5414097647554560\",\"value\":\"323\"},{\"id\":\"5414097773383680\",\"value\":\"334\"},{\"id\":\"5414098146676736\",\"value\":\"365\"},{\"id\":\"5414097953738752\",\"value\":\"349\"},{\"id\":\"5414098280894464\",\"value\":\"376\"},{\"id\":\"5414096926134272\",\"value\":\"266\"},{\"id\":\"5414097110683648\",\"value\":\"282\"},{\"id\":\"5414097442033664\",\"value\":\"308\"},{\"id\":\"5414097265872896\",\"value\":\"293\"},{\"id\":\"5414097605611520\",\"value\":\"319\"},{\"id\":\"5414097731440640\",\"value\":\"330\"},{\"id\":\"5414098100539392\",\"value\":\"361\"},{\"id\":\"5414096884191232\",\"value\":\"262\"},{\"id\":\"5414097051963392\",\"value\":\"278\"},{\"id\":\"5414098238951424\",\"value\":\"372\"},{\"id\":\"5414097219735552\",\"value\":\"289\"},{\"id\":\"5414097395896320\",\"value\":\"304\"}]',9013631392927744,0,'2022-04-04 13:23:27',0),
(15,15,5414096720613376,9,175,'[{\"id\":\"5414096745779200\",\"value\":\"\"},{\"id\":\"5414096787722240\",\"value\":\"258\"},{\"id\":\"5414097353953280\",\"value\":\"303\"},{\"id\":\"5414097689497600\",\"value\":\"329\"},{\"id\":\"5414097010020352\",\"value\":\"277\"},{\"id\":\"5414097819521024\",\"value\":\"341\"},{\"id\":\"5414098146676736\",\"value\":\"368\"},{\"id\":\"5414097152626688\",\"value\":\"288\"},{\"id\":\"5414097953738752\",\"value\":\"352\"},{\"id\":\"5414098280894464\",\"value\":\"379\"},{\"id\":\"5414097307815936\",\"value\":\"299\"},{\"id\":\"5414096829665280\",\"value\":\"261\"},{\"id\":\"5414097483976704\",\"value\":\"314\"},{\"id\":\"5414097647554560\",\"value\":\"326\"},{\"id\":\"5414096968077312\",\"value\":\"273\"},{\"id\":\"5414097773383680\",\"value\":\"337\"},{\"id\":\"5414098100539392\",\"value\":\"364\"},{\"id\":\"5414098238951424\",\"value\":\"375\"},{\"id\":\"5414097442033664\",\"value\":\"311\"},{\"id\":\"5414097110683648\",\"value\":\"284\"},{\"id\":\"5414097605611520\",\"value\":\"322\"},{\"id\":\"5414097903407104\",\"value\":\"348\"},{\"id\":\"5414096926134272\",\"value\":\"269\"},{\"id\":\"5414097265872896\",\"value\":\"295\"},{\"id\":\"5414097731440640\",\"value\":\"333\"},{\"id\":\"5414098058596352\",\"value\":\"360\"},{\"id\":\"5414098364780544\",\"value\":\"386\"},{\"id\":\"5414097395896320\",\"value\":\"307\"},{\"id\":\"5414097051963392\",\"value\":\"281\"},{\"id\":\"5414097534308352\",\"value\":\"318\"},{\"id\":\"5414096884191232\",\"value\":\"265\"},{\"id\":\"5414097861464064\",\"value\":\"345\"},{\"id\":\"5414098192814080\",\"value\":\"371\"},{\"id\":\"5414097219735552\",\"value\":\"292\"},{\"id\":\"5414097995681792\",\"value\":\"356\"},{\"id\":\"5414098322837504\",\"value\":\"383\"}]',9036295864045568,0,'2022-04-04 14:50:22',0),
(16,16,5414096720613376,35,55,'[{\"id\":\"5414096745779200\",\"value\":\"\"},{\"id\":\"5414096787722240\",\"value\":\"258\"},{\"id\":\"5414097442033664\",\"value\":\"308\"},{\"id\":\"5414097265872896\",\"value\":\"295\"},{\"id\":\"5414097605611520\",\"value\":\"321\"},{\"id\":\"5414097731440640\",\"value\":\"332\"},{\"id\":\"5414098100539392\",\"value\":\"364\"},{\"id\":\"5414097051963392\",\"value\":\"280\"},{\"id\":\"5414098238951424\",\"value\":\"372\"},{\"id\":\"5414096884191232\",\"value\":\"262\"},{\"id\":\"5414097395896320\",\"value\":\"304\"},{\"id\":\"5414097219735552\",\"value\":\"291\"},{\"id\":\"5414097903407104\",\"value\":\"346\"},{\"id\":\"5414097534308352\",\"value\":\"315\"},{\"id\":\"5414097861464064\",\"value\":\"342\"},{\"id\":\"5414098058596352\",\"value\":\"357\"},{\"id\":\"5414097010020352\",\"value\":\"274\"},{\"id\":\"5414098364780544\",\"value\":\"384\"},{\"id\":\"5414097353953280\",\"value\":\"300\"},{\"id\":\"5414097152626688\",\"value\":\"285\"},{\"id\":\"5414097307815936\",\"value\":\"296\"},{\"id\":\"5414097689497600\",\"value\":\"327\"},{\"id\":\"5414098192814080\",\"value\":\"369\"},{\"id\":\"5414096829665280\",\"value\":\"259\"},{\"id\":\"5414097995681792\",\"value\":\"353\"},{\"id\":\"5414097819521024\",\"value\":\"338\"},{\"id\":\"5414098322837504\",\"value\":\"380\"},{\"id\":\"5414096968077312\",\"value\":\"270\"},{\"id\":\"5414097483976704\",\"value\":\"312\"},{\"id\":\"5414097647554560\",\"value\":\"323\"},{\"id\":\"5414098146676736\",\"value\":\"365\"},{\"id\":\"5414097953738752\",\"value\":\"349\"},{\"id\":\"5414097773383680\",\"value\":\"334\"},{\"id\":\"5414097110683648\",\"value\":\"282\"},{\"id\":\"5414098280894464\",\"value\":\"376\"},{\"id\":\"5414096926134272\",\"value\":\"266\"}]',9036295864045568,0,'2022-04-04 15:42:58',0),
(17,17,5414096720613376,13,38,'[{\"id\":\"5414096745779200\",\"value\":\"256\"},{\"id\":\"5414096787722240\",\"value\":\"258\"},{\"id\":\"5414097353953280\",\"value\":\"301\"},{\"id\":\"5414097689497600\",\"value\":\"327\"},{\"id\":\"5414097010020352\",\"value\":\"274\"},{\"id\":\"5414097819521024\",\"value\":\"338\"},{\"id\":\"5414098146676736\",\"value\":\"365\"},{\"id\":\"5414097152626688\",\"value\":\"285\"},{\"id\":\"5414097953738752\",\"value\":\"349\"},{\"id\":\"5414098280894464\",\"value\":\"376\"},{\"id\":\"5414097307815936\",\"value\":\"296\"},{\"id\":\"5414096829665280\",\"value\":\"259\"},{\"id\":\"5414097483976704\",\"value\":\"312\"},{\"id\":\"5414097647554560\",\"value\":\"323\"},{\"id\":\"5414096968077312\",\"value\":\"270\"},{\"id\":\"5414097773383680\",\"value\":\"334\"},{\"id\":\"5414098100539392\",\"value\":\"361\"},{\"id\":\"5414098238951424\",\"value\":\"372\"},{\"id\":\"5414097442033664\",\"value\":\"308\"},{\"id\":\"5414097110683648\",\"value\":\"282\"},{\"id\":\"5414097605611520\",\"value\":\"319\"},{\"id\":\"5414097903407104\",\"value\":\"346\"},{\"id\":\"5414096926134272\",\"value\":\"266\"},{\"id\":\"5414097265872896\",\"value\":\"293\"},{\"id\":\"5414097731440640\",\"value\":\"330\"},{\"id\":\"5414098058596352\",\"value\":\"357\"},{\"id\":\"5414098364780544\",\"value\":\"384\"},{\"id\":\"5414097395896320\",\"value\":\"304\"},{\"id\":\"5414097051963392\",\"value\":\"278\"},{\"id\":\"5414097534308352\",\"value\":\"315\"},{\"id\":\"5414096884191232\",\"value\":\"262\"},{\"id\":\"5414097861464064\",\"value\":\"342\"},{\"id\":\"5414098192814080\",\"value\":\"369\"},{\"id\":\"5414097219735552\",\"value\":\"289\"},{\"id\":\"5414097995681792\",\"value\":\"353\"},{\"id\":\"5414098322837504\",\"value\":\"380\"}]',627057273520128,0,'2022-04-04 19:20:27',0),
(18,18,5414096720613376,96,41,'[{\"id\":\"5414096745779200\",\"value\":\"256\"},{\"id\":\"5414096787722240\",\"value\":\"258\"},{\"id\":\"5414097353953280\",\"value\":\"303\"},{\"id\":\"5414097689497600\",\"value\":\"327\"},{\"id\":\"5414097010020352\",\"value\":\"274\"},{\"id\":\"5414097819521024\",\"value\":\"338\"},{\"id\":\"5414098146676736\",\"value\":\"365\"},{\"id\":\"5414097152626688\",\"value\":\"285\"},{\"id\":\"5414097953738752\",\"value\":\"349\"},{\"id\":\"5414098280894464\",\"value\":\"376\"},{\"id\":\"5414097307815936\",\"value\":\"296\"},{\"id\":\"5414096829665280\",\"value\":\"259\"},{\"id\":\"5414097483976704\",\"value\":\"312\"},{\"id\":\"5414097647554560\",\"value\":\"323\"},{\"id\":\"5414096968077312\",\"value\":\"270\"},{\"id\":\"5414097773383680\",\"value\":\"334\"},{\"id\":\"5414098100539392\",\"value\":\"361\"},{\"id\":\"5414098238951424\",\"value\":\"372\"},{\"id\":\"5414097442033664\",\"value\":\"308\"},{\"id\":\"5414097110683648\",\"value\":\"282\"},{\"id\":\"5414097605611520\",\"value\":\"319\"},{\"id\":\"5414097903407104\",\"value\":\"346\"},{\"id\":\"5414096926134272\",\"value\":\"266\"},{\"id\":\"5414097265872896\",\"value\":\"293\"},{\"id\":\"5414097731440640\",\"value\":\"330\"},{\"id\":\"5414098058596352\",\"value\":\"357\"},{\"id\":\"5414098364780544\",\"value\":\"384\"},{\"id\":\"5414097395896320\",\"value\":\"304\"},{\"id\":\"5414097051963392\",\"value\":\"278\"},{\"id\":\"5414097534308352\",\"value\":\"315\"},{\"id\":\"5414096884191232\",\"value\":\"262\"},{\"id\":\"5414097861464064\",\"value\":\"342\"},{\"id\":\"5414098192814080\",\"value\":\"369\"},{\"id\":\"5414097219735552\",\"value\":\"289\"},{\"id\":\"5414097995681792\",\"value\":\"353\"},{\"id\":\"5414098322837504\",\"value\":\"380\"}]',627057273520128,0,'2022-04-04 19:24:33',0),
(19,19,5414096720613376,62,62,'[{\"id\":\"5414096745779200\",\"value\":\"256\"},{\"id\":\"5414096787722240\",\"value\":\"257\"},{\"id\":\"5414097819521024\",\"value\":\"338\"},{\"id\":\"5414097152626688\",\"value\":\"288\"},{\"id\":\"5414098192814080\",\"value\":\"371\"},{\"id\":\"5414097995681792\",\"value\":\"353\"},{\"id\":\"5414097307815936\",\"value\":\"299\"},{\"id\":\"5414098322837504\",\"value\":\"383\"},{\"id\":\"5414097483976704\",\"value\":\"314\"},{\"id\":\"5414096829665280\",\"value\":\"259\"},{\"id\":\"5414097647554560\",\"value\":\"323\"},{\"id\":\"5414096968077312\",\"value\":\"270\"},{\"id\":\"5414097773383680\",\"value\":\"334\"},{\"id\":\"5414098146676736\",\"value\":\"365\"},{\"id\":\"5414097953738752\",\"value\":\"349\"},{\"id\":\"5414098280894464\",\"value\":\"376\"},{\"id\":\"5414097442033664\",\"value\":\"308\"},{\"id\":\"5414097110683648\",\"value\":\"282\"},{\"id\":\"5414097605611520\",\"value\":\"319\"},{\"id\":\"5414096926134272\",\"value\":\"266\"},{\"id\":\"5414098100539392\",\"value\":\"361\"},{\"id\":\"5414097265872896\",\"value\":\"293\"},{\"id\":\"5414097731440640\",\"value\":\"332\"},{\"id\":\"5414098238951424\",\"value\":\"372\"},{\"id\":\"5414097395896320\",\"value\":\"304\"},{\"id\":\"5414097051963392\",\"value\":\"280\"},{\"id\":\"5414097534308352\",\"value\":\"315\"},{\"id\":\"5414096884191232\",\"value\":\"262\"},{\"id\":\"5414097903407104\",\"value\":\"346\"},{\"id\":\"5414098058596352\",\"value\":\"359\"},{\"id\":\"5414097861464064\",\"value\":\"342\"},{\"id\":\"5414097219735552\",\"value\":\"289\"},{\"id\":\"5414098364780544\",\"value\":\"384\"},{\"id\":\"5414097353953280\",\"value\":\"302\"},{\"id\":\"5414097010020352\",\"value\":\"276\"},{\"id\":\"5414097689497600\",\"value\":\"327\"}]',627057273520128,0,'2022-04-07 15:02:55',0),
(20,20,5414096720613376,35,48,'[{\"id\":\"5414096745779200\",\"value\":\"254\"},{\"id\":\"5414096787722240\",\"value\":\"257\"},{\"id\":\"5414097605611520\",\"value\":\"319\"},{\"id\":\"5414096926134272\",\"value\":\"266\"},{\"id\":\"5414098100539392\",\"value\":\"361\"},{\"id\":\"5414097110683648\",\"value\":\"282\"},{\"id\":\"5414097731440640\",\"value\":\"330\"},{\"id\":\"5414097265872896\",\"value\":\"293\"},{\"id\":\"5414098238951424\",\"value\":\"372\"},{\"id\":\"5414097395896320\",\"value\":\"304\"},{\"id\":\"5414097534308352\",\"value\":\"315\"},{\"id\":\"5414097903407104\",\"value\":\"346\"},{\"id\":\"5414097861464064\",\"value\":\"342\"},{\"id\":\"5414097051963392\",\"value\":\"278\"},{\"id\":\"5414096884191232\",\"value\":\"262\"},{\"id\":\"5414098058596352\",\"value\":\"357\"},{\"id\":\"5414097219735552\",\"value\":\"289\"},{\"id\":\"5414098364780544\",\"value\":\"384\"},{\"id\":\"5414097353953280\",\"value\":\"300\"},{\"id\":\"5414097689497600\",\"value\":\"327\"},{\"id\":\"5414097819521024\",\"value\":\"338\"},{\"id\":\"5414097010020352\",\"value\":\"274\"},{\"id\":\"5414098192814080\",\"value\":\"371\"},{\"id\":\"5414097995681792\",\"value\":\"356\"},{\"id\":\"5414097152626688\",\"value\":\"288\"},{\"id\":\"5414098322837504\",\"value\":\"380\"},{\"id\":\"5414097307815936\",\"value\":\"299\"},{\"id\":\"5414097483976704\",\"value\":\"312\"},{\"id\":\"5414097647554560\",\"value\":\"323\"},{\"id\":\"5414096829665280\",\"value\":\"259\"},{\"id\":\"5414096968077312\",\"value\":\"270\"},{\"id\":\"5414098146676736\",\"value\":\"365\"},{\"id\":\"5414097953738752\",\"value\":\"349\"},{\"id\":\"5414097773383680\",\"value\":\"334\"},{\"id\":\"5414098280894464\",\"value\":\"376\"},{\"id\":\"5414097442033664\",\"value\":\"308\"}]',627057273520128,0,'2022-04-07 15:04:01',0),
(21,21,5414096720613376,32,38,'[{\"id\":\"5414096745779200\",\"value\":\"\"},{\"id\":\"5414096787722240\",\"value\":\"257\"},{\"id\":\"5414097605611520\",\"value\":\"319\"},{\"id\":\"5414097731440640\",\"value\":\"330\"},{\"id\":\"5414097110683648\",\"value\":\"282\"},{\"id\":\"5414098146676736\",\"value\":\"365\"},{\"id\":\"5414096926134272\",\"value\":\"266\"},{\"id\":\"5414097953738752\",\"value\":\"349\"},{\"id\":\"5414097395896320\",\"value\":\"307\"},{\"id\":\"5414097265872896\",\"value\":\"293\"},{\"id\":\"5414098280894464\",\"value\":\"376\"},{\"id\":\"5414097534308352\",\"value\":\"315\"},{\"id\":\"5414097861464064\",\"value\":\"342\"},{\"id\":\"5414098100539392\",\"value\":\"361\"},{\"id\":\"5414096884191232\",\"value\":\"262\"},{\"id\":\"5414097051963392\",\"value\":\"278\"},{\"id\":\"5414097353953280\",\"value\":\"300\"},{\"id\":\"5414097219735552\",\"value\":\"289\"},{\"id\":\"5414098238951424\",\"value\":\"372\"},{\"id\":\"5414097689497600\",\"value\":\"327\"},{\"id\":\"5414097903407104\",\"value\":\"346\"},{\"id\":\"5414097819521024\",\"value\":\"338\"},{\"id\":\"5414097010020352\",\"value\":\"274\"},{\"id\":\"5414098058596352\",\"value\":\"357\"},{\"id\":\"5414098364780544\",\"value\":\"384\"},{\"id\":\"5414097152626688\",\"value\":\"285\"},{\"id\":\"5414097483976704\",\"value\":\"312\"},{\"id\":\"5414097647554560\",\"value\":\"323\"},{\"id\":\"5414097307815936\",\"value\":\"296\"},{\"id\":\"5414096829665280\",\"value\":\"259\"},{\"id\":\"5414097773383680\",\"value\":\"334\"},{\"id\":\"5414098192814080\",\"value\":\"369\"},{\"id\":\"5414096968077312\",\"value\":\"270\"},{\"id\":\"5414097995681792\",\"value\":\"353\"},{\"id\":\"5414097442033664\",\"value\":\"308\"},{\"id\":\"5414098322837504\",\"value\":\"380\"}]',5423701911105536,2,'2022-04-07 15:09:04',0),
(22,22,5414096720613376,16,34,'[{\"id\":\"5414096745779200\",\"value\":\"\"},{\"id\":\"5414096787722240\",\"value\":\"257\"},{\"id\":\"5414096926134272\",\"value\":\"266\"},{\"id\":\"5414097110683648\",\"value\":\"282\"},{\"id\":\"5414097995681792\",\"value\":\"353\"},{\"id\":\"5414097265872896\",\"value\":\"293\"},{\"id\":\"5414097395896320\",\"value\":\"304\"},{\"id\":\"5414098192814080\",\"value\":\"369\"},{\"id\":\"5414097534308352\",\"value\":\"315\"},{\"id\":\"5414098322837504\",\"value\":\"380\"},{\"id\":\"5414097861464064\",\"value\":\"342\"},{\"id\":\"5414096884191232\",\"value\":\"262\"},{\"id\":\"5414097051963392\",\"value\":\"278\"},{\"id\":\"5414097219735552\",\"value\":\"289\"},{\"id\":\"5414097353953280\",\"value\":\"300\"},{\"id\":\"5414098146676736\",\"value\":\"365\"},{\"id\":\"5414097953738752\",\"value\":\"349\"},{\"id\":\"5414098280894464\",\"value\":\"376\"},{\"id\":\"5414097689497600\",\"value\":\"327\"},{\"id\":\"5414097819521024\",\"value\":\"338\"},{\"id\":\"5414097010020352\",\"value\":\"274\"},{\"id\":\"5414097152626688\",\"value\":\"285\"},{\"id\":\"5414097483976704\",\"value\":\"312\"},{\"id\":\"5414098100539392\",\"value\":\"361\"},{\"id\":\"5414097307815936\",\"value\":\"296\"},{\"id\":\"5414097647554560\",\"value\":\"323\"},{\"id\":\"5414098238951424\",\"value\":\"372\"},{\"id\":\"5414097773383680\",\"value\":\"334\"},{\"id\":\"5414096829665280\",\"value\":\"259\"},{\"id\":\"5414096968077312\",\"value\":\"270\"},{\"id\":\"5414097903407104\",\"value\":\"346\"},{\"id\":\"5414098058596352\",\"value\":\"357\"},{\"id\":\"5414097442033664\",\"value\":\"308\"},{\"id\":\"5414097605611520\",\"value\":\"319\"},{\"id\":\"5414098364780544\",\"value\":\"384\"},{\"id\":\"5414097731440640\",\"value\":\"330\"}]',10236331385933824,2,'2022-04-07 22:24:23',0),
(23,23,5414096720613376,61,46,'[{\"id\":\"5414096745779200\",\"value\":\"256\"},{\"id\":\"5414096787722240\",\"value\":\"257\"},{\"id\":\"5414097731440640\",\"value\":\"332\"},{\"id\":\"5414098100539392\",\"value\":\"363\"},{\"id\":\"5414098238951424\",\"value\":\"374\"},{\"id\":\"5414097010020352\",\"value\":\"276\"},{\"id\":\"5414097395896320\",\"value\":\"306\"},{\"id\":\"5414097152626688\",\"value\":\"287\"},{\"id\":\"5414097534308352\",\"value\":\"317\"},{\"id\":\"5414097307815936\",\"value\":\"296\"},{\"id\":\"5414097903407104\",\"value\":\"346\"},{\"id\":\"5414096829665280\",\"value\":\"259\"},{\"id\":\"5414098058596352\",\"value\":\"357\"},{\"id\":\"5414097861464064\",\"value\":\"342\"},{\"id\":\"5414098364780544\",\"value\":\"384\"},{\"id\":\"5414096968077312\",\"value\":\"270\"},{\"id\":\"5414097353953280\",\"value\":\"300\"},{\"id\":\"5414097689497600\",\"value\":\"327\"},{\"id\":\"5414097995681792\",\"value\":\"353\"},{\"id\":\"5414097819521024\",\"value\":\"338\"},{\"id\":\"5414098192814080\",\"value\":\"369\"},{\"id\":\"5414097110683648\",\"value\":\"282\"},{\"id\":\"5414098322837504\",\"value\":\"380\"},{\"id\":\"5414096926134272\",\"value\":\"266\"},{\"id\":\"5414097483976704\",\"value\":\"312\"},{\"id\":\"5414097265872896\",\"value\":\"293\"},{\"id\":\"5414097647554560\",\"value\":\"323\"},{\"id\":\"5414097953738752\",\"value\":\"349\"},{\"id\":\"5414097773383680\",\"value\":\"334\"},{\"id\":\"5414098146676736\",\"value\":\"365\"},{\"id\":\"5414097051963392\",\"value\":\"278\"},{\"id\":\"5414098280894464\",\"value\":\"376\"},{\"id\":\"5414096884191232\",\"value\":\"262\"},{\"id\":\"5414097442033664\",\"value\":\"308\"},{\"id\":\"5414097219735552\",\"value\":\"289\"},{\"id\":\"5414097605611520\",\"value\":\"319\"}]',627057273520128,0,'2022-04-07 23:16:51',0),
(24,24,5414096720613376,7,43,'[{\"id\":\"5414096745779200\",\"value\":\"\"},{\"id\":\"5414096787722240\",\"value\":\"258\"},{\"id\":\"5414097731440640\",\"value\":\"333\"},{\"id\":\"5414098100539392\",\"value\":\"361\"},{\"id\":\"5414098238951424\",\"value\":\"372\"},{\"id\":\"5414097010020352\",\"value\":\"274\"},{\"id\":\"5414097395896320\",\"value\":\"304\"},{\"id\":\"5414097152626688\",\"value\":\"285\"},{\"id\":\"5414097534308352\",\"value\":\"315\"},{\"id\":\"5414097307815936\",\"value\":\"296\"},{\"id\":\"5414097903407104\",\"value\":\"346\"},{\"id\":\"5414096829665280\",\"value\":\"259\"},{\"id\":\"5414098058596352\",\"value\":\"357\"},{\"id\":\"5414097861464064\",\"value\":\"342\"},{\"id\":\"5414098364780544\",\"value\":\"384\"},{\"id\":\"5414096968077312\",\"value\":\"270\"},{\"id\":\"5414097353953280\",\"value\":\"300\"},{\"id\":\"5414097689497600\",\"value\":\"327\"},{\"id\":\"5414097995681792\",\"value\":\"353\"},{\"id\":\"5414097819521024\",\"value\":\"338\"},{\"id\":\"5414098192814080\",\"value\":\"369\"},{\"id\":\"5414097110683648\",\"value\":\"282\"},{\"id\":\"5414098322837504\",\"value\":\"380\"},{\"id\":\"5414096926134272\",\"value\":\"266\"},{\"id\":\"5414097483976704\",\"value\":\"312\"},{\"id\":\"5414097265872896\",\"value\":\"293\"},{\"id\":\"5414097647554560\",\"value\":\"323\"},{\"id\":\"5414097953738752\",\"value\":\"349\"},{\"id\":\"5414097773383680\",\"value\":\"334\"},{\"id\":\"5414098146676736\",\"value\":\"365\"},{\"id\":\"5414097051963392\",\"value\":\"278\"},{\"id\":\"5414098280894464\",\"value\":\"376\"},{\"id\":\"5414096884191232\",\"value\":\"262\"},{\"id\":\"5414097442033664\",\"value\":\"308\"},{\"id\":\"5414097219735552\",\"value\":\"289\"},{\"id\":\"5414097605611520\",\"value\":\"319\"}]',627057273520128,0,'2022-04-07 23:16:54',0),
(25,25,5414096720613376,47,74,'[{\"id\":\"5414096745779200\",\"value\":\"\"},{\"id\":\"5414096787722240\",\"value\":\"257\"},{\"id\":\"5414097731440640\",\"value\":\"330\"},{\"id\":\"5414098100539392\",\"value\":\"361\"},{\"id\":\"5414098238951424\",\"value\":\"372\"},{\"id\":\"5414097010020352\",\"value\":\"274\"},{\"id\":\"5414097395896320\",\"value\":\"304\"},{\"id\":\"5414097152626688\",\"value\":\"285\"},{\"id\":\"5414097534308352\",\"value\":\"315\"},{\"id\":\"5414097307815936\",\"value\":\"296\"},{\"id\":\"5414097903407104\",\"value\":\"346\"},{\"id\":\"5414096829665280\",\"value\":\"259\"},{\"id\":\"5414098058596352\",\"value\":\"357\"},{\"id\":\"5414097861464064\",\"value\":\"342\"},{\"id\":\"5414098364780544\",\"value\":\"384\"},{\"id\":\"5414096968077312\",\"value\":\"270\"},{\"id\":\"5414097353953280\",\"value\":\"302\"},{\"id\":\"5414097689497600\",\"value\":\"329\"},{\"id\":\"5414097995681792\",\"value\":\"355\"},{\"id\":\"5414097819521024\",\"value\":\"340\"},{\"id\":\"5414098192814080\",\"value\":\"370\"},{\"id\":\"5414097110683648\",\"value\":\"284\"},{\"id\":\"5414098322837504\",\"value\":\"382\"},{\"id\":\"5414096926134272\",\"value\":\"268\"},{\"id\":\"5414097483976704\",\"value\":\"313\"},{\"id\":\"5414097265872896\",\"value\":\"294\"},{\"id\":\"5414097647554560\",\"value\":\"325\"},{\"id\":\"5414097953738752\",\"value\":\"351\"},{\"id\":\"5414097773383680\",\"value\":\"336\"},{\"id\":\"5414098146676736\",\"value\":\"367\"},{\"id\":\"5414097051963392\",\"value\":\"280\"},{\"id\":\"5414098280894464\",\"value\":\"376\"},{\"id\":\"5414096884191232\",\"value\":\"262\"},{\"id\":\"5414097442033664\",\"value\":\"308\"},{\"id\":\"5414097219735552\",\"value\":\"292\"},{\"id\":\"5414097605611520\",\"value\":\"321\"}]',627057273520128,0,'2022-04-07 23:19:12',0),
(26,26,5414096720613376,1,32,'[{\"id\":\"5414096745779200\",\"value\":\"256\"},{\"id\":\"5414096787722240\",\"value\":\"257\"},{\"id\":\"5414097605611520\",\"value\":\"319\"},{\"id\":\"5414098100539392\",\"value\":\"361\"},{\"id\":\"5414097010020352\",\"value\":\"274\"},{\"id\":\"5414097731440640\",\"value\":\"330\"},{\"id\":\"5414097152626688\",\"value\":\"285\"},{\"id\":\"5414098238951424\",\"value\":\"372\"},{\"id\":\"5414097307815936\",\"value\":\"296\"},{\"id\":\"5414097395896320\",\"value\":\"304\"},{\"id\":\"5414097534308352\",\"value\":\"315\"},{\"id\":\"5414097903407104\",\"value\":\"346\"},{\"id\":\"5414096829665280\",\"value\":\"259\"},{\"id\":\"5414097861464064\",\"value\":\"342\"},{\"id\":\"5414096968077312\",\"value\":\"270\"},{\"id\":\"5414098058596352\",\"value\":\"357\"},{\"id\":\"5414098364780544\",\"value\":\"384\"},{\"id\":\"5414097353953280\",\"value\":\"300\"},{\"id\":\"5414097689497600\",\"value\":\"327\"},{\"id\":\"5414097819521024\",\"value\":\"338\"},{\"id\":\"5414096926134272\",\"value\":\"266\"},{\"id\":\"5414098192814080\",\"value\":\"369\"},{\"id\":\"5414097995681792\",\"value\":\"353\"},{\"id\":\"5414097110683648\",\"value\":\"282\"},{\"id\":\"5414097265872896\",\"value\":\"293\"},{\"id\":\"5414098322837504\",\"value\":\"380\"},{\"id\":\"5414097483976704\",\"value\":\"312\"},{\"id\":\"5414097647554560\",\"value\":\"323\"},{\"id\":\"5414096884191232\",\"value\":\"262\"},{\"id\":\"5414098146676736\",\"value\":\"365\"},{\"id\":\"5414097953738752\",\"value\":\"349\"},{\"id\":\"5414097051963392\",\"value\":\"278\"},{\"id\":\"5414097773383680\",\"value\":\"334\"},{\"id\":\"5414097219735552\",\"value\":\"289\"},{\"id\":\"5414098280894464\",\"value\":\"376\"},{\"id\":\"5414097442033664\",\"value\":\"308\"}]',9036295864045568,0,'2022-04-11 09:39:02',0),
(27,27,5414096720613376,1,34,'[{\"id\":\"5414096745779200\",\"value\":\"\"},{\"id\":\"5414096787722240\",\"value\":\"257\"},{\"id\":\"5414097442033664\",\"value\":\"308\"},{\"id\":\"5414097265872896\",\"value\":\"293\"},{\"id\":\"5414098192814080\",\"value\":\"369\"},{\"id\":\"5414097995681792\",\"value\":\"353\"},{\"id\":\"5414097605611520\",\"value\":\"319\"},{\"id\":\"5414098322837504\",\"value\":\"380\"},{\"id\":\"5414097731440640\",\"value\":\"330\"},{\"id\":\"5414097051963392\",\"value\":\"278\"},{\"id\":\"5414096884191232\",\"value\":\"262\"},{\"id\":\"5414097395896320\",\"value\":\"304\"},{\"id\":\"5414097219735552\",\"value\":\"289\"},{\"id\":\"5414098146676736\",\"value\":\"365\"},{\"id\":\"5414097953738752\",\"value\":\"349\"},{\"id\":\"5414097534308352\",\"value\":\"315\"},{\"id\":\"5414098280894464\",\"value\":\"376\"},{\"id\":\"5414097861464064\",\"value\":\"342\"},{\"id\":\"5414097010020352\",\"value\":\"274\"},{\"id\":\"5414097353953280\",\"value\":\"300\"},{\"id\":\"5414097152626688\",\"value\":\"285\"},{\"id\":\"5414098100539392\",\"value\":\"361\"},{\"id\":\"5414097689497600\",\"value\":\"327\"},{\"id\":\"5414097307815936\",\"value\":\"296\"},{\"id\":\"5414096829665280\",\"value\":\"259\"},{\"id\":\"5414098238951424\",\"value\":\"372\"},{\"id\":\"5414097819521024\",\"value\":\"338\"},{\"id\":\"5414096968077312\",\"value\":\"270\"},{\"id\":\"5414097903407104\",\"value\":\"346\"},{\"id\":\"5414097483976704\",\"value\":\"312\"},{\"id\":\"5414098058596352\",\"value\":\"357\"},{\"id\":\"5414097647554560\",\"value\":\"323\"},{\"id\":\"5414098364780544\",\"value\":\"384\"},{\"id\":\"5414097773383680\",\"value\":\"334\"},{\"id\":\"5414097110683648\",\"value\":\"282\"},{\"id\":\"5414096926134272\",\"value\":\"266\"}]',14136065435619328,0,'2022-04-18 16:33:49',0),
(28,28,5414096720613376,1,34,'[{\"id\":\"5414096745779200\",\"value\":\"\"},{\"id\":\"5414096787722240\",\"value\":\"257\"},{\"id\":\"5414097442033664\",\"value\":\"308\"},{\"id\":\"5414097265872896\",\"value\":\"293\"},{\"id\":\"5414098192814080\",\"value\":\"369\"},{\"id\":\"5414097995681792\",\"value\":\"353\"},{\"id\":\"5414097605611520\",\"value\":\"319\"},{\"id\":\"5414098322837504\",\"value\":\"380\"},{\"id\":\"5414097731440640\",\"value\":\"330\"},{\"id\":\"5414097051963392\",\"value\":\"278\"},{\"id\":\"5414096884191232\",\"value\":\"262\"},{\"id\":\"5414097395896320\",\"value\":\"304\"},{\"id\":\"5414097219735552\",\"value\":\"289\"},{\"id\":\"5414098146676736\",\"value\":\"365\"},{\"id\":\"5414097953738752\",\"value\":\"349\"},{\"id\":\"5414097534308352\",\"value\":\"315\"},{\"id\":\"5414098280894464\",\"value\":\"376\"},{\"id\":\"5414097861464064\",\"value\":\"342\"},{\"id\":\"5414097010020352\",\"value\":\"274\"},{\"id\":\"5414097353953280\",\"value\":\"300\"},{\"id\":\"5414097152626688\",\"value\":\"285\"},{\"id\":\"5414098100539392\",\"value\":\"361\"},{\"id\":\"5414097689497600\",\"value\":\"327\"},{\"id\":\"5414097307815936\",\"value\":\"296\"},{\"id\":\"5414096829665280\",\"value\":\"259\"},{\"id\":\"5414098238951424\",\"value\":\"372\"},{\"id\":\"5414097819521024\",\"value\":\"338\"},{\"id\":\"5414096968077312\",\"value\":\"270\"},{\"id\":\"5414097903407104\",\"value\":\"346\"},{\"id\":\"5414097483976704\",\"value\":\"312\"},{\"id\":\"5414098058596352\",\"value\":\"357\"},{\"id\":\"5414097647554560\",\"value\":\"323\"},{\"id\":\"5414098364780544\",\"value\":\"384\"},{\"id\":\"5414097773383680\",\"value\":\"334\"},{\"id\":\"5414097110683648\",\"value\":\"282\"},{\"id\":\"5414096926134272\",\"value\":\"266\"}]',14136065435619328,0,'2022-04-18 16:34:29',0);

/*Table structure for table `t_pdc_question_bak` */

DROP TABLE IF EXISTS `t_pdc_question_bak`;

CREATE TABLE `t_pdc_question_bak` (
  `id` bigint(50) NOT NULL AUTO_INCREMENT,
  `pd_id` bigint(50) DEFAULT NULL,
  `pdc_id` bigint(50) NOT NULL COMMENT '用户id',
  `group_id` bigint(50) DEFAULT NULL COMMENT '问卷id',
  `age` bigint(20) DEFAULT NULL COMMENT '答题时年龄',
  `score` int(20) DEFAULT NULL COMMENT '得分',
  `config_json` text COMMENT '问卷结果',
  `user_id` bigint(50) DEFAULT NULL COMMENT '负责人id',
  `status` int(10) DEFAULT NULL COMMENT '问卷状态(0.待审核，1.已拒绝 2.通过)',
  `create_time` datetime DEFAULT NULL,
  PRIMARY KEY (`id`)
) ENGINE=InnoDB AUTO_INCREMENT=43 DEFAULT CHARSET=utf8mb4;

/*Data for the table `t_pdc_question_bak` */

insert  into `t_pdc_question_bak`(`id`,`pd_id`,`pdc_id`,`group_id`,`age`,`score`,`config_json`,`user_id`,`status`,`create_time`) values 
(15,2,2,636704340492288,28,16,'[{\"id\":\"636704738951168\",\"value\":\"67\"},{\"id\":\"636705565229056\",\"value\":\"70\"},{\"id\":\"636710833274880\",\"value\":\"88\"},{\"id\":\"636707226173440\",\"value\":\"78\"},{\"id\":\"636708820008960\",\"value\":\"84\"},{\"id\":\"636706412478464\",\"value\":\"76,75,77\"},{\"id\":\"636708010508288\",\"value\":\"80\"}]',627303521107968,2,'2022-03-15 11:14:42'),
(16,3,3,632567720755200,27,11,'[{\"id\":\"632569725632512\",\"value\":\"56\"},{\"id\":\"632571403354112\",\"value\":\"64\"},{\"id\":\"632568924520448\",\"value\":\"54\"},{\"id\":\"632568119214080\",\"value\":\"\"},{\"id\":\"632570539327488\",\"value\":\"60\"}]',630522716536832,1,'2022-03-15 11:22:13'),
(17,3,3,632567720755200,27,24,'[{\"id\":\"632569725632512\",\"value\":\"57\"},{\"id\":\"632571403354112\",\"value\":\"66\"},{\"id\":\"632568924520448\",\"value\":\"54\"},{\"id\":\"632568119214080\",\"value\":\"51,50,52,53\"},{\"id\":\"632570539327488\",\"value\":\"59\"}]',630522716536832,2,'2022-03-17 14:51:12'),
(18,4,2,636704340492288,28,32,'[{\"id\":\"636705565229056\",\"value\":\"73\"},{\"id\":\"636704738951168\",\"value\":\"68\"},{\"id\":\"636706412478464\",\"value\":\"76,75,74\"},{\"id\":\"636710833274880\",\"value\":\"91\"},{\"id\":\"636707226173440\",\"value\":\"79\"},{\"id\":\"636708820008960\",\"value\":\"87\"},{\"id\":\"636708010508288\",\"value\":\"83\"}]',1797950801326080,2,'2022-03-17 14:57:47'),
(21,5,5,5414096720613376,78,121,'[{\"id\":\"5414096745779200\",\"value\":\"253,256\"},{\"id\":\"5414096787722240\",\"value\":\"258\"},{\"id\":\"5414097773383680\",\"value\":\"337\"},{\"id\":\"5414097010020352\",\"value\":\"277\"},{\"id\":\"5414098146676736\",\"value\":\"368\"},{\"id\":\"5414097953738752\",\"value\":\"352\"},{\"id\":\"5414097152626688\",\"value\":\"286\"},{\"id\":\"5414098280894464\",\"value\":\"377\"},{\"id\":\"5414097307815936\",\"value\":\"297\"},{\"id\":\"5414097442033664\",\"value\":\"310\"},{\"id\":\"5414097605611520\",\"value\":\"321\"},{\"id\":\"5414096829665280\",\"value\":\"260\"},{\"id\":\"5414098100539392\",\"value\":\"362\"},{\"id\":\"5414097731440640\",\"value\":\"332\"},{\"id\":\"5414096968077312\",\"value\":\"271\"},{\"id\":\"5414098238951424\",\"value\":\"374\"},{\"id\":\"5414097395896320\",\"value\":\"305\"},{\"id\":\"5414097534308352\",\"value\":\"316\"},{\"id\":\"5414097903407104\",\"value\":\"348\"},{\"id\":\"5414098058596352\",\"value\":\"358\"},{\"id\":\"5414097861464064\",\"value\":\"345\"},{\"id\":\"5414097110683648\",\"value\":\"284\"},{\"id\":\"5414096926134272\",\"value\":\"267\"},{\"id\":\"5414098364780544\",\"value\":\"386\"},{\"id\":\"5414097265872896\",\"value\":\"294\"},{\"id\":\"5414097353953280\",\"value\":\"303\"},{\"id\":\"5414097689497600\",\"value\":\"329\"},{\"id\":\"5414097819521024\",\"value\":\"341\"},{\"id\":\"5414097051963392\",\"value\":\"281\"},{\"id\":\"5414096884191232\",\"value\":\"264\"},{\"id\":\"5414098192814080\",\"value\":\"371\"},{\"id\":\"5414097995681792\",\"value\":\"354\"},{\"id\":\"5414098322837504\",\"value\":\"381\"},{\"id\":\"5414097219735552\",\"value\":\"290\"},{\"id\":\"5414097483976704\",\"value\":\"314\"},{\"id\":\"5414097647554560\",\"value\":\"326\"}]',5491112572055552,2,'2022-03-25 20:18:47'),
(22,6,6,5414096720613376,47,81,'[{\"id\":\"5414096745779200\",\"value\":\"\"},{\"id\":\"5414096787722240\",\"value\":\"258\"},{\"id\":\"5414097110683648\",\"value\":\"283\"},{\"id\":\"5414098280894464\",\"value\":\"377\"},{\"id\":\"5414096926134272\",\"value\":\"267\"},{\"id\":\"5414097442033664\",\"value\":\"309\"},{\"id\":\"5414097265872896\",\"value\":\"294\"},{\"id\":\"5414097605611520\",\"value\":\"320\"},{\"id\":\"5414097731440640\",\"value\":\"331\"},{\"id\":\"5414098100539392\",\"value\":\"362\"},{\"id\":\"5414097051963392\",\"value\":\"279\"},{\"id\":\"5414098238951424\",\"value\":\"373\"},{\"id\":\"5414096884191232\",\"value\":\"263\"},{\"id\":\"5414097395896320\",\"value\":\"305\"},{\"id\":\"5414097219735552\",\"value\":\"290\"},{\"id\":\"5414097903407104\",\"value\":\"347\"},{\"id\":\"5414097534308352\",\"value\":\"316\"},{\"id\":\"5414097861464064\",\"value\":\"343\"},{\"id\":\"5414098058596352\",\"value\":\"358\"},{\"id\":\"5414097010020352\",\"value\":\"275\"},{\"id\":\"5414098364780544\",\"value\":\"385\"},{\"id\":\"5414097353953280\",\"value\":\"301\"},{\"id\":\"5414097152626688\",\"value\":\"286\"},{\"id\":\"5414097307815936\",\"value\":\"297\"},{\"id\":\"5414097689497600\",\"value\":\"328\"},{\"id\":\"5414098192814080\",\"value\":\"370\"},{\"id\":\"5414096829665280\",\"value\":\"260\"},{\"id\":\"5414097995681792\",\"value\":\"354\"},{\"id\":\"5414097819521024\",\"value\":\"339\"},{\"id\":\"5414098322837504\",\"value\":\"381\"},{\"id\":\"5414096968077312\",\"value\":\"271\"},{\"id\":\"5414097483976704\",\"value\":\"313\"},{\"id\":\"5414097647554560\",\"value\":\"324\"},{\"id\":\"5414098146676736\",\"value\":\"366\"},{\"id\":\"5414097953738752\",\"value\":\"350\"},{\"id\":\"5414097773383680\",\"value\":\"335\"}]',630522716536832,2,'2022-03-25 20:51:58'),
(23,6,6,5414096720613376,47,81,'[{\"id\":\"5414096745779200\",\"value\":\"\"},{\"id\":\"5414096787722240\",\"value\":\"258\"},{\"id\":\"5414097010020352\",\"value\":\"275\"},{\"id\":\"5414097605611520\",\"value\":\"320\"},{\"id\":\"5414098364780544\",\"value\":\"385\"},{\"id\":\"5414097152626688\",\"value\":\"286\"},{\"id\":\"5414097731440640\",\"value\":\"331\"},{\"id\":\"5414097307815936\",\"value\":\"297\"},{\"id\":\"5414098192814080\",\"value\":\"370\"},{\"id\":\"5414097995681792\",\"value\":\"354\"},{\"id\":\"5414096829665280\",\"value\":\"260\"},{\"id\":\"5414097395896320\",\"value\":\"305\"},{\"id\":\"5414096968077312\",\"value\":\"271\"},{\"id\":\"5414097534308352\",\"value\":\"316\"},{\"id\":\"5414098322837504\",\"value\":\"381\"},{\"id\":\"5414097861464064\",\"value\":\"343\"},{\"id\":\"5414097953738752\",\"value\":\"350\"},{\"id\":\"5414097353953280\",\"value\":\"301\"},{\"id\":\"5414098146676736\",\"value\":\"366\"},{\"id\":\"5414096926134272\",\"value\":\"267\"},{\"id\":\"5414098280894464\",\"value\":\"377\"},{\"id\":\"5414097110683648\",\"value\":\"283\"},{\"id\":\"5414097689497600\",\"value\":\"328\"},{\"id\":\"5414097265872896\",\"value\":\"294\"},{\"id\":\"5414097819521024\",\"value\":\"339\"},{\"id\":\"5414097483976704\",\"value\":\"313\"},{\"id\":\"5414098100539392\",\"value\":\"362\"},{\"id\":\"5414096884191232\",\"value\":\"263\"},{\"id\":\"5414098238951424\",\"value\":\"373\"},{\"id\":\"5414097051963392\",\"value\":\"279\"},{\"id\":\"5414097647554560\",\"value\":\"324\"},{\"id\":\"5414097219735552\",\"value\":\"290\"},{\"id\":\"5414097773383680\",\"value\":\"335\"},{\"id\":\"5414097903407104\",\"value\":\"347\"},{\"id\":\"5414097442033664\",\"value\":\"309\"},{\"id\":\"5414098058596352\",\"value\":\"358\"}]',630522716536832,2,'2022-03-25 20:54:03'),
(24,11,11,5414096720613376,21,72,'[{\"id\":\"5414096745779200\",\"value\":\"255,256\"},{\"id\":\"5414096787722240\",\"value\":\"257\"},{\"id\":\"5414097605611520\",\"value\":\"319\"},{\"id\":\"5414098100539392\",\"value\":\"364\"},{\"id\":\"5414097731440640\",\"value\":\"330\"},{\"id\":\"5414097051963392\",\"value\":\"278\"},{\"id\":\"5414098238951424\",\"value\":\"375\"},{\"id\":\"5414096884191232\",\"value\":\"265\"},{\"id\":\"5414097219735552\",\"value\":\"289\"},{\"id\":\"5414097395896320\",\"value\":\"306\"},{\"id\":\"5414097534308352\",\"value\":\"317\"},{\"id\":\"5414097903407104\",\"value\":\"346\"},{\"id\":\"5414098058596352\",\"value\":\"357\"},{\"id\":\"5414097861464064\",\"value\":\"342\"},{\"id\":\"5414098364780544\",\"value\":\"384\"},{\"id\":\"5414097010020352\",\"value\":\"274\"},{\"id\":\"5414097353953280\",\"value\":\"303\"},{\"id\":\"5414097152626688\",\"value\":\"285\"},{\"id\":\"5414097307815936\",\"value\":\"296\"},{\"id\":\"5414097689497600\",\"value\":\"327\"},{\"id\":\"5414097819521024\",\"value\":\"341\"},{\"id\":\"5414098192814080\",\"value\":\"369\"},{\"id\":\"5414096829665280\",\"value\":\"259\"},{\"id\":\"5414097995681792\",\"value\":\"353\"},{\"id\":\"5414098322837504\",\"value\":\"380\"},{\"id\":\"5414096968077312\",\"value\":\"270\"},{\"id\":\"5414097483976704\",\"value\":\"314\"},{\"id\":\"5414097647554560\",\"value\":\"325\"},{\"id\":\"5414097773383680\",\"value\":\"336\"},{\"id\":\"5414098146676736\",\"value\":\"367\"},{\"id\":\"5414097953738752\",\"value\":\"349\"},{\"id\":\"5414096926134272\",\"value\":\"268\"},{\"id\":\"5414097110683648\",\"value\":\"282\"},{\"id\":\"5414098280894464\",\"value\":\"376\"},{\"id\":\"5414097265872896\",\"value\":\"295\"},{\"id\":\"5414097442033664\",\"value\":\"310\"}]',627057273520128,2,'2022-03-29 17:47:14'),
(25,9,9,5414096720613376,122,83,'[{\"id\":\"5414096745779200\",\"value\":\"253,254,255,256\"},{\"id\":\"5414096787722240\",\"value\":\"258\"},{\"id\":\"5414097307815936\",\"value\":\"299\"},{\"id\":\"5414097903407104\",\"value\":\"346\"},{\"id\":\"5414097395896320\",\"value\":\"304\"},{\"id\":\"5414098058596352\",\"value\":\"357\"},{\"id\":\"5414096829665280\",\"value\":\"261\"},{\"id\":\"5414098364780544\",\"value\":\"384\"},{\"id\":\"5414097534308352\",\"value\":\"315\"},{\"id\":\"5414096968077312\",\"value\":\"270\"},{\"id\":\"5414097861464064\",\"value\":\"342\"},{\"id\":\"5414097995681792\",\"value\":\"353\"},{\"id\":\"5414098192814080\",\"value\":\"369\"},{\"id\":\"5414097353953280\",\"value\":\"300\"},{\"id\":\"5414097689497600\",\"value\":\"327\"},{\"id\":\"5414098322837504\",\"value\":\"382\"},{\"id\":\"5414097110683648\",\"value\":\"282\"},{\"id\":\"5414096926134272\",\"value\":\"266\"},{\"id\":\"5414097819521024\",\"value\":\"340\"},{\"id\":\"5414097265872896\",\"value\":\"293\"},{\"id\":\"5414097953738752\",\"value\":\"352\"},{\"id\":\"5414097483976704\",\"value\":\"313\"},{\"id\":\"5414098146676736\",\"value\":\"368\"},{\"id\":\"5414098280894464\",\"value\":\"379\"},{\"id\":\"5414097051963392\",\"value\":\"280\"},{\"id\":\"5414096884191232\",\"value\":\"262\"},{\"id\":\"5414097647554560\",\"value\":\"326\"},{\"id\":\"5414097773383680\",\"value\":\"337\"},{\"id\":\"5414097219735552\",\"value\":\"291\"},{\"id\":\"5414097442033664\",\"value\":\"311\"},{\"id\":\"5414098100539392\",\"value\":\"363\"},{\"id\":\"5414098238951424\",\"value\":\"372\"},{\"id\":\"5414097010020352\",\"value\":\"277\"},{\"id\":\"5414097605611520\",\"value\":\"319\"},{\"id\":\"5414097731440640\",\"value\":\"332\"},{\"id\":\"5414097152626688\",\"value\":\"287\"}]',627057273520128,1,'2022-03-30 21:02:51'),
(26,8,8,5414096720613376,122,77,'[{\"id\":\"5414096745779200\",\"value\":\"253,254,255\"},{\"id\":\"5414096787722240\",\"value\":\"258\"},{\"id\":\"5414097265872896\",\"value\":\"293\"},{\"id\":\"5414098146676736\",\"value\":\"368\"},{\"id\":\"5414097395896320\",\"value\":\"304\"},{\"id\":\"5414097953738752\",\"value\":\"351\"},{\"id\":\"5414098280894464\",\"value\":\"378\"},{\"id\":\"5414097534308352\",\"value\":\"315\"},{\"id\":\"5414097051963392\",\"value\":\"278\"},{\"id\":\"5414097861464064\",\"value\":\"342\"},{\"id\":\"5414096884191232\",\"value\":\"262\"},{\"id\":\"5414097219735552\",\"value\":\"291\"},{\"id\":\"5414097353953280\",\"value\":\"302\"},{\"id\":\"5414098100539392\",\"value\":\"361\"},{\"id\":\"5414097689497600\",\"value\":\"327\"},{\"id\":\"5414098238951424\",\"value\":\"374\"},{\"id\":\"5414097010020352\",\"value\":\"277\"},{\"id\":\"5414097819521024\",\"value\":\"338\"},{\"id\":\"5414097903407104\",\"value\":\"346\"},{\"id\":\"5414097152626688\",\"value\":\"287\"},{\"id\":\"5414097307815936\",\"value\":\"299\"},{\"id\":\"5414097483976704\",\"value\":\"312\"},{\"id\":\"5414098058596352\",\"value\":\"359\"},{\"id\":\"5414097647554560\",\"value\":\"326\"},{\"id\":\"5414096829665280\",\"value\":\"261\"},{\"id\":\"5414098364780544\",\"value\":\"384\"},{\"id\":\"5414096968077312\",\"value\":\"272\"},{\"id\":\"5414097773383680\",\"value\":\"337\"},{\"id\":\"5414098192814080\",\"value\":\"369\"},{\"id\":\"5414097442033664\",\"value\":\"310\"},{\"id\":\"5414097995681792\",\"value\":\"353\"},{\"id\":\"5414098322837504\",\"value\":\"380\"},{\"id\":\"5414097605611520\",\"value\":\"321\"},{\"id\":\"5414096926134272\",\"value\":\"266\"},{\"id\":\"5414097731440640\",\"value\":\"330\"},{\"id\":\"5414097110683648\",\"value\":\"282\"}]',627057273520128,2,'2022-03-30 21:24:53'),
(27,2,4,636704340492288,32,18,'[{\"id\":\"636705565229056\",\"value\":\"70\"},{\"id\":\"636704738951168\",\"value\":\"67\"},{\"id\":\"636708010508288\",\"value\":\"80\"},{\"id\":\"636706412478464\",\"value\":\"76,75,77\"},{\"id\":\"636710833274880\",\"value\":\"88\"},{\"id\":\"636707226173440\",\"value\":\"78\"},{\"id\":\"636708820008960\",\"value\":\"86\"}]',627303521107968,1,'2022-03-30 21:27:00'),
(28,7,7,5414096720613376,38,44,'[{\"id\":\"5414096745779200\",\"value\":\"\"},{\"id\":\"5414096787722240\",\"value\":\"257\"},{\"id\":\"5414097307815936\",\"value\":\"296\"},{\"id\":\"5414097903407104\",\"value\":\"346\"},{\"id\":\"5414097395896320\",\"value\":\"304\"},{\"id\":\"5414098058596352\",\"value\":\"357\"},{\"id\":\"5414096829665280\",\"value\":\"259\"},{\"id\":\"5414098364780544\",\"value\":\"384\"},{\"id\":\"5414097534308352\",\"value\":\"315\"},{\"id\":\"5414096968077312\",\"value\":\"270\"},{\"id\":\"5414097861464064\",\"value\":\"342\"},{\"id\":\"5414097995681792\",\"value\":\"353\"},{\"id\":\"5414098192814080\",\"value\":\"369\"},{\"id\":\"5414097353953280\",\"value\":\"300\"},{\"id\":\"5414097689497600\",\"value\":\"327\"},{\"id\":\"5414098322837504\",\"value\":\"380\"},{\"id\":\"5414097110683648\",\"value\":\"282\"},{\"id\":\"5414096926134272\",\"value\":\"266\"},{\"id\":\"5414097819521024\",\"value\":\"338\"},{\"id\":\"5414097265872896\",\"value\":\"293\"},{\"id\":\"5414097953738752\",\"value\":\"349\"},{\"id\":\"5414097483976704\",\"value\":\"312\"},{\"id\":\"5414098146676736\",\"value\":\"365\"},{\"id\":\"5414098280894464\",\"value\":\"376\"},{\"id\":\"5414097051963392\",\"value\":\"278\"},{\"id\":\"5414096884191232\",\"value\":\"262\"},{\"id\":\"5414097647554560\",\"value\":\"323\"},{\"id\":\"5414097773383680\",\"value\":\"334\"},{\"id\":\"5414097219735552\",\"value\":\"289\"},{\"id\":\"5414097442033664\",\"value\":\"308\"},{\"id\":\"5414098100539392\",\"value\":\"361\"},{\"id\":\"5414098238951424\",\"value\":\"374\"},{\"id\":\"5414097010020352\",\"value\":\"276\"},{\"id\":\"5414097605611520\",\"value\":\"321\"},{\"id\":\"5414097731440640\",\"value\":\"332\"},{\"id\":\"5414097152626688\",\"value\":\"287\"}]',627057273520128,2,'2022-03-31 11:44:21'),
(29,12,12,5414096720613376,1,50,'[{\"id\":\"5414096745779200\",\"value\":\"\"},{\"id\":\"5414096787722240\",\"value\":\"257\"},{\"id\":\"5414097534308352\",\"value\":\"315\"},{\"id\":\"5414097903407104\",\"value\":\"346\"},{\"id\":\"5414098058596352\",\"value\":\"357\"},{\"id\":\"5414097861464064\",\"value\":\"342\"},{\"id\":\"5414098364780544\",\"value\":\"384\"},{\"id\":\"5414097110683648\",\"value\":\"282\"},{\"id\":\"5414096926134272\",\"value\":\"266\"},{\"id\":\"5414097353953280\",\"value\":\"300\"},{\"id\":\"5414097689497600\",\"value\":\"327\"},{\"id\":\"5414097265872896\",\"value\":\"293\"},{\"id\":\"5414097995681792\",\"value\":\"353\"},{\"id\":\"5414097819521024\",\"value\":\"338\"},{\"id\":\"5414098192814080\",\"value\":\"369\"},{\"id\":\"5414098322837504\",\"value\":\"380\"},{\"id\":\"5414097051963392\",\"value\":\"278\"},{\"id\":\"5414097483976704\",\"value\":\"312\"},{\"id\":\"5414096884191232\",\"value\":\"262\"},{\"id\":\"5414097219735552\",\"value\":\"289\"},{\"id\":\"5414097647554560\",\"value\":\"323\"},{\"id\":\"5414097953738752\",\"value\":\"349\"},{\"id\":\"5414097773383680\",\"value\":\"334\"},{\"id\":\"5414098146676736\",\"value\":\"367\"},{\"id\":\"5414098280894464\",\"value\":\"378\"},{\"id\":\"5414097010020352\",\"value\":\"276\"},{\"id\":\"5414097442033664\",\"value\":\"310\"},{\"id\":\"5414097152626688\",\"value\":\"287\"},{\"id\":\"5414097605611520\",\"value\":\"319\"},{\"id\":\"5414097731440640\",\"value\":\"330\"},{\"id\":\"5414098100539392\",\"value\":\"361\"},{\"id\":\"5414097307815936\",\"value\":\"296\"},{\"id\":\"5414098238951424\",\"value\":\"372\"},{\"id\":\"5414096829665280\",\"value\":\"260\"},{\"id\":\"5414097395896320\",\"value\":\"306\"},{\"id\":\"5414096968077312\",\"value\":\"272\"}]',627057273520128,2,'2022-04-03 15:15:21'),
(30,2,4,636704340492288,32,16,'[{\"id\":\"636705565229056\",\"value\":\"70\"},{\"id\":\"636704738951168\",\"value\":\"67\"},{\"id\":\"636708010508288\",\"value\":\"80\"},{\"id\":\"636706412478464\",\"value\":\"76,75,77\"},{\"id\":\"636710833274880\",\"value\":\"88\"},{\"id\":\"636707226173440\",\"value\":\"78\"},{\"id\":\"636708820008960\",\"value\":\"84\"}]',627303521107968,0,'2022-04-03 15:49:51'),
(31,4,2,636704340492288,28,32,'[{\"id\":\"636705565229056\",\"value\":\"73\"},{\"id\":\"636704738951168\",\"value\":\"68\"},{\"id\":\"636706412478464\",\"value\":\"76,75,74\"},{\"id\":\"636708010508288\",\"value\":\"83\"},{\"id\":\"636710833274880\",\"value\":\"91\"},{\"id\":\"636707226173440\",\"value\":\"79\"},{\"id\":\"636708820008960\",\"value\":\"87\"}]',1797950801326080,1,'2022-04-03 16:59:33'),
(32,4,2,636704340492288,28,32,'[{\"id\":\"636705565229056\",\"value\":\"73\"},{\"id\":\"636704738951168\",\"value\":\"68\"},{\"id\":\"636706412478464\",\"value\":\"76,75,74\"},{\"id\":\"636708010508288\",\"value\":\"83\"},{\"id\":\"636710833274880\",\"value\":\"91\"},{\"id\":\"636707226173440\",\"value\":\"79\"},{\"id\":\"636708820008960\",\"value\":\"87\"}]',1797950801326080,1,'2022-04-03 17:01:15'),
(33,13,13,5414096720613376,28,40,'[{\"id\":\"5414096745779200\",\"value\":\"255\"},{\"id\":\"5414096787722240\",\"value\":\"257\"},{\"id\":\"5414097534308352\",\"value\":\"315\"},{\"id\":\"5414097903407104\",\"value\":\"346\"},{\"id\":\"5414098058596352\",\"value\":\"357\"},{\"id\":\"5414097861464064\",\"value\":\"344\"},{\"id\":\"5414098364780544\",\"value\":\"385\"},{\"id\":\"5414097010020352\",\"value\":\"276\"},{\"id\":\"5414097152626688\",\"value\":\"285\"},{\"id\":\"5414097353953280\",\"value\":\"302\"},{\"id\":\"5414097307815936\",\"value\":\"296\"},{\"id\":\"5414097689497600\",\"value\":\"327\"},{\"id\":\"5414097995681792\",\"value\":\"353\"},{\"id\":\"5414097819521024\",\"value\":\"338\"},{\"id\":\"5414098192814080\",\"value\":\"369\"},{\"id\":\"5414096829665280\",\"value\":\"259\"},{\"id\":\"5414098322837504\",\"value\":\"380\"},{\"id\":\"5414096968077312\",\"value\":\"270\"},{\"id\":\"5414097483976704\",\"value\":\"312\"},{\"id\":\"5414097647554560\",\"value\":\"323\"},{\"id\":\"5414097773383680\",\"value\":\"334\"},{\"id\":\"5414098146676736\",\"value\":\"365\"},{\"id\":\"5414097953738752\",\"value\":\"349\"},{\"id\":\"5414098280894464\",\"value\":\"376\"},{\"id\":\"5414096926134272\",\"value\":\"266\"},{\"id\":\"5414097110683648\",\"value\":\"282\"},{\"id\":\"5414097442033664\",\"value\":\"308\"},{\"id\":\"5414097265872896\",\"value\":\"293\"},{\"id\":\"5414097605611520\",\"value\":\"319\"},{\"id\":\"5414097731440640\",\"value\":\"330\"},{\"id\":\"5414098100539392\",\"value\":\"361\"},{\"id\":\"5414096884191232\",\"value\":\"262\"},{\"id\":\"5414097051963392\",\"value\":\"278\"},{\"id\":\"5414098238951424\",\"value\":\"372\"},{\"id\":\"5414097219735552\",\"value\":\"289\"},{\"id\":\"5414097395896320\",\"value\":\"304\"}]',630522716536832,0,'2022-04-03 19:08:01'),
(34,14,14,5414096720613376,51,47,'[{\"id\":\"5414096745779200\",\"value\":\"\"},{\"id\":\"5414096787722240\",\"value\":\"258\"},{\"id\":\"5414097534308352\",\"value\":\"315\"},{\"id\":\"5414097903407104\",\"value\":\"347\"},{\"id\":\"5414098058596352\",\"value\":\"358\"},{\"id\":\"5414097861464064\",\"value\":\"343\"},{\"id\":\"5414098364780544\",\"value\":\"385\"},{\"id\":\"5414097010020352\",\"value\":\"275\"},{\"id\":\"5414097152626688\",\"value\":\"286\"},{\"id\":\"5414097353953280\",\"value\":\"300\"},{\"id\":\"5414097307815936\",\"value\":\"296\"},{\"id\":\"5414097689497600\",\"value\":\"327\"},{\"id\":\"5414097995681792\",\"value\":\"353\"},{\"id\":\"5414097819521024\",\"value\":\"338\"},{\"id\":\"5414098192814080\",\"value\":\"369\"},{\"id\":\"5414096829665280\",\"value\":\"259\"},{\"id\":\"5414098322837504\",\"value\":\"380\"},{\"id\":\"5414096968077312\",\"value\":\"270\"},{\"id\":\"5414097483976704\",\"value\":\"312\"},{\"id\":\"5414097647554560\",\"value\":\"323\"},{\"id\":\"5414097773383680\",\"value\":\"334\"},{\"id\":\"5414098146676736\",\"value\":\"365\"},{\"id\":\"5414097953738752\",\"value\":\"349\"},{\"id\":\"5414098280894464\",\"value\":\"376\"},{\"id\":\"5414096926134272\",\"value\":\"266\"},{\"id\":\"5414097110683648\",\"value\":\"282\"},{\"id\":\"5414097442033664\",\"value\":\"308\"},{\"id\":\"5414097265872896\",\"value\":\"293\"},{\"id\":\"5414097605611520\",\"value\":\"319\"},{\"id\":\"5414097731440640\",\"value\":\"330\"},{\"id\":\"5414098100539392\",\"value\":\"361\"},{\"id\":\"5414096884191232\",\"value\":\"262\"},{\"id\":\"5414097051963392\",\"value\":\"278\"},{\"id\":\"5414098238951424\",\"value\":\"372\"},{\"id\":\"5414097219735552\",\"value\":\"289\"},{\"id\":\"5414097395896320\",\"value\":\"304\"}]',9013631392927744,2,'2022-04-04 13:40:00'),
(35,15,15,5414096720613376,9,163,'[{\"id\":\"5414096745779200\",\"value\":\"\"},{\"id\":\"5414096787722240\",\"value\":\"258\"},{\"id\":\"5414097819521024\",\"value\":\"341\"},{\"id\":\"5414096968077312\",\"value\":\"272\"},{\"id\":\"5414097483976704\",\"value\":\"314\"},{\"id\":\"5414098146676736\",\"value\":\"368\"},{\"id\":\"5414097953738752\",\"value\":\"352\"},{\"id\":\"5414097647554560\",\"value\":\"326\"},{\"id\":\"5414098280894464\",\"value\":\"379\"},{\"id\":\"5414097773383680\",\"value\":\"337\"},{\"id\":\"5414096926134272\",\"value\":\"269\"},{\"id\":\"5414097110683648\",\"value\":\"284\"},{\"id\":\"5414097265872896\",\"value\":\"295\"},{\"id\":\"5414097442033664\",\"value\":\"311\"},{\"id\":\"5414098100539392\",\"value\":\"364\"},{\"id\":\"5414097605611520\",\"value\":\"322\"},{\"id\":\"5414098238951424\",\"value\":\"375\"},{\"id\":\"5414096884191232\",\"value\":\"265\"},{\"id\":\"5414097051963392\",\"value\":\"281\"},{\"id\":\"5414097731440640\",\"value\":\"333\"},{\"id\":\"5414097219735552\",\"value\":\"291\"},{\"id\":\"5414097903407104\",\"value\":\"348\"},{\"id\":\"5414097395896320\",\"value\":\"307\"},{\"id\":\"5414098058596352\",\"value\":\"360\"},{\"id\":\"5414097534308352\",\"value\":\"318\"},{\"id\":\"5414098364780544\",\"value\":\"386\"},{\"id\":\"5414097861464064\",\"value\":\"345\"},{\"id\":\"5414097010020352\",\"value\":\"277\"},{\"id\":\"5414097152626688\",\"value\":\"287\"},{\"id\":\"5414098192814080\",\"value\":\"371\"},{\"id\":\"5414097307815936\",\"value\":\"298\"},{\"id\":\"5414097353953280\",\"value\":\"303\"},{\"id\":\"5414097995681792\",\"value\":\"355\"},{\"id\":\"5414097689497600\",\"value\":\"329\"},{\"id\":\"5414098322837504\",\"value\":\"382\"},{\"id\":\"5414096829665280\",\"value\":\"261\"}]',9036295864045568,1,'2022-04-04 14:51:45'),
(36,15,15,5414096720613376,9,175,'[{\"id\":\"5414096745779200\",\"value\":\"\"},{\"id\":\"5414096787722240\",\"value\":\"258\"},{\"id\":\"5414097353953280\",\"value\":\"303\"},{\"id\":\"5414097689497600\",\"value\":\"329\"},{\"id\":\"5414097010020352\",\"value\":\"277\"},{\"id\":\"5414097819521024\",\"value\":\"341\"},{\"id\":\"5414098146676736\",\"value\":\"368\"},{\"id\":\"5414097152626688\",\"value\":\"288\"},{\"id\":\"5414097953738752\",\"value\":\"352\"},{\"id\":\"5414098280894464\",\"value\":\"379\"},{\"id\":\"5414097307815936\",\"value\":\"299\"},{\"id\":\"5414096829665280\",\"value\":\"261\"},{\"id\":\"5414097483976704\",\"value\":\"314\"},{\"id\":\"5414097647554560\",\"value\":\"326\"},{\"id\":\"5414096968077312\",\"value\":\"273\"},{\"id\":\"5414097773383680\",\"value\":\"337\"},{\"id\":\"5414098100539392\",\"value\":\"364\"},{\"id\":\"5414098238951424\",\"value\":\"375\"},{\"id\":\"5414097442033664\",\"value\":\"311\"},{\"id\":\"5414097110683648\",\"value\":\"284\"},{\"id\":\"5414097605611520\",\"value\":\"322\"},{\"id\":\"5414097903407104\",\"value\":\"348\"},{\"id\":\"5414096926134272\",\"value\":\"269\"},{\"id\":\"5414097265872896\",\"value\":\"295\"},{\"id\":\"5414097731440640\",\"value\":\"333\"},{\"id\":\"5414098058596352\",\"value\":\"360\"},{\"id\":\"5414098364780544\",\"value\":\"386\"},{\"id\":\"5414097395896320\",\"value\":\"307\"},{\"id\":\"5414097051963392\",\"value\":\"281\"},{\"id\":\"5414097534308352\",\"value\":\"318\"},{\"id\":\"5414096884191232\",\"value\":\"265\"},{\"id\":\"5414097861464064\",\"value\":\"345\"},{\"id\":\"5414098192814080\",\"value\":\"371\"},{\"id\":\"5414097219735552\",\"value\":\"292\"},{\"id\":\"5414097995681792\",\"value\":\"356\"},{\"id\":\"5414098322837504\",\"value\":\"383\"}]',9036295864045568,2,'2022-04-04 14:54:35'),
(37,19,19,5414096720613376,62,62,'[{\"id\":\"5414096745779200\",\"value\":\"256\"},{\"id\":\"5414096787722240\",\"value\":\"257\"},{\"id\":\"5414097819521024\",\"value\":\"338\"},{\"id\":\"5414097152626688\",\"value\":\"288\"},{\"id\":\"5414098192814080\",\"value\":\"371\"},{\"id\":\"5414097995681792\",\"value\":\"353\"},{\"id\":\"5414097307815936\",\"value\":\"299\"},{\"id\":\"5414098322837504\",\"value\":\"383\"},{\"id\":\"5414097483976704\",\"value\":\"314\"},{\"id\":\"5414096829665280\",\"value\":\"259\"},{\"id\":\"5414097647554560\",\"value\":\"323\"},{\"id\":\"5414096968077312\",\"value\":\"270\"},{\"id\":\"5414097773383680\",\"value\":\"334\"},{\"id\":\"5414098146676736\",\"value\":\"365\"},{\"id\":\"5414097953738752\",\"value\":\"349\"},{\"id\":\"5414098280894464\",\"value\":\"376\"},{\"id\":\"5414097442033664\",\"value\":\"308\"},{\"id\":\"5414097110683648\",\"value\":\"282\"},{\"id\":\"5414097605611520\",\"value\":\"319\"},{\"id\":\"5414096926134272\",\"value\":\"266\"},{\"id\":\"5414098100539392\",\"value\":\"361\"},{\"id\":\"5414097265872896\",\"value\":\"293\"},{\"id\":\"5414097731440640\",\"value\":\"332\"},{\"id\":\"5414098238951424\",\"value\":\"372\"},{\"id\":\"5414097395896320\",\"value\":\"304\"},{\"id\":\"5414097051963392\",\"value\":\"280\"},{\"id\":\"5414097534308352\",\"value\":\"315\"},{\"id\":\"5414096884191232\",\"value\":\"262\"},{\"id\":\"5414097903407104\",\"value\":\"346\"},{\"id\":\"5414098058596352\",\"value\":\"359\"},{\"id\":\"5414097861464064\",\"value\":\"342\"},{\"id\":\"5414097219735552\",\"value\":\"289\"},{\"id\":\"5414098364780544\",\"value\":\"384\"},{\"id\":\"5414097353953280\",\"value\":\"302\"},{\"id\":\"5414097010020352\",\"value\":\"276\"},{\"id\":\"5414097689497600\",\"value\":\"327\"}]',627057273520128,2,'2022-04-07 15:06:08'),
(38,21,21,5414096720613376,32,50,'[{\"id\":\"5414096745779200\",\"value\":\"\"},{\"id\":\"5414096787722240\",\"value\":\"257\"},{\"id\":\"5414097605611520\",\"value\":\"319\"},{\"id\":\"5414097731440640\",\"value\":\"333\"},{\"id\":\"5414097110683648\",\"value\":\"282\"},{\"id\":\"5414098146676736\",\"value\":\"365\"},{\"id\":\"5414096926134272\",\"value\":\"269\"},{\"id\":\"5414097953738752\",\"value\":\"352\"},{\"id\":\"5414097395896320\",\"value\":\"307\"},{\"id\":\"5414097265872896\",\"value\":\"293\"},{\"id\":\"5414098280894464\",\"value\":\"376\"},{\"id\":\"5414097534308352\",\"value\":\"315\"},{\"id\":\"5414097861464064\",\"value\":\"342\"},{\"id\":\"5414098100539392\",\"value\":\"361\"},{\"id\":\"5414096884191232\",\"value\":\"262\"},{\"id\":\"5414097051963392\",\"value\":\"278\"},{\"id\":\"5414097353953280\",\"value\":\"300\"},{\"id\":\"5414097219735552\",\"value\":\"289\"},{\"id\":\"5414098238951424\",\"value\":\"372\"},{\"id\":\"5414097689497600\",\"value\":\"327\"},{\"id\":\"5414097903407104\",\"value\":\"346\"},{\"id\":\"5414097819521024\",\"value\":\"338\"},{\"id\":\"5414097010020352\",\"value\":\"274\"},{\"id\":\"5414098058596352\",\"value\":\"357\"},{\"id\":\"5414098364780544\",\"value\":\"384\"},{\"id\":\"5414097152626688\",\"value\":\"285\"},{\"id\":\"5414097483976704\",\"value\":\"312\"},{\"id\":\"5414097647554560\",\"value\":\"323\"},{\"id\":\"5414097307815936\",\"value\":\"296\"},{\"id\":\"5414096829665280\",\"value\":\"259\"},{\"id\":\"5414097773383680\",\"value\":\"334\"},{\"id\":\"5414098192814080\",\"value\":\"369\"},{\"id\":\"5414096968077312\",\"value\":\"270\"},{\"id\":\"5414097995681792\",\"value\":\"353\"},{\"id\":\"5414097442033664\",\"value\":\"308\"},{\"id\":\"5414098322837504\",\"value\":\"380\"}]',5423701911105536,0,'2022-04-07 15:09:58'),
(39,20,20,5414096720613376,35,48,'[{\"id\":\"5414096745779200\",\"value\":\"254\"},{\"id\":\"5414096787722240\",\"value\":\"257\"},{\"id\":\"5414097605611520\",\"value\":\"319\"},{\"id\":\"5414096926134272\",\"value\":\"266\"},{\"id\":\"5414098100539392\",\"value\":\"361\"},{\"id\":\"5414097110683648\",\"value\":\"282\"},{\"id\":\"5414097731440640\",\"value\":\"330\"},{\"id\":\"5414097265872896\",\"value\":\"293\"},{\"id\":\"5414098238951424\",\"value\":\"372\"},{\"id\":\"5414097395896320\",\"value\":\"304\"},{\"id\":\"5414097534308352\",\"value\":\"315\"},{\"id\":\"5414097903407104\",\"value\":\"346\"},{\"id\":\"5414097861464064\",\"value\":\"342\"},{\"id\":\"5414097051963392\",\"value\":\"278\"},{\"id\":\"5414096884191232\",\"value\":\"262\"},{\"id\":\"5414098058596352\",\"value\":\"357\"},{\"id\":\"5414097219735552\",\"value\":\"289\"},{\"id\":\"5414098364780544\",\"value\":\"384\"},{\"id\":\"5414097353953280\",\"value\":\"300\"},{\"id\":\"5414097689497600\",\"value\":\"327\"},{\"id\":\"5414097819521024\",\"value\":\"338\"},{\"id\":\"5414097010020352\",\"value\":\"274\"},{\"id\":\"5414098192814080\",\"value\":\"371\"},{\"id\":\"5414097995681792\",\"value\":\"356\"},{\"id\":\"5414097152626688\",\"value\":\"288\"},{\"id\":\"5414098322837504\",\"value\":\"380\"},{\"id\":\"5414097307815936\",\"value\":\"299\"},{\"id\":\"5414097483976704\",\"value\":\"312\"},{\"id\":\"5414097647554560\",\"value\":\"323\"},{\"id\":\"5414096829665280\",\"value\":\"259\"},{\"id\":\"5414096968077312\",\"value\":\"270\"},{\"id\":\"5414098146676736\",\"value\":\"365\"},{\"id\":\"5414097953738752\",\"value\":\"349\"},{\"id\":\"5414097773383680\",\"value\":\"334\"},{\"id\":\"5414098280894464\",\"value\":\"376\"},{\"id\":\"5414097442033664\",\"value\":\"308\"}]',627057273520128,2,'2022-04-07 16:43:30'),
(40,20,20,5414096720613376,35,48,'[{\"id\":\"5414096745779200\",\"value\":\"254\"},{\"id\":\"5414096787722240\",\"value\":\"257\"},{\"id\":\"5414097605611520\",\"value\":\"319\"},{\"id\":\"5414096926134272\",\"value\":\"266\"},{\"id\":\"5414098100539392\",\"value\":\"361\"},{\"id\":\"5414097110683648\",\"value\":\"282\"},{\"id\":\"5414097731440640\",\"value\":\"330\"},{\"id\":\"5414097265872896\",\"value\":\"293\"},{\"id\":\"5414098238951424\",\"value\":\"372\"},{\"id\":\"5414097395896320\",\"value\":\"304\"},{\"id\":\"5414097534308352\",\"value\":\"315\"},{\"id\":\"5414097903407104\",\"value\":\"346\"},{\"id\":\"5414097861464064\",\"value\":\"342\"},{\"id\":\"5414097051963392\",\"value\":\"278\"},{\"id\":\"5414096884191232\",\"value\":\"262\"},{\"id\":\"5414098058596352\",\"value\":\"357\"},{\"id\":\"5414097219735552\",\"value\":\"289\"},{\"id\":\"5414098364780544\",\"value\":\"384\"},{\"id\":\"5414097353953280\",\"value\":\"300\"},{\"id\":\"5414097689497600\",\"value\":\"327\"},{\"id\":\"5414097819521024\",\"value\":\"338\"},{\"id\":\"5414097010020352\",\"value\":\"274\"},{\"id\":\"5414098192814080\",\"value\":\"371\"},{\"id\":\"5414097995681792\",\"value\":\"356\"},{\"id\":\"5414097152626688\",\"value\":\"288\"},{\"id\":\"5414098322837504\",\"value\":\"380\"},{\"id\":\"5414097307815936\",\"value\":\"299\"},{\"id\":\"5414097483976704\",\"value\":\"312\"},{\"id\":\"5414097647554560\",\"value\":\"323\"},{\"id\":\"5414096829665280\",\"value\":\"259\"},{\"id\":\"5414096968077312\",\"value\":\"270\"},{\"id\":\"5414098146676736\",\"value\":\"365\"},{\"id\":\"5414097953738752\",\"value\":\"349\"},{\"id\":\"5414097773383680\",\"value\":\"334\"},{\"id\":\"5414098280894464\",\"value\":\"376\"},{\"id\":\"5414097442033664\",\"value\":\"308\"}]',627057273520128,2,'2022-04-07 16:50:17'),
(41,22,22,5414096720613376,16,34,'[{\"id\":\"5414096745779200\",\"value\":\"\"},{\"id\":\"5414096787722240\",\"value\":\"257\"},{\"id\":\"5414097605611520\",\"value\":\"319\"},{\"id\":\"5414098100539392\",\"value\":\"361\"},{\"id\":\"5414097010020352\",\"value\":\"274\"},{\"id\":\"5414097731440640\",\"value\":\"330\"},{\"id\":\"5414097152626688\",\"value\":\"285\"},{\"id\":\"5414098238951424\",\"value\":\"372\"},{\"id\":\"5414097307815936\",\"value\":\"296\"},{\"id\":\"5414097395896320\",\"value\":\"304\"},{\"id\":\"5414097534308352\",\"value\":\"315\"},{\"id\":\"5414097903407104\",\"value\":\"346\"},{\"id\":\"5414096829665280\",\"value\":\"259\"},{\"id\":\"5414097861464064\",\"value\":\"342\"},{\"id\":\"5414096968077312\",\"value\":\"270\"},{\"id\":\"5414098058596352\",\"value\":\"357\"},{\"id\":\"5414098364780544\",\"value\":\"384\"},{\"id\":\"5414097353953280\",\"value\":\"300\"},{\"id\":\"5414097689497600\",\"value\":\"327\"},{\"id\":\"5414097819521024\",\"value\":\"338\"},{\"id\":\"5414096926134272\",\"value\":\"266\"},{\"id\":\"5414098192814080\",\"value\":\"369\"},{\"id\":\"5414097995681792\",\"value\":\"353\"},{\"id\":\"5414097110683648\",\"value\":\"282\"},{\"id\":\"5414097265872896\",\"value\":\"293\"},{\"id\":\"5414098322837504\",\"value\":\"380\"},{\"id\":\"5414097483976704\",\"value\":\"312\"},{\"id\":\"5414097647554560\",\"value\":\"323\"},{\"id\":\"5414096884191232\",\"value\":\"262\"},{\"id\":\"5414098146676736\",\"value\":\"365\"},{\"id\":\"5414097953738752\",\"value\":\"349\"},{\"id\":\"5414097051963392\",\"value\":\"278\"},{\"id\":\"5414097773383680\",\"value\":\"334\"},{\"id\":\"5414097219735552\",\"value\":\"289\"},{\"id\":\"5414098280894464\",\"value\":\"376\"},{\"id\":\"5414097442033664\",\"value\":\"308\"}]',10236331385933824,0,'2022-04-07 22:27:18'),
(42,25,25,5414096720613376,47,74,'[{\"id\":\"5414096745779200\",\"value\":\"\"},{\"id\":\"5414096787722240\",\"value\":\"257\"},{\"id\":\"5414097731440640\",\"value\":\"330\"},{\"id\":\"5414098100539392\",\"value\":\"361\"},{\"id\":\"5414098238951424\",\"value\":\"372\"},{\"id\":\"5414097010020352\",\"value\":\"274\"},{\"id\":\"5414097395896320\",\"value\":\"304\"},{\"id\":\"5414097152626688\",\"value\":\"285\"},{\"id\":\"5414097534308352\",\"value\":\"315\"},{\"id\":\"5414097307815936\",\"value\":\"296\"},{\"id\":\"5414097903407104\",\"value\":\"346\"},{\"id\":\"5414096829665280\",\"value\":\"259\"},{\"id\":\"5414098058596352\",\"value\":\"357\"},{\"id\":\"5414097861464064\",\"value\":\"342\"},{\"id\":\"5414098364780544\",\"value\":\"384\"},{\"id\":\"5414096968077312\",\"value\":\"270\"},{\"id\":\"5414097353953280\",\"value\":\"302\"},{\"id\":\"5414097689497600\",\"value\":\"329\"},{\"id\":\"5414097995681792\",\"value\":\"355\"},{\"id\":\"5414097819521024\",\"value\":\"340\"},{\"id\":\"5414098192814080\",\"value\":\"370\"},{\"id\":\"5414097110683648\",\"value\":\"284\"},{\"id\":\"5414098322837504\",\"value\":\"382\"},{\"id\":\"5414096926134272\",\"value\":\"268\"},{\"id\":\"5414097483976704\",\"value\":\"313\"},{\"id\":\"5414097265872896\",\"value\":\"294\"},{\"id\":\"5414097647554560\",\"value\":\"325\"},{\"id\":\"5414097953738752\",\"value\":\"351\"},{\"id\":\"5414097773383680\",\"value\":\"336\"},{\"id\":\"5414098146676736\",\"value\":\"367\"},{\"id\":\"5414097051963392\",\"value\":\"280\"},{\"id\":\"5414098280894464\",\"value\":\"376\"},{\"id\":\"5414096884191232\",\"value\":\"262\"},{\"id\":\"5414097442033664\",\"value\":\"308\"},{\"id\":\"5414097219735552\",\"value\":\"292\"},{\"id\":\"5414097605611520\",\"value\":\"321\"}]',627057273520128,2,'2022-04-07 23:20:37');

/*Table structure for table `t_question_group` */

DROP TABLE IF EXISTS `t_question_group`;

CREATE TABLE `t_question_group` (
  `id` bigint(50) NOT NULL,
  `question_name` varchar(255) DEFAULT NULL COMMENT '问卷名',
  `create_time` datetime DEFAULT NULL COMMENT '创建时间',
  `is_enable` int(2) DEFAULT NULL COMMENT '是否启用（1启用，0禁用）',
  `pdc_items` varchar(255) DEFAULT NULL COMMENT '关联调查人信息',
  PRIMARY KEY (`id`)
) ENGINE=InnoDB DEFAULT CHARSET=utf8mb4;

/*Data for the table `t_question_group` */

insert  into `t_question_group`(`id`,`question_name`,`create_time`,`is_enable`,`pdc_items`) values 
(632567720755200,'下忍考试','2022-03-12 10:14:34',0,'name,sex,birth,occupation,telephone,pressure,alcohol,weight,height'),
(636704340492288,'中忍考试','2022-03-12 10:31:00',0,'name,sex,birth,occupation,telephone,pressure,alcohol,weight,height,smoke,diet'),
(5405658082955264,'义诊问卷暂行版本','2022-03-25 14:21:02',0,'name,sex,birth,occupation,telephone,pressure,sugar,alcohol,smoke,diet,weight,height'),
(5414096720613376,'义诊问卷暂行版本测试版','2022-03-25 14:54:34',1,'name,sex,birth,occupation,telephone'),
(9042316632248320,'测试问卷','2022-04-04 15:11:49',0,'name,sex,birth,telephone,smoke,alcohol'),
(9120501516455936,'我就是个测试不用管我','2022-04-04 20:22:30',0,'name,sex,birth,telephone,smoke,alcohol'),
(11498628532129792,'123','2022-04-11 09:52:19',0,'name,sex,birth,occupation,telephone');

/*Table structure for table `t_question_item` */

DROP TABLE IF EXISTS `t_question_item`;

CREATE TABLE `t_question_item` (
  `item_id` bigint(50) NOT NULL AUTO_INCREMENT,
  `parent_id` bigint(50) DEFAULT NULL,
  `item_name` varchar(255) DEFAULT NULL,
  `score` int(10) DEFAULT NULL,
  PRIMARY KEY (`item_id`)
) ENGINE=InnoDB AUTO_INCREMENT=1459 DEFAULT CHARSET=utf8mb4;

/*Data for the table `t_question_item` */

insert  into `t_question_item`(`item_id`,`parent_id`,`item_name`,`score`) values 
(16,632521394667520,'既往心肌梗死',2),
(17,632521394667520,'其他心血管疾病（除外心房颤动和心肌梗死）',2),
(18,632521394667520,'外周动脉疾病',2),
(19,632521394667520,'既往缺血性脑卒中/TIA史',2),
(20,632522250305536,'是',4),
(21,632522250305536,'否',2),
(22,632523101749248,'少动，不感兴趣',1),
(23,632523101749248,'喜欢活动，感兴趣',3),
(24,632523101749248,'我不确定',5),
(25,632524007718912,'没有',5),
(26,632524007718912,'有几天',4),
(27,632524007718912,'一半以上时间',3),
(28,632524007718912,'几乎每天',2),
(29,632524829802496,'经常',1),
(30,632524829802496,'有时',2),
(31,632524829802496,'很少',3),
(32,632524829802496,'从未',4),
(33,632526750793728,'既往心肌梗死',2),
(34,632526750793728,'其他心血管疾病（除外心房颤动和心肌梗死）',2),
(35,632526750793728,'外周动脉疾病',2),
(36,632526750793728,'既往缺血性脑卒中/TIA史',2),
(37,632527627403264,'是',4),
(38,632527627403264,'否',2),
(39,632528453681152,'少动，不感兴趣',1),
(40,632528453681152,'喜欢活动，感兴趣',3),
(41,632528453681152,'我不确定',5),
(42,632529313513472,'没有',5),
(43,632529313513472,'有几天',4),
(44,632529313513472,'一半以上时间',3),
(45,632529313513472,'几乎每天',2),
(46,632530240454656,'经常',1),
(47,632530240454656,'有时',2),
(48,632530240454656,'很少',3),
(49,632530240454656,'从未',4),
(50,632568119214080,'既往心肌梗死',2),
(51,632568119214080,'其他心血管疾病（除外心房颤动和心肌梗死）',2),
(52,632568119214080,'外周动脉疾病',2),
(53,632568119214080,'既往缺血性脑卒中/TIA史',2),
(54,632568924520448,'是',4),
(55,632568924520448,'否',2),
(56,632569725632512,'少动，不感兴趣',1),
(57,632569725632512,'喜欢活动，感兴趣',3),
(58,632569725632512,'我不确定',5),
(59,632570539327488,'没有',5),
(60,632570539327488,'有几天',4),
(61,632570539327488,'一半以上时间',3),
(62,632570539327488,'几乎每天',2),
(63,632571403354112,'经常',1),
(64,632571403354112,'有时',2),
(65,632571403354112,'很少',3),
(66,632571403354112,'从未',4),
(67,636704738951168,'少动，不感兴趣',1),
(68,636704738951168,'喜欢活动，感兴趣',3),
(69,636704738951168,'我不确定',5),
(70,636705565229056,'经常',1),
(71,636705565229056,'有时',2),
(72,636705565229056,'很少',3),
(73,636705565229056,'从未',4),
(74,636706412478464,'外周动脉疾病',2),
(75,636706412478464,'既往缺血性脑卒中/TIA史',2),
(76,636706412478464,'既往心肌梗死',2),
(77,636706412478464,'其他心血管疾病（除外心房颤动和心肌梗死）',2),
(78,636707226173440,'否',2),
(79,636707226173440,'是',4),
(80,636708010508288,'几乎每天',2),
(81,636708010508288,'一半以上时间',3),
(82,636708010508288,'有几天',4),
(83,636708010508288,'没有',5),
(84,636708820008960,'经常',2),
(85,636708820008960,'有时',3),
(86,636708820008960,'很少',4),
(87,636708820008960,'从未',5),
(88,636710833274880,'经常 ',2),
(89,636710833274880,'有时',3),
(90,636710833274880,'很少',4),
(91,636710833274880,'从未',5),
(92,5373190319624192,'既往心肌梗死',-2),
(93,5373190319624192,'其他心血管疾病（除外心房颤动和心肌梗死）',-2),
(94,5373190319624192,'外周动脉疾病',-2),
(95,5373190319624192,'既往缺血性脑卒中/TIA史',-2),
(96,5373190424481792,'是 ',5),
(97,5373190424481792,'否',0),
(98,5373190462230528,'（疑似）有障碍',1),
(99,5373190462230528,'无障碍',5),
(100,5373190462230528,'我不确定',3),
(101,5400150286520320,'其他心血管疾病（除外心房颤动和心肌梗死）',-2),
(102,5400150286520320,'外周动脉疾病',-2),
(103,5400150286520320,'既往缺血性脑卒中/TIA史',-2),
(104,5400150286520320,'既往心肌梗死',-2),
(105,5400150336851968,'否',0),
(106,5400150336851968,'是 ',5),
(107,5400150382989312,'（疑似）有障碍',1),
(108,5400150382989312,'我不确定',3),
(109,5400150382989312,'无障碍',5),
(110,5400150433320960,'少动，不感兴趣',1),
(111,5400150433320960,'喜欢活动，感兴趣',5),
(112,5400150433320960,'我不确定',3),
(113,5400150475264000,'很少重复 ',5),
(114,5400150475264000,'不会重复',3),
(115,5400150475264000,'我不确定',1),
(116,5400150521401344,'有困难 ',1),
(117,5400150521401344,'没有困难 ',5),
(118,5400150521401344,'有时会出现困难',3),
(119,5405658103926784,'外周动脉疾病',-2),
(120,5405658103926784,'既往缺血性脑卒中/TIA史',-2),
(121,5405658103926784,'既往心肌梗死',-2),
(122,5405658103926784,'其他心血管疾病（除外心房颤动和心肌梗死）',-2),
(123,5405658150064128,'否',0),
(124,5405658150064128,'是 ',5),
(125,5405658196201472,'（疑似）有障碍',1),
(126,5405658196201472,'我不确定',3),
(127,5405658196201472,'无障碍',5),
(128,5405658242338816,'我不确定',1),
(129,5405658242338816,'不会重复',3),
(130,5405658242338816,'很少重复 ',5),
(131,5405658292670464,'少动，不感兴趣',1),
(132,5405658292670464,'我不确定',3),
(133,5405658292670464,'喜欢活动，感兴趣',5),
(134,5405658338807808,'有困难 ',1),
(135,5405658338807808,'有时会出现困难',3),
(136,5405658338807808,'没有困难 ',5),
(137,5405658380750848,'有',1),
(138,5405658380750848,'没有',5),
(139,5405658380750848,'有时',3),
(140,5405658422693888,'有难度',1),
(141,5405658422693888,'没难度',5),
(142,5405658422693888,'不确定',3),
(143,5405658464636928,'是  ',1),
(144,5405658464636928,'从不',5),
(145,5405658464636928,'有时',3),
(146,5405658510774272,'有过',1),
(147,5405658510774272,'没有',5),
(148,5405658510774272,'偶尔',3),
(149,5405658552717312,'完全不会',5),
(150,5405658552717312,'好几天',3),
(151,5405658552717312,'超过一周',2),
(152,5405658552717312,'几乎每天',1),
(153,5405658594660352,'完全不会',5),
(154,5405658594660352,'好几天',3),
(155,5405658594660352,'超过一周',2),
(156,5405658594660352,'几乎每天',1),
(157,5405658636603392,'完全不会',5),
(158,5405658636603392,'好几天 ',3),
(159,5405658636603392,'超过一周',2),
(160,5405658636603392,'几乎每天',1),
(161,5405658678546432,'完全不会 ',5),
(162,5405658678546432,'好几天',3),
(163,5405658678546432,'超过一周',2),
(164,5405658678546432,'几乎每天',1),
(165,5405658724683776,'完全不会',5),
(166,5405658724683776,'好几天',3),
(167,5405658724683776,'超过一周',2),
(168,5405658724683776,'几乎每天',1),
(169,5405658766626816,'完全不会',5),
(170,5405658766626816,'好几天',3),
(171,5405658766626816,'超过一周',2),
(172,5405658766626816,'几乎每天',1),
(173,5405658808569856,'完全不会 ',5),
(174,5405658808569856,'好几天',3),
(175,5405658808569856,'超过一周',2),
(176,5405658808569856,'几乎每天',1),
(177,5405658854707200,'没有',5),
(178,5405658854707200,'有几天',3),
(179,5405658854707200,'一半以上时间',2),
(180,5405658854707200,'几乎每天',1),
(181,5405658913427456,'没有',5),
(182,5405658913427456,'有几天',3),
(183,5405658913427456,'一半以上时间',2),
(184,5405658913427456,'几乎每天',1),
(185,5405658959564800,'没有 ',5),
(186,5405658959564800,'有几天',3),
(187,5405658959564800,'一半以上时间',2),
(188,5405658959564800,'几乎每天',1),
(189,5405659001507840,'没有',5),
(190,5405659001507840,'有几天',3),
(191,5405659001507840,'一半以上时间',2),
(192,5405659001507840,'几乎每天',1),
(193,5405659043450880,'没有 ',5),
(194,5405659043450880,'有几天',3),
(195,5405659043450880,'一半以上时间',2),
(196,5405659043450880,'几乎每天',1),
(197,5405659089588224,'没有 ',5),
(198,5405659089588224,'有几天',3),
(199,5405659089588224,'一半以上时间',2),
(200,5405659089588224,'几乎每天',1),
(201,5405659131531264,'没有',5),
(202,5405659131531264,'有几天',3),
(203,5405659131531264,'一半以上时间',2),
(204,5405659131531264,'几乎每天',1),
(205,5405659177668608,'没有',5),
(206,5405659177668608,'有几天',3),
(207,5405659177668608,'一半以上时间',2),
(208,5405659177668608,'几乎每天',1),
(209,5405659219611648,'没有',5),
(210,5405659219611648,'有几天',3),
(211,5405659219611648,'一半以上时间',2),
(212,5405659219611648,'几乎每天',1),
(213,5405659261554688,'经常',1),
(214,5405659261554688,'有时',2),
(215,5405659261554688,'很少',3),
(216,5405659261554688,'从未',5),
(217,5405659307692032,'经常',1),
(218,5405659307692032,'有时',2),
(219,5405659307692032,'很少',3),
(220,5405659307692032,'从未',5),
(221,5405659378995200,'经常',1),
(222,5405659378995200,'有时',2),
(223,5405659378995200,'很少',3),
(224,5405659378995200,'从未',5),
(225,5405659425132544,'经常',1),
(226,5405659425132544,'有时',2),
(227,5405659425132544,'很少',3),
(228,5405659425132544,'从未',5),
(229,5405659467075584,'经常',1),
(230,5405659467075584,'有时',2),
(231,5405659467075584,'很少',3),
(232,5405659467075584,'从未',5),
(233,5405659509018624,'经常 ',1),
(234,5405659509018624,'有时',2),
(235,5405659509018624,'很少',3),
(236,5405659509018624,'从未',5),
(237,5405659555155968,'经常',1),
(238,5405659555155968,'有时',2),
(239,5405659555155968,'很少',3),
(240,5405659555155968,'从未',5),
(241,5405659597099008,'经常',1),
(242,5405659597099008,'有时',2),
(243,5405659597099008,'很少',3),
(244,5405659597099008,'从未',5),
(245,5405659639042048,'经常',1),
(246,5405659639042048,'有时',2),
(247,5405659639042048,'很少',3),
(248,5405659639042048,'从未',5),
(249,5405659680985088,'经常',1),
(250,5405659680985088,'有时',2),
(251,5405659680985088,'很少',3),
(252,5405659680985088,'从未',5),
(253,5414096745779200,'既往缺血性脑卒中/TIA史',-2),
(254,5414096745779200,'既往心肌梗死',-2),
(255,5414096745779200,'其他心血管疾病（除外心房颤动和心肌梗死）',-2),
(256,5414096745779200,'外周动脉疾病',-2),
(257,5414096787722240,'否',0),
(258,5414096787722240,'是 ',5),
(259,5414096829665280,'（疑似）有障碍',1),
(260,5414096829665280,'我不确定',3),
(261,5414096829665280,'无障碍',5),
(262,5414096884191232,'几乎每天',1),
(263,5414096884191232,'超过一周',2),
(264,5414096884191232,'好几天',3),
(265,5414096884191232,'完全不会',5),
(266,5414096926134272,'几乎每天',1),
(267,5414096926134272,'一半以上时间',2),
(268,5414096926134272,'有几天',3),
(269,5414096926134272,'没有',5),
(270,5414096968077312,'几乎每天',1),
(271,5414096968077312,'一半以上时间',2),
(272,5414096968077312,'有几天',3),
(273,5414096968077312,'没有 ',5),
(274,5414097010020352,'几乎每天',1),
(275,5414097010020352,'超过一周',2),
(276,5414097010020352,'好几天',3),
(277,5414097010020352,'完全不会',5),
(278,5414097051963392,'经常',1),
(279,5414097051963392,'有时',2),
(280,5414097051963392,'很少',3),
(281,5414097051963392,'从未',5),
(282,5414097110683648,'少动，不感兴趣',1),
(283,5414097110683648,'我不确定',3),
(284,5414097110683648,'喜欢活动，感兴趣',5),
(285,5414097152626688,'经常',1),
(286,5414097152626688,'有时',2),
(287,5414097152626688,'很少',3),
(288,5414097152626688,'从未',5),
(289,5414097219735552,'几乎每天',1),
(290,5414097219735552,'一半以上时间',2),
(291,5414097219735552,'有几天',3),
(292,5414097219735552,'没有 ',5),
(293,5414097265872896,'有',1),
(294,5414097265872896,'有时',3),
(295,5414097265872896,'没有',5),
(296,5414097307815936,'几乎每天',1),
(297,5414097307815936,'一半以上时间',2),
(298,5414097307815936,'有几天',3),
(299,5414097307815936,'没有',5),
(300,5414097353953280,'几乎每天',1),
(301,5414097353953280,'超过一周',2),
(302,5414097353953280,'好几天',3),
(303,5414097353953280,'完全不会',5),
(304,5414097395896320,'经常',1),
(305,5414097395896320,'有时',2),
(306,5414097395896320,'很少',3),
(307,5414097395896320,'从未',5),
(308,5414097442033664,'经常',1),
(309,5414097442033664,'有时',2),
(310,5414097442033664,'很少',3),
(311,5414097442033664,'从未',5),
(312,5414097483976704,'是  ',1),
(313,5414097483976704,'有时',3),
(314,5414097483976704,'从不',5),
(315,5414097534308352,'几乎每天',1),
(316,5414097534308352,'一半以上时间',2),
(317,5414097534308352,'有几天',3),
(318,5414097534308352,'没有 ',5),
(319,5414097605611520,'几乎每天',1),
(320,5414097605611520,'一半以上时间',2),
(321,5414097605611520,'有几天',3),
(322,5414097605611520,'没有',5),
(323,5414097647554560,'几乎每天',1),
(324,5414097647554560,'超过一周',2),
(325,5414097647554560,'好几天',3),
(326,5414097647554560,'完全不会 ',5),
(327,5414097689497600,'我不确定',1),
(328,5414097689497600,'不会重复',3),
(329,5414097689497600,'很少重复 ',5),
(330,5414097731440640,'几乎每天',1),
(331,5414097731440640,'超过一周',2),
(332,5414097731440640,'好几天 ',3),
(333,5414097731440640,'完全不会',5),
(334,5414097773383680,'经常',1),
(335,5414097773383680,'有时',2),
(336,5414097773383680,'很少',3),
(337,5414097773383680,'从未',5),
(338,5414097819521024,'经常',1),
(339,5414097819521024,'有时',2),
(340,5414097819521024,'很少',3),
(341,5414097819521024,'从未',5),
(342,5414097861464064,'经常 ',1),
(343,5414097861464064,'有时',2),
(344,5414097861464064,'很少',3),
(345,5414097861464064,'从未',5),
(346,5414097903407104,'有困难 ',1),
(347,5414097903407104,'有时会出现困难',3),
(348,5414097903407104,'没有困难 ',5),
(349,5414097953738752,'几乎每天',1),
(350,5414097953738752,'一半以上时间',2),
(351,5414097953738752,'有几天',3),
(352,5414097953738752,'没有',5),
(353,5414097995681792,'几乎每天',1),
(354,5414097995681792,'一半以上时间',2),
(355,5414097995681792,'有几天',3),
(356,5414097995681792,'没有',5),
(357,5414098058596352,'几乎每天',1),
(358,5414098058596352,'超过一周',2),
(359,5414098058596352,'好几天',3),
(360,5414098058596352,'完全不会 ',5),
(361,5414098100539392,'几乎每天',1),
(362,5414098100539392,'一半以上时间',2),
(363,5414098100539392,'有几天',3),
(364,5414098100539392,'没有',5),
(365,5414098146676736,'几乎每天',1),
(366,5414098146676736,'超过一周',2),
(367,5414098146676736,'好几天',3),
(368,5414098146676736,'完全不会',5),
(369,5414098192814080,'有难度',1),
(370,5414098192814080,'不确定',3),
(371,5414098192814080,'没难度',5),
(372,5414098238951424,'经常',1),
(373,5414098238951424,'有时',2),
(374,5414098238951424,'很少',3),
(375,5414098238951424,'从未',5),
(376,5414098280894464,'经常',1),
(377,5414098280894464,'有时',2),
(378,5414098280894464,'很少',3),
(379,5414098280894464,'从未',5),
(380,5414098322837504,'经常',1),
(381,5414098322837504,'有时',2),
(382,5414098322837504,'很少',3),
(383,5414098322837504,'从未',5),
(384,5414098364780544,'有过',1),
(385,5414098364780544,'偶尔',3),
(386,5414098364780544,'没有',5),
(387,5414098645798912,'既往缺血性脑卒中/TIA史',-2),
(388,5414098645798912,'既往心肌梗死',-2),
(389,5414098645798912,'其他心血管疾病（除外心房颤动和心肌梗死）',-2),
(390,5414098645798912,'外周动脉疾病',-2),
(391,5414098687741952,'否',0),
(392,5414098687741952,'是 ',5),
(393,5414098729684992,'（疑似）有障碍',1),
(394,5414098729684992,'我不确定',3),
(395,5414098729684992,'无障碍',5),
(396,5414098771628032,'几乎每天',1),
(397,5414098771628032,'超过一周',2),
(398,5414098771628032,'好几天',3),
(399,5414098771628032,'完全不会',5),
(400,5414098826153984,'几乎每天',1),
(401,5414098826153984,'一半以上时间',2),
(402,5414098826153984,'有几天',3),
(403,5414098826153984,'没有',5),
(404,5414098868097024,'几乎每天',1),
(405,5414098868097024,'一半以上时间',2),
(406,5414098868097024,'有几天',3),
(407,5414098868097024,'没有 ',5),
(408,5414098910040064,'几乎每天',1),
(409,5414098910040064,'超过一周',2),
(410,5414098910040064,'好几天',3),
(411,5414098910040064,'完全不会',5),
(412,5414098951983104,'经常',1),
(413,5414098951983104,'有时',2),
(414,5414098951983104,'很少',3),
(415,5414098951983104,'从未',5),
(416,5414098993926144,'少动，不感兴趣',1),
(417,5414098993926144,'我不确定',3),
(418,5414098993926144,'喜欢活动，感兴趣',5),
(419,5414099035869184,'经常',1),
(420,5414099035869184,'有时',2),
(421,5414099035869184,'很少',3),
(422,5414099035869184,'从未',5),
(423,5414099077812224,'几乎每天',1),
(424,5414099077812224,'一半以上时间',2),
(425,5414099077812224,'有几天',3),
(426,5414099077812224,'没有 ',5),
(427,5414099149115392,'有',1),
(428,5414099149115392,'有时',3),
(429,5414099149115392,'没有',5),
(430,5414099191058432,'几乎每天',1),
(431,5414099191058432,'一半以上时间',2),
(432,5414099191058432,'有几天',3),
(433,5414099191058432,'没有',5),
(434,5414099233001472,'几乎每天',1),
(435,5414099233001472,'超过一周',2),
(436,5414099233001472,'好几天',3),
(437,5414099233001472,'完全不会',5),
(438,5414099274944512,'经常',1),
(439,5414099274944512,'有时',2),
(440,5414099274944512,'很少',3),
(441,5414099274944512,'从未',5),
(442,5414099316887552,'经常',1),
(443,5414099316887552,'有时',2),
(444,5414099316887552,'很少',3),
(445,5414099316887552,'从未',5),
(446,5414099363024896,'是  ',1),
(447,5414099363024896,'有时',3),
(448,5414099363024896,'从不',5),
(449,5414099404967936,'几乎每天',1),
(450,5414099404967936,'一半以上时间',2),
(451,5414099404967936,'有几天',3),
(452,5414099404967936,'没有 ',5),
(453,5414099446910976,'几乎每天',1),
(454,5414099446910976,'一半以上时间',2),
(455,5414099446910976,'有几天',3),
(456,5414099446910976,'没有',5),
(457,5414099488854016,'几乎每天',1),
(458,5414099488854016,'超过一周',2),
(459,5414099488854016,'好几天',3),
(460,5414099488854016,'完全不会 ',5),
(461,5414099530797056,'我不确定',1),
(462,5414099530797056,'不会重复',3),
(463,5414099530797056,'很少重复 ',5),
(464,5414099589517312,'几乎每天',1),
(465,5414099589517312,'超过一周',2),
(466,5414099589517312,'好几天 ',3),
(467,5414099589517312,'完全不会',5),
(468,5414099631460352,'经常',1),
(469,5414099631460352,'有时',2),
(470,5414099631460352,'很少',3),
(471,5414099631460352,'从未',5),
(472,5414099677597696,'经常',1),
(473,5414099677597696,'有时',2),
(474,5414099677597696,'很少',3),
(475,5414099677597696,'从未',5),
(476,5414099723735040,'经常 ',1),
(477,5414099723735040,'有时',2),
(478,5414099723735040,'很少',3),
(479,5414099723735040,'从未',5),
(480,5414099765678080,'有困难 ',1),
(481,5414099765678080,'有时会出现困难',3),
(482,5414099765678080,'没有困难 ',5),
(483,5414099836981248,'几乎每天',1),
(484,5414099836981248,'一半以上时间',2),
(485,5414099836981248,'有几天',3),
(486,5414099836981248,'没有',5),
(487,5414099878924288,'几乎每天',1),
(488,5414099878924288,'一半以上时间',2),
(489,5414099878924288,'有几天',3),
(490,5414099878924288,'没有',5),
(491,5414099920867328,'几乎每天',1),
(492,5414099920867328,'超过一周',2),
(493,5414099920867328,'好几天',3),
(494,5414099920867328,'完全不会 ',5),
(495,5414099967004672,'几乎每天',1),
(496,5414099967004672,'一半以上时间',2),
(497,5414099967004672,'有几天',3),
(498,5414099967004672,'没有',5),
(499,5414100021530624,'几乎每天',1),
(500,5414100021530624,'超过一周',2),
(501,5414100021530624,'好几天',3),
(502,5414100021530624,'完全不会',5),
(503,5414100063473664,'有难度',1),
(504,5414100063473664,'不确定',3),
(505,5414100063473664,'没难度',5),
(506,5414100117999616,'经常',1),
(507,5414100117999616,'有时',2),
(508,5414100117999616,'很少',3),
(509,5414100117999616,'从未',5),
(510,5414100159942656,'经常',1),
(511,5414100159942656,'有时',2),
(512,5414100159942656,'很少',3),
(513,5414100159942656,'从未',5),
(514,5414100201885696,'经常',1),
(515,5414100201885696,'有时',2),
(516,5414100201885696,'很少',3),
(517,5414100201885696,'从未',5),
(518,5414100248023040,'有过',1),
(519,5414100248023040,'偶尔',3),
(520,5414100248023040,'没有',5),
(521,5414237204631552,'既往心肌梗死',-2),
(522,5414237204631552,'其他心血管疾病（除外心房颤动和心肌梗死）',-2),
(523,5414237204631552,'外周动脉疾病',-2),
(524,5414237204631552,'既往缺血性脑卒中/TIA史',-2),
(525,5414237250768896,'否',0),
(526,5414237250768896,'是 ',5),
(527,5414237296906240,'（疑似）有障碍',1),
(528,5414237296906240,'我不确定',3),
(529,5414237296906240,'无障碍',5),
(530,5414237343043584,'几乎每天',1),
(531,5414237343043584,'一半以上时间',2),
(532,5414237343043584,'有几天',3),
(533,5414237343043584,'没有',5),
(534,5414237384986624,'经常',1),
(535,5414237384986624,'有时',2),
(536,5414237384986624,'很少',3),
(537,5414237384986624,'从未',5),
(538,5414237435318272,'有难度',1),
(539,5414237435318272,'不确定',3),
(540,5414237435318272,'没难度',5),
(541,5414237481455616,'经常',1),
(542,5414237481455616,'有时',2),
(543,5414237481455616,'很少',3),
(544,5414237481455616,'从未',5),
(545,5414237561147392,'几乎每天',1),
(546,5414237561147392,'一半以上时间',2),
(547,5414237561147392,'有几天',3),
(548,5414237561147392,'没有 ',5),
(549,5414237603090432,'是  ',1),
(550,5414237603090432,'有时',3),
(551,5414237603090432,'从不',5),
(552,5414237645033472,'几乎每天',1),
(553,5414237645033472,'超过一周',2),
(554,5414237645033472,'好几天',3),
(555,5414237645033472,'完全不会 ',5),
(556,5414237691170816,'几乎每天',1),
(557,5414237691170816,'一半以上时间',2),
(558,5414237691170816,'有几天',3),
(559,5414237691170816,'没有',5),
(560,5414237741502464,'经常',1),
(561,5414237741502464,'有时',2),
(562,5414237741502464,'很少',3),
(563,5414237741502464,'从未',5),
(564,5414237783445504,'几乎每天',1),
(565,5414237783445504,'超过一周',2),
(566,5414237783445504,'好几天',3),
(567,5414237783445504,'完全不会',5),
(568,5414237825388544,'少动，不感兴趣',1),
(569,5414237825388544,'我不确定',3),
(570,5414237825388544,'喜欢活动，感兴趣',5),
(571,5414237867331584,'经常',1),
(572,5414237867331584,'有时',2),
(573,5414237867331584,'很少',3),
(574,5414237867331584,'从未',5),
(575,5414237905080320,'几乎每天',1),
(576,5414237905080320,'一半以上时间',2),
(577,5414237905080320,'有几天',3),
(578,5414237905080320,'没有',5),
(579,5414237959606272,'经常',1),
(580,5414237959606272,'有时',2),
(581,5414237959606272,'很少',3),
(582,5414237959606272,'从未',5),
(583,5414238005743616,'有',1),
(584,5414238005743616,'有时',3),
(585,5414238005743616,'没有',5),
(586,5414238047686656,'几乎每天',1),
(587,5414238047686656,'一半以上时间',2),
(588,5414238047686656,'有几天',3),
(589,5414238047686656,'没有',5),
(590,5414238093824000,'几乎每天',1),
(591,5414238093824000,'超过一周',2),
(592,5414238093824000,'好几天 ',3),
(593,5414238093824000,'完全不会',5),
(594,5414238135767040,'几乎每天',1),
(595,5414238135767040,'一半以上时间',2),
(596,5414238135767040,'有几天',3),
(597,5414238135767040,'没有',5),
(598,5414238177710080,'经常',1),
(599,5414238177710080,'有时',2),
(600,5414238177710080,'很少',3),
(601,5414238177710080,'从未',5),
(602,5414238219653120,'几乎每天',1),
(603,5414238219653120,'超过一周',2),
(604,5414238219653120,'好几天',3),
(605,5414238219653120,'完全不会',5),
(606,5414238261596160,'经常',1),
(607,5414238261596160,'有时',2),
(608,5414238261596160,'很少',3),
(609,5414238261596160,'从未',5),
(610,5414238303539200,'经常',1),
(611,5414238303539200,'有时',2),
(612,5414238303539200,'很少',3),
(613,5414238303539200,'从未',5),
(614,5414238345482240,'几乎每天',1),
(615,5414238345482240,'一半以上时间',2),
(616,5414238345482240,'有几天',3),
(617,5414238345482240,'没有 ',5),
(618,5414238383230976,'几乎每天',1),
(619,5414238383230976,'一半以上时间',2),
(620,5414238383230976,'有几天',3),
(621,5414238383230976,'没有 ',5),
(622,5414238425174016,'有困难 ',1),
(623,5414238425174016,'有时会出现困难',3),
(624,5414238425174016,'没有困难 ',5),
(625,5414238496477184,'几乎每天',1),
(626,5414238496477184,'超过一周',2),
(627,5414238496477184,'好几天',3),
(628,5414238496477184,'完全不会 ',5),
(629,5414238538420224,'经常 ',1),
(630,5414238538420224,'有时',2),
(631,5414238538420224,'很少',3),
(632,5414238538420224,'从未',5),
(633,5414238580363264,'有过',1),
(634,5414238580363264,'偶尔',3),
(635,5414238580363264,'没有',5),
(636,5414238622306304,'几乎每天',1),
(637,5414238622306304,'超过一周',2),
(638,5414238622306304,'好几天',3),
(639,5414238622306304,'完全不会',5),
(640,5414238664249344,'经常',1),
(641,5414238664249344,'有时',2),
(642,5414238664249344,'很少',3),
(643,5414238664249344,'从未',5),
(644,5414238706192384,'几乎每天',1),
(645,5414238706192384,'超过一周',2),
(646,5414238706192384,'好几天',3),
(647,5414238706192384,'完全不会',5),
(648,5414238748135424,'我不确定',1),
(649,5414238748135424,'不会重复',3),
(650,5414238748135424,'很少重复 ',5),
(651,5414238790078464,'几乎每天',1),
(652,5414238790078464,'一半以上时间',2),
(653,5414238790078464,'有几天',3),
(654,5414238790078464,'没有',5),
(655,9042316661608448,'既往缺血性脑卒中/TIA史',-2),
(656,9042316661608448,'既往心肌梗死',-2),
(657,9042316661608448,'其他心血管疾病（除外心房颤动和心肌梗死）',-2),
(658,9042316661608448,'外周动脉疾病',-2),
(659,9042316703551488,'否',0),
(660,9042316703551488,'是 ',5),
(661,9042316741300224,'几乎每天',1),
(662,9042316741300224,'超过一周',2),
(663,9042316741300224,'好几天',3),
(664,9042316741300224,'完全不会',5),
(665,9042316783243264,'我不确定',1),
(666,9042316783243264,'不会重复',3),
(667,9042316783243264,'很少重复 ',5),
(668,9042316825186304,'几乎每天',1),
(669,9042316825186304,'超过一周',2),
(670,9042316825186304,'好几天',3),
(671,9042316825186304,'完全不会',5),
(672,9042316862935040,'经常',1),
(673,9042316862935040,'有时',2),
(674,9042316862935040,'很少',3),
(675,9042316862935040,'从未',5),
(676,9042316904878080,'几乎每天',1),
(677,9042316904878080,'超过一周',2),
(678,9042316904878080,'好几天',3),
(679,9042316904878080,'完全不会',5),
(680,9042316942626816,'经常',1),
(681,9042316942626816,'有时',2),
(682,9042316942626816,'很少',3),
(683,9042316942626816,'从未',5),
(684,9042316984569856,'几乎每天',1),
(685,9042316984569856,'一半以上时间',2),
(686,9042316984569856,'有几天',3),
(687,9042316984569856,'没有',5),
(688,9042317026512896,'经常',1),
(689,9042317026512896,'有时',2),
(690,9042317026512896,'很少',3),
(691,9042317026512896,'从未',5),
(692,9042317064261632,'几乎每天',1),
(693,9042317064261632,'一半以上时间',2),
(694,9042317064261632,'有几天',3),
(695,9042317064261632,'没有',5),
(696,9042317106204672,'（疑似）有障碍',1),
(697,9042317106204672,'我不确定',3),
(698,9042317106204672,'无障碍',5),
(699,9042317143953408,'是  ',1),
(700,9042317143953408,'有时',3),
(701,9042317143953408,'从不',5),
(702,9042317198479360,'几乎每天',1),
(703,9042317198479360,'超过一周',2),
(704,9042317198479360,'好几天',3),
(705,9042317198479360,'完全不会 ',5),
(706,9042317236228096,'几乎每天',1),
(707,9042317236228096,'一半以上时间',2),
(708,9042317236228096,'有几天',3),
(709,9042317236228096,'没有 ',5),
(710,9042317278171136,'经常',1),
(711,9042317278171136,'有时',2),
(712,9042317278171136,'很少',3),
(713,9042317278171136,'从未',5),
(714,9042317315919872,'几乎每天',1),
(715,9042317315919872,'一半以上时间',2),
(716,9042317315919872,'有几天',3),
(717,9042317315919872,'没有',5),
(718,9042317357862912,'经常',1),
(719,9042317357862912,'有时',2),
(720,9042317357862912,'很少',3),
(721,9042317357862912,'从未',5),
(722,9042317395611648,'经常',1),
(723,9042317395611648,'有时',2),
(724,9042317395611648,'很少',3),
(725,9042317395611648,'从未',5),
(726,9042317437554688,'少动，不感兴趣',1),
(727,9042317437554688,'我不确定',3),
(728,9042317437554688,'喜欢活动，感兴趣',5),
(729,9042317487886336,'几乎每天',1),
(730,9042317487886336,'一半以上时间',2),
(731,9042317487886336,'有几天',3),
(732,9042317487886336,'没有',5),
(733,9042317542412288,'有困难 ',1),
(734,9042317542412288,'有时会出现困难',3),
(735,9042317542412288,'没有困难 ',5),
(736,9042317580161024,'几乎每天',1),
(737,9042317580161024,'一半以上时间',2),
(738,9042317580161024,'有几天',3),
(739,9042317580161024,'没有',5),
(740,9042317630492672,'有',1),
(741,9042317630492672,'有时',3),
(742,9042317630492672,'没有',5),
(743,9042317672435712,'几乎每天',1),
(744,9042317672435712,'超过一周',2),
(745,9042317672435712,'好几天 ',3),
(746,9042317672435712,'完全不会',5),
(747,9042317714378752,'几乎每天',1),
(748,9042317714378752,'超过一周',2),
(749,9042317714378752,'好几天',3),
(750,9042317714378752,'完全不会 ',5),
(751,9042317752127488,'有过',1),
(752,9042317752127488,'偶尔',3),
(753,9042317752127488,'没有',5),
(754,9042317789876224,'经常',1),
(755,9042317789876224,'有时',2),
(756,9042317789876224,'很少',3),
(757,9042317789876224,'从未',5),
(758,9042317831819264,'经常',1),
(759,9042317831819264,'有时',2),
(760,9042317831819264,'很少',3),
(761,9042317831819264,'从未',5),
(762,9042317869568000,'几乎每天',1),
(763,9042317869568000,'一半以上时间',2),
(764,9042317869568000,'有几天',3),
(765,9042317869568000,'没有 ',5),
(766,9042317919899648,'几乎每天',1),
(767,9042317919899648,'超过一周',2),
(768,9042317919899648,'好几天',3),
(769,9042317919899648,'完全不会',5),
(770,9042317961842688,'经常 ',1),
(771,9042317961842688,'有时',2),
(772,9042317961842688,'很少',3),
(773,9042317961842688,'从未',5),
(774,9042318003785728,'有难度',1),
(775,9042318003785728,'不确定',3),
(776,9042318003785728,'没难度',5),
(777,9042318041534464,'几乎每天',1),
(778,9042318041534464,'一半以上时间',2),
(779,9042318041534464,'有几天',3),
(780,9042318041534464,'没有 ',5),
(781,9042318083477504,'几乎每天',1),
(782,9042318083477504,'一半以上时间',2),
(783,9042318083477504,'有几天',3),
(784,9042318083477504,'没有',5),
(785,9042318133809152,'经常',1),
(786,9042318133809152,'有时',2),
(787,9042318133809152,'很少',3),
(788,9042318133809152,'从未',5),
(789,9043277186584576,'既往心肌梗死',-2),
(790,9043277186584576,'其他心血管疾病（除外心房颤动和心肌梗死）',-2),
(791,9043277186584576,'外周动脉疾病',-2),
(792,9043277186584576,'既往缺血性脑卒中/TIA史',-2),
(793,9043277228527616,'否',0),
(794,9043277228527616,'是 ',5),
(795,9043277270470656,'经常',1),
(796,9043277270470656,'有时',2),
(797,9043277270470656,'很少',3),
(798,9043277270470656,'从未',5),
(799,9043277312413696,'有',1),
(800,9043277312413696,'有时',3),
(801,9043277312413696,'没有',5),
(802,9043277354356736,'经常',1),
(803,9043277354356736,'有时',2),
(804,9043277354356736,'很少',3),
(805,9043277354356736,'从未',5),
(806,9043277396299776,'几乎每天',1),
(807,9043277396299776,'一半以上时间',2),
(808,9043277396299776,'有几天',3),
(809,9043277396299776,'没有 ',5),
(810,9043277450825728,'是  ',1),
(811,9043277450825728,'有时',3),
(812,9043277450825728,'从不',5),
(813,9043277492768768,'几乎每天',1),
(814,9043277492768768,'一半以上时间',2),
(815,9043277492768768,'有几天',3),
(816,9043277492768768,'没有',5),
(817,9043277543100416,'有过',1),
(818,9043277543100416,'偶尔',3),
(819,9043277543100416,'没有',5),
(820,9043277585043456,'几乎每天',1),
(821,9043277585043456,'一半以上时间',2),
(822,9043277585043456,'有几天',3),
(823,9043277585043456,'没有 ',5),
(824,9043277622792192,'几乎每天',1),
(825,9043277622792192,'一半以上时间',2),
(826,9043277622792192,'有几天',3),
(827,9043277622792192,'没有',5),
(828,9043277689901056,'几乎每天',1),
(829,9043277689901056,'超过一周',2),
(830,9043277689901056,'好几天',3),
(831,9043277689901056,'完全不会',5),
(832,9043277731844096,'几乎每天',1),
(833,9043277731844096,'一半以上时间',2),
(834,9043277731844096,'有几天',3),
(835,9043277731844096,'没有',5),
(836,9043277769592832,'几乎每天',1),
(837,9043277769592832,'超过一周',2),
(838,9043277769592832,'好几天',3),
(839,9043277769592832,'完全不会 ',5),
(840,9043277811535872,'少动，不感兴趣',1),
(841,9043277811535872,'我不确定',3),
(842,9043277811535872,'喜欢活动，感兴趣',5),
(843,9043277853478912,'经常',1),
(844,9043277853478912,'有时',2),
(845,9043277853478912,'很少',3),
(846,9043277853478912,'从未',5),
(847,9043277899616256,'有难度',1),
(848,9043277899616256,'不确定',3),
(849,9043277899616256,'没难度',5),
(850,9043277941559296,'经常',1),
(851,9043277941559296,'有时',2),
(852,9043277941559296,'很少',3),
(853,9043277941559296,'从未',5),
(854,9043277979308032,'（疑似）有障碍',1),
(855,9043277979308032,'我不确定',3),
(856,9043277979308032,'无障碍',5),
(857,9043278025445376,'经常',1),
(858,9043278025445376,'有时',2),
(859,9043278025445376,'很少',3),
(860,9043278025445376,'从未',5),
(861,9043278079971328,'经常',1),
(862,9043278079971328,'有时',2),
(863,9043278079971328,'很少',3),
(864,9043278079971328,'从未',5),
(865,9043278121914368,'几乎每天',1),
(866,9043278121914368,'超过一周',2),
(867,9043278121914368,'好几天 ',3),
(868,9043278121914368,'完全不会',5),
(869,9043278163857408,'经常',1),
(870,9043278163857408,'有时',2),
(871,9043278163857408,'很少',3),
(872,9043278163857408,'从未',5),
(873,9043278205800448,'几乎每天',1),
(874,9043278205800448,'一半以上时间',2),
(875,9043278205800448,'有几天',3),
(876,9043278205800448,'没有 ',5),
(877,9043278247743488,'我不确定',1),
(878,9043278247743488,'不会重复',3),
(879,9043278247743488,'很少重复 ',5),
(880,9043278289686528,'经常 ',1),
(881,9043278289686528,'有时',2),
(882,9043278289686528,'很少',3),
(883,9043278289686528,'从未',5),
(884,9043278331629568,'经常',1),
(885,9043278331629568,'有时',2),
(886,9043278331629568,'很少',3),
(887,9043278331629568,'从未',5),
(888,9043278373572608,'有困难 ',1),
(889,9043278373572608,'有时会出现困难',3),
(890,9043278373572608,'没有困难 ',5),
(891,9043278419709952,'几乎每天',1),
(892,9043278419709952,'一半以上时间',2),
(893,9043278419709952,'有几天',3),
(894,9043278419709952,'没有',5),
(895,9043278461652992,'几乎每天',1),
(896,9043278461652992,'超过一周',2),
(897,9043278461652992,'好几天',3),
(898,9043278461652992,'完全不会',5),
(899,9043278503596032,'几乎每天',1),
(900,9043278503596032,'一半以上时间',2),
(901,9043278503596032,'有几天',3),
(902,9043278503596032,'没有',5),
(903,9043278545539072,'经常',1),
(904,9043278545539072,'有时',2),
(905,9043278545539072,'很少',3),
(906,9043278545539072,'从未',5),
(907,9043278587482112,'几乎每天',1),
(908,9043278587482112,'超过一周',2),
(909,9043278587482112,'好几天',3),
(910,9043278587482112,'完全不会 ',5),
(911,9043278629425152,'几乎每天',1),
(912,9043278629425152,'超过一周',2),
(913,9043278629425152,'好几天',3),
(914,9043278629425152,'完全不会',5),
(915,9043278671368192,'几乎每天',1),
(916,9043278671368192,'一半以上时间',2),
(917,9043278671368192,'有几天',3),
(918,9043278671368192,'没有',5),
(919,9043278738477056,'几乎每天',1),
(920,9043278738477056,'超过一周',2),
(921,9043278738477056,'好几天',3),
(922,9043278738477056,'完全不会',5),
(923,9108800876720128,'其他心血管疾病（除外心房颤动和心肌梗死）',-2),
(924,9108800876720128,'外周动脉疾病',-2),
(925,9108800876720128,'既往缺血性脑卒中/TIA史',-2),
(926,9108800876720128,'既往心肌梗死',-2),
(927,9108801736552448,'否',0),
(928,9108801736552448,'是 ',5),
(929,9108802541858816,'几乎每天',1),
(930,9108802541858816,'超过一周',2),
(931,9108802541858816,'好几天',3),
(932,9108802541858816,'完全不会',5),
(933,9108803355553792,'几乎每天',1),
(934,9108803355553792,'一半以上时间',2),
(935,9108803355553792,'有几天',3),
(936,9108803355553792,'没有',5),
(937,9108804177637376,'几乎每天',1),
(938,9108804177637376,'一半以上时间',2),
(939,9108804177637376,'有几天',3),
(940,9108804177637376,'没有 ',5),
(941,9108804991332352,'几乎每天',1),
(942,9108804991332352,'超过一周',2),
(943,9108804991332352,'好几天',3),
(944,9108804991332352,'完全不会',5),
(945,9108805838581760,'几乎每天',1),
(946,9108805838581760,'超过一周',2),
(947,9108805838581760,'好几天 ',3),
(948,9108805838581760,'完全不会',5),
(949,9108806643888128,'几乎每天',1),
(950,9108806643888128,'一半以上时间',2),
(951,9108806643888128,'有几天',3),
(952,9108806643888128,'没有 ',5),
(953,9108807453388800,'经常',1),
(954,9108807453388800,'有时',2),
(955,9108807453388800,'很少',3),
(956,9108807453388800,'从未',5),
(957,9108808267083776,'有过',1),
(958,9108808267083776,'偶尔',3),
(959,9108808267083776,'没有',5),
(960,9108809080778752,'有困难 ',1),
(961,9108809080778752,'有时会出现困难',3),
(962,9108809080778752,'没有困难 ',5),
(963,9108809944805376,'几乎每天',1),
(964,9108809944805376,'一半以上时间',2),
(965,9108809944805376,'有几天',3),
(966,9108809944805376,'没有 ',5),
(967,9108810762694656,'（疑似）有障碍',1),
(968,9108810762694656,'我不确定',3),
(969,9108810762694656,'无障碍',5),
(970,9108811593166848,'经常',1),
(971,9108811593166848,'有时',2),
(972,9108811593166848,'很少',3),
(973,9108811593166848,'从未',5),
(974,9108812415250432,'几乎每天',1),
(975,9108812415250432,'超过一周',2),
(976,9108812415250432,'好几天',3),
(977,9108812415250432,'完全不会 ',5),
(978,9108813249916928,'经常',1),
(979,9108813249916928,'有时',2),
(980,9108813249916928,'很少',3),
(981,9108813249916928,'从未',5),
(982,9108814055223296,'几乎每天',1),
(983,9108814055223296,'超过一周',2),
(984,9108814055223296,'好几天',3),
(985,9108814055223296,'完全不会 ',5),
(986,9108814873112576,'几乎每天',1),
(987,9108814873112576,'一半以上时间',2),
(988,9108814873112576,'有几天',3),
(989,9108814873112576,'没有',5),
(990,9108815686807552,'有难度',1),
(991,9108815686807552,'不确定',3),
(992,9108815686807552,'没难度',5),
(993,9108816496308224,'我不确定',1),
(994,9108816496308224,'不会重复',3),
(995,9108816496308224,'很少重复 ',5),
(996,9108817305808896,'经常',1),
(997,9108817305808896,'有时',2),
(998,9108817305808896,'很少',3),
(999,9108817305808896,'从未',5),
(1000,9108818111115264,'有',1),
(1001,9108818111115264,'有时',3),
(1002,9108818111115264,'没有',5),
(1003,9108818924810240,'几乎每天',1),
(1004,9108818924810240,'一半以上时间',2),
(1005,9108818924810240,'有几天',3),
(1006,9108818924810240,'没有',5),
(1007,9108819746893824,'经常',1),
(1008,9108819746893824,'有时',2),
(1009,9108819746893824,'很少',3),
(1010,9108819746893824,'从未',5),
(1011,9108820568977408,'几乎每天',1),
(1012,9108820568977408,'超过一周',2),
(1013,9108820568977408,'好几天',3),
(1014,9108820568977408,'完全不会',5),
(1015,9108821378478080,'几乎每天',1),
(1016,9108821378478080,'一半以上时间',2),
(1017,9108821378478080,'有几天',3),
(1018,9108821378478080,'没有',5),
(1019,9108822200561664,'经常 ',1),
(1020,9108822200561664,'有时',2),
(1021,9108822200561664,'很少',3),
(1022,9108822200561664,'从未',5),
(1023,9108823047811072,'几乎每天',1),
(1024,9108823047811072,'超过一周',2),
(1025,9108823047811072,'好几天',3),
(1026,9108823047811072,'完全不会',5),
(1027,9108823869894656,'经常',1),
(1028,9108823869894656,'有时',2),
(1029,9108823869894656,'很少',3),
(1030,9108823869894656,'从未',5),
(1031,9108824763281408,'几乎每天',1),
(1032,9108824763281408,'一半以上时间',2),
(1033,9108824763281408,'有几天',3),
(1034,9108824763281408,'没有',5),
(1035,9108825631502336,'经常',1),
(1036,9108825631502336,'有时',2),
(1037,9108825631502336,'很少',3),
(1038,9108825631502336,'从未',5),
(1039,9108826466168832,'几乎每天',1),
(1040,9108826466168832,'一半以上时间',2),
(1041,9108826466168832,'有几天',3),
(1042,9108826466168832,'没有',5),
(1043,9108827313418240,'经常',1),
(1044,9108827313418240,'有时',2),
(1045,9108827313418240,'很少',3),
(1046,9108827313418240,'从未',5),
(1047,9108828143890432,'少动，不感兴趣',1),
(1048,9108828143890432,'我不确定',3),
(1049,9108828143890432,'喜欢活动，感兴趣',5),
(1050,9108828961779712,'经常',1),
(1051,9108828961779712,'有时',2),
(1052,9108828961779712,'很少',3),
(1053,9108828961779712,'从未',5),
(1054,9108829796446208,'是  ',1),
(1055,9108829796446208,'有时',3),
(1056,9108829796446208,'从不',5),
(1057,9109047694733312,'其他心血管疾病（除外心房颤动和心肌梗死）',-2),
(1058,9109047694733312,'外周动脉疾病',-2),
(1059,9109047694733312,'既往缺血性脑卒中/TIA史',-2),
(1060,9109047694733312,'既往心肌梗死',-2),
(1061,9109048533594112,'否',0),
(1062,9109048533594112,'是 ',5),
(1063,9109049368260608,'几乎每天',1),
(1064,9109049368260608,'超过一周',2),
(1065,9109049368260608,'好几天',3),
(1066,9109049368260608,'完全不会',5),
(1067,9109050232287232,'几乎每天',1),
(1068,9109050232287232,'一半以上时间',2),
(1069,9109050232287232,'有几天',3),
(1070,9109050232287232,'没有',5),
(1071,9109051083730944,'几乎每天',1),
(1072,9109051083730944,'一半以上时间',2),
(1073,9109051083730944,'有几天',3),
(1074,9109051083730944,'没有 ',5),
(1075,9109051939368960,'几乎每天',1),
(1076,9109051939368960,'超过一周',2),
(1077,9109051939368960,'好几天',3),
(1078,9109051939368960,'完全不会',5),
(1079,9109052803395584,'几乎每天',1),
(1080,9109052803395584,'超过一周',2),
(1081,9109052803395584,'好几天 ',3),
(1082,9109052803395584,'完全不会',5),
(1083,9109053659033600,'几乎每天',1),
(1084,9109053659033600,'一半以上时间',2),
(1085,9109053659033600,'有几天',3),
(1086,9109053659033600,'没有 ',5),
(1087,9109054514671616,'经常',1),
(1088,9109054514671616,'有时',2),
(1089,9109054514671616,'很少',3),
(1090,9109054514671616,'从未',5),
(1091,9109055374503936,'有过',1),
(1092,9109055374503936,'偶尔',3),
(1093,9109055374503936,'没有',5),
(1094,9109056234336256,'有困难 ',1),
(1095,9109056234336256,'有时会出现困难',3),
(1096,9109056234336256,'没有困难 ',5),
(1097,9109057048031232,'几乎每天',1),
(1098,9109057048031232,'一半以上时间',2),
(1099,9109057048031232,'有几天',3),
(1100,9109057048031232,'没有 ',5),
(1101,9109057874309120,'（疑似）有障碍',1),
(1102,9109057874309120,'我不确定',3),
(1103,9109057874309120,'无障碍',5),
(1104,9109058683809792,'经常',1),
(1105,9109058683809792,'有时',2),
(1106,9109058683809792,'很少',3),
(1107,9109058683809792,'从未',5),
(1108,9109059510087680,'几乎每天',1),
(1109,9109059510087680,'超过一周',2),
(1110,9109059510087680,'好几天',3),
(1111,9109059510087680,'完全不会 ',5),
(1112,9109060336365568,'经常',1),
(1113,9109060336365568,'有时',2),
(1114,9109060336365568,'很少',3),
(1115,9109060336365568,'从未',5),
(1116,9109061145866240,'几乎每天',1),
(1117,9109061145866240,'超过一周',2),
(1118,9109061145866240,'好几天',3),
(1119,9109061145866240,'完全不会 ',5),
(1120,9109061972144128,'几乎每天',1),
(1121,9109061972144128,'一半以上时间',2),
(1122,9109061972144128,'有几天',3),
(1123,9109061972144128,'没有',5),
(1124,9109062798422016,'有难度',1),
(1125,9109062798422016,'不确定',3),
(1126,9109062798422016,'没难度',5),
(1127,9109063616311296,'我不确定',1),
(1128,9109063616311296,'不会重复',3),
(1129,9109063616311296,'很少重复 ',5),
(1130,9109064488726528,'经常',1),
(1131,9109064488726528,'有时',2),
(1132,9109064488726528,'很少',3),
(1133,9109064488726528,'从未',5),
(1134,9109065335975936,'有',1),
(1135,9109065335975936,'有时',3),
(1136,9109065335975936,'没有',5),
(1137,9109066153865216,'几乎每天',1),
(1138,9109066153865216,'一半以上时间',2),
(1139,9109066153865216,'有几天',3),
(1140,9109066153865216,'没有',5),
(1141,9109066967560192,'经常',1),
(1142,9109066967560192,'有时',2),
(1143,9109066967560192,'很少',3),
(1144,9109066967560192,'从未',5),
(1145,9109067772866560,'几乎每天',1),
(1146,9109067772866560,'超过一周',2),
(1147,9109067772866560,'好几天',3),
(1148,9109067772866560,'完全不会',5),
(1149,9109068704002048,'几乎每天',1),
(1150,9109068704002048,'一半以上时间',2),
(1151,9109068704002048,'有几天',3),
(1152,9109068704002048,'没有',5),
(1153,9109069547057152,'经常 ',1),
(1154,9109069547057152,'有时',2),
(1155,9109069547057152,'很少',3),
(1156,9109069547057152,'从未',5),
(1157,9109070364946432,'几乎每天',1),
(1158,9109070364946432,'超过一周',2),
(1159,9109070364946432,'好几天',3),
(1160,9109070364946432,'完全不会',5),
(1161,9109071203807232,'经常',1),
(1162,9109071203807232,'有时',2),
(1163,9109071203807232,'很少',3),
(1164,9109071203807232,'从未',5),
(1165,9109072017502208,'几乎每天',1),
(1166,9109072017502208,'一半以上时间',2),
(1167,9109072017502208,'有几天',3),
(1168,9109072017502208,'没有',5),
(1169,9109072835391488,'经常',1),
(1170,9109072835391488,'有时',2),
(1171,9109072835391488,'很少',3),
(1172,9109072835391488,'从未',5),
(1173,9109073649086464,'几乎每天',1),
(1174,9109073649086464,'一半以上时间',2),
(1175,9109073649086464,'有几天',3),
(1176,9109073649086464,'没有',5),
(1177,9109074504724480,'经常',1),
(1178,9109074504724480,'有时',2),
(1179,9109074504724480,'很少',3),
(1180,9109074504724480,'从未',5),
(1181,9109075339390976,'少动，不感兴趣',1),
(1182,9109075339390976,'我不确定',3),
(1183,9109075339390976,'喜欢活动，感兴趣',5),
(1184,9109076199223296,'经常',1),
(1185,9109076199223296,'有时',2),
(1186,9109076199223296,'很少',3),
(1187,9109076199223296,'从未',5),
(1188,9109077096804352,'是  ',1),
(1189,9109077096804352,'有时',3),
(1190,9109077096804352,'从不',5),
(1191,9120501537427456,'既往缺血性脑卒中/TIA史',-2),
(1192,9120501537427456,'既往心肌梗死',-2),
(1193,9120501537427456,'其他心血管疾病（除外心房颤动和心肌梗死）',-2),
(1194,9120501537427456,'外周动脉疾病',-2),
(1195,9120501579370496,'否',0),
(1196,9120501579370496,'是 ',5),
(1197,9120501621313536,'经常',1),
(1198,9120501621313536,'有时',2),
(1199,9120501621313536,'很少',3),
(1200,9120501621313536,'从未',5),
(1201,9120501659062272,'我不确定',1),
(1202,9120501659062272,'不会重复',3),
(1203,9120501659062272,'很少重复 ',5),
(1204,9120501701005312,'几乎每天',1),
(1205,9120501701005312,'超过一周',2),
(1206,9120501701005312,'好几天',3),
(1207,9120501701005312,'完全不会 ',5),
(1208,9120501738754048,'几乎每天',1),
(1209,9120501738754048,'一半以上时间',2),
(1210,9120501738754048,'有几天',3),
(1211,9120501738754048,'没有 ',5),
(1212,9120501776502784,'几乎每天',1),
(1213,9120501776502784,'一半以上时间',2),
(1214,9120501776502784,'有几天',3),
(1215,9120501776502784,'没有',5),
(1216,9120501814251520,'几乎每天',1),
(1217,9120501814251520,'一半以上时间',2),
(1218,9120501814251520,'有几天',3),
(1219,9120501814251520,'没有',5),
(1220,9120501864583168,'几乎每天',1),
(1221,9120501864583168,'超过一周',2),
(1222,9120501864583168,'好几天',3),
(1223,9120501864583168,'完全不会',5),
(1224,9120501902331904,'有',1),
(1225,9120501902331904,'有时',3),
(1226,9120501902331904,'没有',5),
(1227,9120501944274944,'有过',1),
(1228,9120501944274944,'偶尔',3),
(1229,9120501944274944,'没有',5),
(1230,9120501982023680,'几乎每天',1),
(1231,9120501982023680,'一半以上时间',2),
(1232,9120501982023680,'有几天',3),
(1233,9120501982023680,'没有 ',5),
(1234,9120502036549632,'几乎每天',1),
(1235,9120502036549632,'超过一周',2),
(1236,9120502036549632,'好几天',3),
(1237,9120502036549632,'完全不会',5),
(1238,9120502078492672,'几乎每天',1),
(1239,9120502078492672,'一半以上时间',2),
(1240,9120502078492672,'有几天',3),
(1241,9120502078492672,'没有',5),
(1242,9120502120435712,'经常',1),
(1243,9120502120435712,'有时',2),
(1244,9120502120435712,'很少',3),
(1245,9120502120435712,'从未',5),
(1246,9120502158184448,'经常',1),
(1247,9120502158184448,'有时',2),
(1248,9120502158184448,'很少',3),
(1249,9120502158184448,'从未',5),
(1250,9120502212710400,'几乎每天',1),
(1251,9120502212710400,'超过一周',2),
(1252,9120502212710400,'好几天',3),
(1253,9120502212710400,'完全不会 ',5),
(1254,9120502250459136,'是  ',1),
(1255,9120502250459136,'有时',3),
(1256,9120502250459136,'从不',5),
(1257,9120502300790784,'几乎每天',1),
(1258,9120502300790784,'一半以上时间',2),
(1259,9120502300790784,'有几天',3),
(1260,9120502300790784,'没有',5),
(1261,9120502338539520,'有难度',1),
(1262,9120502338539520,'不确定',3),
(1263,9120502338539520,'没难度',5),
(1264,9120502380482560,'经常',1),
(1265,9120502380482560,'有时',2),
(1266,9120502380482560,'很少',3),
(1267,9120502380482560,'从未',5),
(1268,9120502422425600,'少动，不感兴趣',1),
(1269,9120502422425600,'我不确定',3),
(1270,9120502422425600,'喜欢活动，感兴趣',5),
(1271,9120502464368640,'经常',1),
(1272,9120502464368640,'有时',2),
(1273,9120502464368640,'很少',3),
(1274,9120502464368640,'从未',5),
(1275,9120502502117376,'经常',1),
(1276,9120502502117376,'有时',2),
(1277,9120502502117376,'很少',3),
(1278,9120502502117376,'从未',5),
(1279,9120502560837632,'几乎每天',1),
(1280,9120502560837632,'一半以上时间',2),
(1281,9120502560837632,'有几天',3),
(1282,9120502560837632,'没有',5),
(1283,9120502602780672,'几乎每天',1),
(1284,9120502602780672,'超过一周',2),
(1285,9120502602780672,'好几天',3),
(1286,9120502602780672,'完全不会',5),
(1287,9120502640529408,'几乎每天',1),
(1288,9120502640529408,'超过一周',2),
(1289,9120502640529408,'好几天 ',3),
(1290,9120502640529408,'完全不会',5),
(1291,9120502682472448,'经常 ',1),
(1292,9120502682472448,'有时',2),
(1293,9120502682472448,'很少',3),
(1294,9120502682472448,'从未',5),
(1295,9120502724415488,'经常',1),
(1296,9120502724415488,'有时',2),
(1297,9120502724415488,'很少',3),
(1298,9120502724415488,'从未',5),
(1299,9120502762164224,'经常',1),
(1300,9120502762164224,'有时',2),
(1301,9120502762164224,'很少',3),
(1302,9120502762164224,'从未',5),
(1303,9120502808301568,'几乎每天',1),
(1304,9120502808301568,'一半以上时间',2),
(1305,9120502808301568,'有几天',3),
(1306,9120502808301568,'没有 ',5),
(1307,9120502883799040,'几乎每天',1),
(1308,9120502883799040,'一半以上时间',2),
(1309,9120502883799040,'有几天',3),
(1310,9120502883799040,'没有',5),
(1311,9120502929936384,'经常',1),
(1312,9120502929936384,'有时',2),
(1313,9120502929936384,'很少',3),
(1314,9120502929936384,'从未',5),
(1315,9120502967685120,'（疑似）有障碍',1),
(1316,9120502967685120,'我不确定',3),
(1317,9120502967685120,'无障碍',5),
(1318,9120503009628160,'有困难 ',1),
(1319,9120503009628160,'有时会出现困难',3),
(1320,9120503009628160,'没有困难 ',5),
(1321,9120503051571200,'几乎每天',1),
(1322,9120503051571200,'超过一周',2),
(1323,9120503051571200,'好几天',3),
(1324,9120503051571200,'完全不会',5),
(1325,11498628557295616,'既往缺血性脑卒中/TIA史',-2),
(1326,11498628557295616,'既往心肌梗死',-2),
(1327,11498628557295616,'其他心血管疾病（除外心房颤动和心肌梗死）',-2),
(1328,11498628557295616,'外周动脉疾病',-2),
(1329,11498628624404480,'否',0),
(1330,11498628624404480,'是 ',5),
(1331,11498628670541824,'几乎每天',1),
(1332,11498628670541824,'超过一周',2),
(1333,11498628670541824,'好几天',3),
(1334,11498628670541824,'完全不会',5),
(1335,11498628716679168,'经常',1),
(1336,11498628716679168,'有时',2),
(1337,11498628716679168,'很少',3),
(1338,11498628716679168,'从未',5),
(1339,11498628792176640,'经常',1),
(1340,11498628792176640,'有时',2),
(1341,11498628792176640,'很少',3),
(1342,11498628792176640,'从未',5),
(1343,11498628834119680,'几乎每天',1),
(1344,11498628834119680,'超过一周',2),
(1345,11498628834119680,'好几天',3),
(1346,11498628834119680,'完全不会',5),
(1347,11498628876062720,'几乎每天',1),
(1348,11498628876062720,'一半以上时间',2),
(1349,11498628876062720,'有几天',3),
(1350,11498628876062720,'没有',5),
(1351,11498628922200064,'经常',1),
(1352,11498628922200064,'有时',2),
(1353,11498628922200064,'很少',3),
(1354,11498628922200064,'从未',5),
(1355,11498628964143104,'几乎每天',1),
(1356,11498628964143104,'一半以上时间',2),
(1357,11498628964143104,'有几天',3),
(1358,11498628964143104,'没有',5),
(1359,11498629035446272,'几乎每天',1),
(1360,11498629035446272,'一半以上时间',2),
(1361,11498629035446272,'有几天',3),
(1362,11498629035446272,'没有 ',5),
(1363,11498629085777920,'经常 ',1),
(1364,11498629085777920,'有时',2),
(1365,11498629085777920,'很少',3),
(1366,11498629085777920,'从未',5),
(1367,11498629127720960,'（疑似）有障碍',1),
(1368,11498629127720960,'我不确定',3),
(1369,11498629127720960,'无障碍',5),
(1370,11498629169664000,'几乎每天',1),
(1371,11498629169664000,'一半以上时间',2),
(1372,11498629169664000,'有几天',3),
(1373,11498629169664000,'没有 ',5),
(1374,11498629215801344,'几乎每天',1),
(1375,11498629215801344,'超过一周',2),
(1376,11498629215801344,'好几天',3),
(1377,11498629215801344,'完全不会',5),
(1378,11498629257744384,'几乎每天',1),
(1379,11498629257744384,'一半以上时间',2),
(1380,11498629257744384,'有几天',3),
(1381,11498629257744384,'没有',5),
(1382,11498629299687424,'我不确定',1),
(1383,11498629299687424,'不会重复',3),
(1384,11498629299687424,'很少重复 ',5),
(1385,11498629345824768,'经常',1),
(1386,11498629345824768,'有时',2),
(1387,11498629345824768,'很少',3),
(1388,11498629345824768,'从未',5),
(1389,11498629391962112,'经常',1),
(1390,11498629391962112,'有时',2),
(1391,11498629391962112,'很少',3),
(1392,11498629391962112,'从未',5),
(1393,11498629433905152,'几乎每天',1),
(1394,11498629433905152,'一半以上时间',2),
(1395,11498629433905152,'有几天',3),
(1396,11498629433905152,'没有',5),
(1397,11498629480042496,'有困难 ',1),
(1398,11498629480042496,'有时会出现困难',3),
(1399,11498629480042496,'没有困难 ',5),
(1400,11498629521985536,'少动，不感兴趣',1),
(1401,11498629521985536,'我不确定',3),
(1402,11498629521985536,'喜欢活动，感兴趣',5),
(1403,11498629568122880,'几乎每天',1),
(1404,11498629568122880,'超过一周',2),
(1405,11498629568122880,'好几天',3),
(1406,11498629568122880,'完全不会 ',5),
(1407,11498629610065920,'有',1),
(1408,11498629610065920,'有时',3),
(1409,11498629610065920,'没有',5),
(1410,11498629656203264,'是  ',1),
(1411,11498629656203264,'有时',3),
(1412,11498629656203264,'从不',5),
(1413,11498629723312128,'几乎每天',1),
(1414,11498629723312128,'超过一周',2),
(1415,11498629723312128,'好几天',3),
(1416,11498629723312128,'完全不会 ',5),
(1417,11498629769449472,'有过',1),
(1418,11498629769449472,'偶尔',3),
(1419,11498629769449472,'没有',5),
(1420,11498629811392512,'经常',1),
(1421,11498629811392512,'有时',2),
(1422,11498629811392512,'很少',3),
(1423,11498629811392512,'从未',5),
(1424,11498629857529856,'几乎每天',1),
(1425,11498629857529856,'超过一周',2),
(1426,11498629857529856,'好几天',3),
(1427,11498629857529856,'完全不会',5),
(1428,11498629899472896,'经常',1),
(1429,11498629899472896,'有时',2),
(1430,11498629899472896,'很少',3),
(1431,11498629899472896,'从未',5),
(1432,11498629941415936,'几乎每天',1),
(1433,11498629941415936,'一半以上时间',2),
(1434,11498629941415936,'有几天',3),
(1435,11498629941415936,'没有',5),
(1436,11498629987553280,'几乎每天',1),
(1437,11498629987553280,'一半以上时间',2),
(1438,11498629987553280,'有几天',3),
(1439,11498629987553280,'没有 ',5),
(1440,11498630025302016,'经常',1),
(1441,11498630025302016,'有时',2),
(1442,11498630025302016,'很少',3),
(1443,11498630025302016,'从未',5),
(1444,11498630071439360,'有难度',1),
(1445,11498630071439360,'不确定',3),
(1446,11498630071439360,'没难度',5),
(1447,11498630113382400,'几乎每天',1),
(1448,11498630113382400,'一半以上时间',2),
(1449,11498630113382400,'有几天',3),
(1450,11498630113382400,'没有',5),
(1451,11498630151131136,'经常',1),
(1452,11498630151131136,'有时',2),
(1453,11498630151131136,'很少',3),
(1454,11498630151131136,'从未',5),
(1455,11498630209851392,'几乎每天',1),
(1456,11498630209851392,'超过一周',2),
(1457,11498630209851392,'好几天 ',3),
(1458,11498630209851392,'完全不会',5);

/*Table structure for table `t_question_title` */

DROP TABLE IF EXISTS `t_question_title`;

CREATE TABLE `t_question_title` (
  `id` bigint(50) NOT NULL,
  `group_id` bigint(50) DEFAULT NULL,
  `question_title` varchar(255) DEFAULT NULL COMMENT '问卷标题',
  `question_type` int(10) DEFAULT NULL COMMENT '选择类型（0单选，1多选）',
  PRIMARY KEY (`id`)
) ENGINE=InnoDB DEFAULT CHARSET=utf8mb4;

/*Data for the table `t_question_title` */

insert  into `t_question_title`(`id`,`group_id`,`question_title`,`question_type`) values 
(632568119214080,632567720755200,'有无以下疾病（多选）',1),
(632568924520448,632567720755200,'是否经常锻炼？',0),
(632569725632512,632567720755200,'不爱活动？或对事情不感兴趣？',0),
(632570539327488,632567720755200,'动作或说话速度缓慢到别人已经觉察？或正好相反，烦躁或坐立不安、动来动去的情况更胜于平常',0),
(632571403354112,632567720755200,'入睡后稍有动静就能知道。',0),
(636704738951168,636704340492288,'不爱活动？或对事情不感兴趣？',0),
(636705565229056,636704340492288,'入睡后稍有动静就能知道。',0),
(636706412478464,636704340492288,'有无以下疾病（多选）',1),
(636707226173440,636704340492288,'是否经常锻炼？',0),
(636708010508288,636704340492288,'动作或说话速度缓慢到别人已经觉察？或正好相反，烦躁或坐立不安、动来动去的情况更胜于平常',0),
(636708820008960,636704340492288,'工作或娱乐至深夜',0),
(636710833274880,636704340492288,'很早就醒来，而且再也睡不着了',0),
(5373190319624192,5373190298652672,'有无以下疾病（多选）',1),
(5373190424481792,5373190298652672,'是否经常锻炼？',0),
(5373190462230528,5373190298652672,'判断力是否出现了障碍？',0),
(5400150286520320,5400150236188672,'有无以下疾病（多选）',1),
(5400150336851968,5400150236188672,'是否经常锻炼？',0),
(5400150382989312,5400150236188672,'判断力是否出现了障碍？',0),
(5400150433320960,5400150236188672,'不爱活动？或对事情不感兴趣？',0),
(5400150475264000,5400150236188672,'是否会不断重复同一件事或同一句话？',0),
(5400150521401344,5400150236188672,'学习新东西使用方法时，是否会有困难？',0),
(5405658103926784,5405658082955264,'有无以下疾病（多选）',1),
(5405658150064128,5405658082955264,'是否经常锻炼？',0),
(5405658196201472,5405658082955264,'判断力是否出现了障碍？',0),
(5405658242338816,5405658082955264,'是否会不断重复同一件事或同一句话？',0),
(5405658292670464,5405658082955264,'不爱活动？或对事情不感兴趣？',0),
(5405658338807808,5405658082955264,'学习新东西使用方法时，是否会有困难？',0),
(5405658380750848,5405658082955264,'是否有时会记不清当前的月份或年份？',0),
(5405658422693888,5405658082955264,'处理复杂的个人事情时，是否存在困难？',0),
(5405658464636928,5405658082955264,'是否会忘记与某人的约定？',0),
(5405658510774272,5405658082955264,'记忆或思考能力是否出现过问题？',0),
(5405658552717312,5405658082955264,'感觉紧张，焦虑或急切',0),
(5405658594660352,5405658082955264,'不能够停止或控制担忧',0),
(5405658636603392,5405658082955264,'对各种各样的事情担忧过多',0),
(5405658678546432,5405658082955264,'很难放松下来',0),
(5405658724683776,5405658082955264,'由于不安而无法静坐 ',0),
(5405658766626816,5405658082955264,'变得容易烦恼或急躁',0),
(5405658808569856,5405658082955264,'感到似乎将有可怕的事情发生而害怕',0),
(5405658854707200,5405658082955264,'做事时提不起劲或没有兴趣',0),
(5405658913427456,5405658082955264,'感到心情低落、沮丧或绝望',0),
(5405658959564800,5405658082955264,'入睡困难、睡不安稳或睡眠过多',0),
(5405659001507840,5405658082955264,'感觉疲倦或没有活力',0),
(5405659043450880,5405658082955264,'食欲不振或吃太多',0),
(5405659089588224,5405658082955264,'觉得自己很糟，或觉得自己很失败，或让自己或家人失望',0),
(5405659131531264,5405658082955264,'对事物专注有困难，例如阅读报纸或看电视时不能集中注意力',0),
(5405659177668608,5405658082955264,'动作或说话速度缓慢到别人已经觉察？或正好相反，烦躁或坐立不安、动来动去的情况更胜于平常',0),
(5405659219611648,5405658082955264,'有不如死掉或用某种方式伤害自己的念头',0),
(5405659261554688,5405658082955264,'睡眠时间很不规律，不能按时上床睡眠。',0),
(5405659307692032,5405658082955264,'工作或娱乐至深夜。',0),
(5405659378995200,5405658082955264,'躺在床上脑子里全是白天见过的人和发生的事，难以入睡。',0),
(5405659425132544,5405658082955264,'入睡后稍有动静就能知道。',0),
(5405659467075584,5405658082955264,'整夜做梦，醒来时觉得很累。',0),
(5405659509018624,5405658082955264,'很早就醒来，而且再也睡不着了。',0),
(5405659555155968,5405658082955264,'有点不顺心的事就彻夜难眠',0),
(5405659597099008,5405658082955264,'换个地方就难以入睡。',0),
(5405659639042048,5405658082955264,'上夜班就睡眠不好。',0),
(5405659680985088,5405658082955264,'使用安眠药才能安然入睡',0),
(5414096745779200,5414096720613376,'有无以下疾病（多选）',1),
(5414096787722240,5414096720613376,'是否经常锻炼？',0),
(5414096829665280,5414096720613376,'判断力是否出现了障碍？',0),
(5414096884191232,5414096720613376,'变得容易烦恼或急躁',0),
(5414096926134272,5414096720613376,'对事物专注有困难，例如阅读报纸或看电视时不能集中注意力',0),
(5414096968077312,5414096720613376,'入睡困难、睡不安稳或睡眠过多',0),
(5414097010020352,5414096720613376,'感觉紧张，焦虑或急切',0),
(5414097051963392,5414096720613376,'换个地方就难以入睡。',0),
(5414097110683648,5414096720613376,'不爱活动？或对事情不感兴趣？',0),
(5414097152626688,5414096720613376,'入睡后稍有动静就能知道。',0),
(5414097219735552,5414096720613376,'觉得自己很糟，或觉得自己很失败，或让自己或家人失望',0),
(5414097265872896,5414096720613376,'是否有时会记不清当前的月份或年份？',0),
(5414097307815936,5414096720613376,'感到心情低落、沮丧或绝望',0),
(5414097353953280,5414096720613376,'由于不安而无法静坐 ',0),
(5414097395896320,5414096720613376,'有点不顺心的事就彻夜难眠',0),
(5414097442033664,5414096720613376,'躺在床上脑子里全是白天见过的人和发生的事，难以入睡。',0),
(5414097483976704,5414096720613376,'是否会忘记与某人的约定？',0),
(5414097534308352,5414096720613376,'食欲不振或吃太多',0),
(5414097605611520,5414096720613376,'做事时提不起劲或没有兴趣',0),
(5414097647554560,5414096720613376,'很难放松下来',0),
(5414097689497600,5414096720613376,'是否会不断重复同一件事或同一句话？',0),
(5414097731440640,5414096720613376,'对各种各样的事情担忧过多',0),
(5414097773383680,5414096720613376,'工作或娱乐至深夜。',0),
(5414097819521024,5414096720613376,'使用安眠药才能安然入睡',0),
(5414097861464064,5414096720613376,'很早就醒来，而且再也睡不着了。',0),
(5414097903407104,5414096720613376,'学习新东西使用方法时，是否会有困难？',0),
(5414097953738752,5414096720613376,'有不如死掉或用某种方式伤害自己的念头',0),
(5414097995681792,5414096720613376,'感觉疲倦或没有活力',0),
(5414098058596352,5414096720613376,'感到似乎将有可怕的事情发生而害怕',0),
(5414098100539392,5414096720613376,'动作或说话速度缓慢到别人已经觉察？或正好相反，烦躁或坐立不安、动来动去的情况更胜于平常',0),
(5414098146676736,5414096720613376,'不能够停止或控制担忧',0),
(5414098192814080,5414096720613376,'处理复杂的个人事情时，是否存在困难？',0),
(5414098238951424,5414096720613376,'上夜班就睡眠不好。',0),
(5414098280894464,5414096720613376,'整夜做梦，醒来时觉得很累。',0),
(5414098322837504,5414096720613376,'睡眠时间很不规律，不能按时上床睡眠。',0),
(5414098364780544,5414096720613376,'记忆或思考能力是否出现过问题？',0),
(5414098645798912,5414098620633088,'有无以下疾病（多选）',1),
(5414098687741952,5414098620633088,'是否经常锻炼？',0),
(5414098729684992,5414098620633088,'判断力是否出现了障碍？',0),
(5414098771628032,5414098620633088,'变得容易烦恼或急躁',0),
(5414098826153984,5414098620633088,'对事物专注有困难，例如阅读报纸或看电视时不能集中注意力',0),
(5414098868097024,5414098620633088,'入睡困难、睡不安稳或睡眠过多',0),
(5414098910040064,5414098620633088,'感觉紧张，焦虑或急切',0),
(5414098951983104,5414098620633088,'换个地方就难以入睡。',0),
(5414098993926144,5414098620633088,'不爱活动？或对事情不感兴趣？',0),
(5414099035869184,5414098620633088,'入睡后稍有动静就能知道。',0),
(5414099077812224,5414098620633088,'觉得自己很糟，或觉得自己很失败，或让自己或家人失望',0),
(5414099149115392,5414098620633088,'是否有时会记不清当前的月份或年份？',0),
(5414099191058432,5414098620633088,'感到心情低落、沮丧或绝望',0),
(5414099233001472,5414098620633088,'由于不安而无法静坐 ',0),
(5414099274944512,5414098620633088,'有点不顺心的事就彻夜难眠',0),
(5414099316887552,5414098620633088,'躺在床上脑子里全是白天见过的人和发生的事，难以入睡。',0),
(5414099363024896,5414098620633088,'是否会忘记与某人的约定？',0),
(5414099404967936,5414098620633088,'食欲不振或吃太多',0),
(5414099446910976,5414098620633088,'做事时提不起劲或没有兴趣',0),
(5414099488854016,5414098620633088,'很难放松下来',0),
(5414099530797056,5414098620633088,'是否会不断重复同一件事或同一句话？',0),
(5414099589517312,5414098620633088,'对各种各样的事情担忧过多',0),
(5414099631460352,5414098620633088,'工作或娱乐至深夜。',0),
(5414099677597696,5414098620633088,'使用安眠药才能安然入睡',0),
(5414099723735040,5414098620633088,'很早就醒来，而且再也睡不着了。',0),
(5414099765678080,5414098620633088,'学习新东西使用方法时，是否会有困难？',0),
(5414099836981248,5414098620633088,'有不如死掉或用某种方式伤害自己的念头',0),
(5414099878924288,5414098620633088,'感觉疲倦或没有活力',0),
(5414099920867328,5414098620633088,'感到似乎将有可怕的事情发生而害怕',0),
(5414099967004672,5414098620633088,'动作或说话速度缓慢到别人已经觉察？或正好相反，烦躁或坐立不安、动来动去的情况更胜于平常',0),
(5414100021530624,5414098620633088,'不能够停止或控制担忧',0),
(5414100063473664,5414098620633088,'处理复杂的个人事情时，是否存在困难？',0),
(5414100117999616,5414098620633088,'上夜班就睡眠不好。',0),
(5414100159942656,5414098620633088,'整夜做梦，醒来时觉得很累。',0),
(5414100201885696,5414098620633088,'睡眠时间很不规律，不能按时上床睡眠。',0),
(5414100248023040,5414098620633088,'记忆或思考能力是否出现过问题？',0),
(5414237204631552,5414237179465728,'有无以下疾病（多选）',1),
(5414237250768896,5414237179465728,'是否经常锻炼？',0),
(5414237296906240,5414237179465728,'判断力是否出现了障碍？',0),
(5414237343043584,5414237179465728,'感觉疲倦或没有活力',0),
(5414237384986624,5414237179465728,'使用安眠药才能安然入睡',0),
(5414237435318272,5414237179465728,'处理复杂的个人事情时，是否存在困难？',0),
(5414237481455616,5414237179465728,'睡眠时间很不规律，不能按时上床睡眠。',0),
(5414237561147392,5414237179465728,'入睡困难、睡不安稳或睡眠过多',0),
(5414237603090432,5414237179465728,'是否会忘记与某人的约定？',0),
(5414237645033472,5414237179465728,'很难放松下来',0),
(5414237691170816,5414237179465728,'有不如死掉或用某种方式伤害自己的念头',0),
(5414237741502464,5414237179465728,'工作或娱乐至深夜。',0),
(5414237783445504,5414237179465728,'不能够停止或控制担忧',0),
(5414237825388544,5414237179465728,'不爱活动？或对事情不感兴趣？',0),
(5414237867331584,5414237179465728,'整夜做梦，醒来时觉得很累。',0),
(5414237905080320,5414237179465728,'对事物专注有困难，例如阅读报纸或看电视时不能集中注意力',0),
(5414237959606272,5414237179465728,'躺在床上脑子里全是白天见过的人和发生的事，难以入睡。',0),
(5414238005743616,5414237179465728,'是否有时会记不清当前的月份或年份？',0),
(5414238047686656,5414237179465728,'做事时提不起劲或没有兴趣',0),
(5414238093824000,5414237179465728,'对各种各样的事情担忧过多',0),
(5414238135767040,5414237179465728,'动作或说话速度缓慢到别人已经觉察？或正好相反，烦躁或坐立不安、动来动去的情况更胜于平常',0),
(5414238177710080,5414237179465728,'上夜班就睡眠不好。',0),
(5414238219653120,5414237179465728,'变得容易烦恼或急躁',0),
(5414238261596160,5414237179465728,'换个地方就难以入睡。',0),
(5414238303539200,5414237179465728,'有点不顺心的事就彻夜难眠',0),
(5414238345482240,5414237179465728,'觉得自己很糟，或觉得自己很失败，或让自己或家人失望',0),
(5414238383230976,5414237179465728,'食欲不振或吃太多',0),
(5414238425174016,5414237179465728,'学习新东西使用方法时，是否会有困难？',0),
(5414238496477184,5414237179465728,'感到似乎将有可怕的事情发生而害怕',0),
(5414238538420224,5414237179465728,'很早就醒来，而且再也睡不着了。',0),
(5414238580363264,5414237179465728,'记忆或思考能力是否出现过问题？',0),
(5414238622306304,5414237179465728,'感觉紧张，焦虑或急切',0),
(5414238664249344,5414237179465728,'入睡后稍有动静就能知道。',0),
(5414238706192384,5414237179465728,'由于不安而无法静坐 ',0),
(5414238748135424,5414237179465728,'是否会不断重复同一件事或同一句话？',0),
(5414238790078464,5414237179465728,'感到心情低落、沮丧或绝望',0),
(9042316661608448,9042316632248320,'有无以下疾病（多选）',1),
(9042316703551488,9042316632248320,'是否经常锻炼？',0),
(9042316741300224,9042316632248320,'由于不安而无法静坐 ',0),
(9042316783243264,9042316632248320,'是否会不断重复同一件事或同一句话？',0),
(9042316825186304,9042316632248320,'感觉紧张，焦虑或急切',0),
(9042316862935040,9042316632248320,'使用安眠药才能安然入睡',0),
(9042316904878080,9042316632248320,'不能够停止或控制担忧',0),
(9042316942626816,9042316632248320,'入睡后稍有动静就能知道。',0),
(9042316984569856,9042316632248320,'有不如死掉或用某种方式伤害自己的念头',0),
(9042317026512896,9042316632248320,'整夜做梦，醒来时觉得很累。',0),
(9042317064261632,9042316632248320,'感到心情低落、沮丧或绝望',0),
(9042317106204672,9042316632248320,'判断力是否出现了障碍？',0),
(9042317143953408,9042316632248320,'是否会忘记与某人的约定？',0),
(9042317198479360,9042316632248320,'很难放松下来',0),
(9042317236228096,9042316632248320,'入睡困难、睡不安稳或睡眠过多',0),
(9042317278171136,9042316632248320,'工作或娱乐至深夜。',0),
(9042317315919872,9042316632248320,'动作或说话速度缓慢到别人已经觉察？或正好相反，烦躁或坐立不安、动来动去的情况更胜于平常',0),
(9042317357862912,9042316632248320,'上夜班就睡眠不好。',0),
(9042317395611648,9042316632248320,'躺在床上脑子里全是白天见过的人和发生的事，难以入睡。',0),
(9042317437554688,9042316632248320,'不爱活动？或对事情不感兴趣？',0),
(9042317487886336,9042316632248320,'做事时提不起劲或没有兴趣',0),
(9042317542412288,9042316632248320,'学习新东西使用方法时，是否会有困难？',0),
(9042317580161024,9042316632248320,'对事物专注有困难，例如阅读报纸或看电视时不能集中注意力',0),
(9042317630492672,9042316632248320,'是否有时会记不清当前的月份或年份？',0),
(9042317672435712,9042316632248320,'对各种各样的事情担忧过多',0),
(9042317714378752,9042316632248320,'感到似乎将有可怕的事情发生而害怕',0),
(9042317752127488,9042316632248320,'记忆或思考能力是否出现过问题？',0),
(9042317789876224,9042316632248320,'有点不顺心的事就彻夜难眠',0),
(9042317831819264,9042316632248320,'换个地方就难以入睡。',0),
(9042317869568000,9042316632248320,'食欲不振或吃太多',0),
(9042317919899648,9042316632248320,'变得容易烦恼或急躁',0),
(9042317961842688,9042316632248320,'很早就醒来，而且再也睡不着了。',0),
(9042318003785728,9042316632248320,'处理复杂的个人事情时，是否存在困难？',0),
(9042318041534464,9042316632248320,'觉得自己很糟，或觉得自己很失败，或让自己或家人失望',0),
(9042318083477504,9042316632248320,'感觉疲倦或没有活力',0),
(9042318133809152,9042316632248320,'睡眠时间很不规律，不能按时上床睡眠。',0),
(9043277186584576,9043277165613056,'有无以下疾病（多选）',1),
(9043277228527616,9043277165613056,'是否经常锻炼？',0),
(9043277270470656,9043277165613056,'整夜做梦，醒来时觉得很累。',0),
(9043277312413696,9043277165613056,'是否有时会记不清当前的月份或年份？',0),
(9043277354356736,9043277165613056,'使用安眠药才能安然入睡',0),
(9043277396299776,9043277165613056,'觉得自己很糟，或觉得自己很失败，或让自己或家人失望',0),
(9043277450825728,9043277165613056,'是否会忘记与某人的约定？',0),
(9043277492768768,9043277165613056,'动作或说话速度缓慢到别人已经觉察？或正好相反，烦躁或坐立不安、动来动去的情况更胜于平常',0),
(9043277543100416,9043277165613056,'记忆或思考能力是否出现过问题？',0),
(9043277585043456,9043277165613056,'食欲不振或吃太多',0),
(9043277622792192,9043277165613056,'对事物专注有困难，例如阅读报纸或看电视时不能集中注意力',0),
(9043277689901056,9043277165613056,'感觉紧张，焦虑或急切',0),
(9043277731844096,9043277165613056,'有不如死掉或用某种方式伤害自己的念头',0),
(9043277769592832,9043277165613056,'感到似乎将有可怕的事情发生而害怕',0),
(9043277811535872,9043277165613056,'不爱活动？或对事情不感兴趣？',0),
(9043277853478912,9043277165613056,'工作或娱乐至深夜。',0),
(9043277899616256,9043277165613056,'处理复杂的个人事情时，是否存在困难？',0),
(9043277941559296,9043277165613056,'换个地方就难以入睡。',0),
(9043277979308032,9043277165613056,'判断力是否出现了障碍？',0),
(9043278025445376,9043277165613056,'入睡后稍有动静就能知道。',0),
(9043278079971328,9043277165613056,'睡眠时间很不规律，不能按时上床睡眠。',0),
(9043278121914368,9043277165613056,'对各种各样的事情担忧过多',0),
(9043278163857408,9043277165613056,'躺在床上脑子里全是白天见过的人和发生的事，难以入睡。',0),
(9043278205800448,9043277165613056,'入睡困难、睡不安稳或睡眠过多',0),
(9043278247743488,9043277165613056,'是否会不断重复同一件事或同一句话？',0),
(9043278289686528,9043277165613056,'很早就醒来，而且再也睡不着了。',0),
(9043278331629568,9043277165613056,'有点不顺心的事就彻夜难眠',0),
(9043278373572608,9043277165613056,'学习新东西使用方法时，是否会有困难？',0),
(9043278419709952,9043277165613056,'感到心情低落、沮丧或绝望',0),
(9043278461652992,9043277165613056,'不能够停止或控制担忧',0),
(9043278503596032,9043277165613056,'感觉疲倦或没有活力',0),
(9043278545539072,9043277165613056,'上夜班就睡眠不好。',0),
(9043278587482112,9043277165613056,'很难放松下来',0),
(9043278629425152,9043277165613056,'变得容易烦恼或急躁',0),
(9043278671368192,9043277165613056,'做事时提不起劲或没有兴趣',0),
(9043278738477056,9043277165613056,'由于不安而无法静坐 ',0),
(9108800876720128,9108800453095424,'有无以下疾病（多选）',1),
(9108801736552448,9108800453095424,'是否经常锻炼？',0),
(9108802541858816,9108800453095424,'变得容易烦恼或急躁',0),
(9108803355553792,9108800453095424,'有不如死掉或用某种方式伤害自己的念头',0),
(9108804177637376,9108800453095424,'觉得自己很糟，或觉得自己很失败，或让自己或家人失望',0),
(9108804991332352,9108800453095424,'感觉紧张，焦虑或急切',0),
(9108805838581760,9108800453095424,'对各种各样的事情担忧过多',0),
(9108806643888128,9108800453095424,'入睡困难、睡不安稳或睡眠过多',0),
(9108807453388800,9108800453095424,'躺在床上脑子里全是白天见过的人和发生的事，难以入睡。',0),
(9108808267083776,9108800453095424,'记忆或思考能力是否出现过问题？',0),
(9108809080778752,9108800453095424,'学习新东西使用方法时，是否会有困难？',0),
(9108809944805376,9108800453095424,'食欲不振或吃太多',0),
(9108810762694656,9108800453095424,'判断力是否出现了障碍？',0),
(9108811593166848,9108800453095424,'入睡后稍有动静就能知道。',0),
(9108812415250432,9108800453095424,'很难放松下来',0),
(9108813249916928,9108800453095424,'上夜班就睡眠不好。',0),
(9108814055223296,9108800453095424,'感到似乎将有可怕的事情发生而害怕',0),
(9108814873112576,9108800453095424,'做事时提不起劲或没有兴趣',0),
(9108815686807552,9108800453095424,'处理复杂的个人事情时，是否存在困难？',0),
(9108816496308224,9108800453095424,'是否会不断重复同一件事或同一句话？',0),
(9108817305808896,9108800453095424,'换个地方就难以入睡。',0),
(9108818111115264,9108800453095424,'是否有时会记不清当前的月份或年份？',0),
(9108818924810240,9108800453095424,'感到心情低落、沮丧或绝望',0),
(9108819746893824,9108800453095424,'睡眠时间很不规律，不能按时上床睡眠。',0),
(9108820568977408,9108800453095424,'不能够停止或控制担忧',0),
(9108821378478080,9108800453095424,'动作或说话速度缓慢到别人已经觉察？或正好相反，烦躁或坐立不安、动来动去的情况更胜于平常',0),
(9108822200561664,9108800453095424,'很早就醒来，而且再也睡不着了。',0),
(9108823047811072,9108800453095424,'由于不安而无法静坐 ',0),
(9108823869894656,9108800453095424,'有点不顺心的事就彻夜难眠',0),
(9108824763281408,9108800453095424,'对事物专注有困难，例如阅读报纸或看电视时不能集中注意力',0),
(9108825631502336,9108800453095424,'整夜做梦，醒来时觉得很累。',0),
(9108826466168832,9108800453095424,'感觉疲倦或没有活力',0),
(9108827313418240,9108800453095424,'使用安眠药才能安然入睡',0),
(9108828143890432,9108800453095424,'不爱活动？或对事情不感兴趣？',0),
(9108828961779712,9108800453095424,'工作或娱乐至深夜。',0),
(9108829796446208,9108800453095424,'是否会忘记与某人的约定？',0),
(9109047694733312,9109047262720000,'有无以下疾病（多选）',1),
(9109048533594112,9109047262720000,'是否经常锻炼？',0),
(9109049368260608,9109047262720000,'变得容易烦恼或急躁',0),
(9109050232287232,9109047262720000,'有不如死掉或用某种方式伤害自己的念头',0),
(9109051083730944,9109047262720000,'觉得自己很糟，或觉得自己很失败，或让自己或家人失望',0),
(9109051939368960,9109047262720000,'感觉紧张，焦虑或急切',0),
(9109052803395584,9109047262720000,'对各种各样的事情担忧过多',0),
(9109053659033600,9109047262720000,'入睡困难、睡不安稳或睡眠过多',0),
(9109054514671616,9109047262720000,'躺在床上脑子里全是白天见过的人和发生的事，难以入睡。',0),
(9109055374503936,9109047262720000,'记忆或思考能力是否出现过问题？',0),
(9109056234336256,9109047262720000,'学习新东西使用方法时，是否会有困难？',0),
(9109057048031232,9109047262720000,'食欲不振或吃太多',0),
(9109057874309120,9109047262720000,'判断力是否出现了障碍？',0),
(9109058683809792,9109047262720000,'入睡后稍有动静就能知道。',0),
(9109059510087680,9109047262720000,'很难放松下来',0),
(9109060336365568,9109047262720000,'上夜班就睡眠不好。',0),
(9109061145866240,9109047262720000,'感到似乎将有可怕的事情发生而害怕',0),
(9109061972144128,9109047262720000,'做事时提不起劲或没有兴趣',0),
(9109062798422016,9109047262720000,'处理复杂的个人事情时，是否存在困难？',0),
(9109063616311296,9109047262720000,'是否会不断重复同一件事或同一句话？',0),
(9109064488726528,9109047262720000,'换个地方就难以入睡。',0),
(9109065335975936,9109047262720000,'是否有时会记不清当前的月份或年份？',0),
(9109066153865216,9109047262720000,'感到心情低落、沮丧或绝望',0),
(9109066967560192,9109047262720000,'睡眠时间很不规律，不能按时上床睡眠。',0),
(9109067772866560,9109047262720000,'不能够停止或控制担忧',0),
(9109068704002048,9109047262720000,'动作或说话速度缓慢到别人已经觉察？或正好相反，烦躁或坐立不安、动来动去的情况更胜于平常',0),
(9109069547057152,9109047262720000,'很早就醒来，而且再也睡不着了。',0),
(9109070364946432,9109047262720000,'由于不安而无法静坐 ',0),
(9109071203807232,9109047262720000,'有点不顺心的事就彻夜难眠',0),
(9109072017502208,9109047262720000,'对事物专注有困难，例如阅读报纸或看电视时不能集中注意力',0),
(9109072835391488,9109047262720000,'整夜做梦，醒来时觉得很累。',0),
(9109073649086464,9109047262720000,'感觉疲倦或没有活力',0),
(9109074504724480,9109047262720000,'使用安眠药才能安然入睡',0),
(9109075339390976,9109047262720000,'不爱活动？或对事情不感兴趣？',0),
(9109076199223296,9109047262720000,'工作或娱乐至深夜。',0),
(9109077096804352,9109047262720000,'是否会忘记与某人的约定？',0),
(9120501537427456,9120501516455936,'有无以下疾病（多选）',1),
(9120501579370496,9120501516455936,'是否经常锻炼？',0),
(9120501621313536,9120501516455936,'上夜班就睡眠不好。',0),
(9120501659062272,9120501516455936,'是否会不断重复同一件事或同一句话？',0),
(9120501701005312,9120501516455936,'很难放松下来',0),
(9120501738754048,9120501516455936,'觉得自己很糟，或觉得自己很失败，或让自己或家人失望',0),
(9120501776502784,9120501516455936,'感到心情低落、沮丧或绝望',0),
(9120501814251520,9120501516455936,'做事时提不起劲或没有兴趣',0),
(9120501864583168,9120501516455936,'不能够停止或控制担忧',0),
(9120501902331904,9120501516455936,'是否有时会记不清当前的月份或年份？',0),
(9120501944274944,9120501516455936,'记忆或思考能力是否出现过问题？',0),
(9120501982023680,9120501516455936,'食欲不振或吃太多',0),
(9120502036549632,9120501516455936,'由于不安而无法静坐 ',0),
(9120502078492672,9120501516455936,'动作或说话速度缓慢到别人已经觉察？或正好相反，烦躁或坐立不安、动来动去的情况更胜于平常',0),
(9120502120435712,9120501516455936,'整夜做梦，醒来时觉得很累。',0),
(9120502158184448,9120501516455936,'使用安眠药才能安然入睡',0),
(9120502212710400,9120501516455936,'感到似乎将有可怕的事情发生而害怕',0),
(9120502250459136,9120501516455936,'是否会忘记与某人的约定？',0),
(9120502300790784,9120501516455936,'对事物专注有困难，例如阅读报纸或看电视时不能集中注意力',0),
(9120502338539520,9120501516455936,'处理复杂的个人事情时，是否存在困难？',0),
(9120502380482560,9120501516455936,'换个地方就难以入睡。',0),
(9120502422425600,9120501516455936,'不爱活动？或对事情不感兴趣？',0),
(9120502464368640,9120501516455936,'工作或娱乐至深夜。',0),
(9120502502117376,9120501516455936,'睡眠时间很不规律，不能按时上床睡眠。',0),
(9120502560837632,9120501516455936,'有不如死掉或用某种方式伤害自己的念头',0),
(9120502602780672,9120501516455936,'感觉紧张，焦虑或急切',0),
(9120502640529408,9120501516455936,'对各种各样的事情担忧过多',0),
(9120502682472448,9120501516455936,'很早就醒来，而且再也睡不着了。',0),
(9120502724415488,9120501516455936,'有点不顺心的事就彻夜难眠',0),
(9120502762164224,9120501516455936,'躺在床上脑子里全是白天见过的人和发生的事，难以入睡。',0),
(9120502808301568,9120501516455936,'入睡困难、睡不安稳或睡眠过多',0),
(9120502883799040,9120501516455936,'感觉疲倦或没有活力',0),
(9120502929936384,9120501516455936,'入睡后稍有动静就能知道。',0),
(9120502967685120,9120501516455936,'判断力是否出现了障碍？',0),
(9120503009628160,9120501516455936,'学习新东西使用方法时，是否会有困难？',0),
(9120503051571200,9120501516455936,'变得容易烦恼或急躁',0),
(11498628557295616,11498628532129792,'有无以下疾病（多选）',1),
(11498628624404480,11498628532129792,'是否经常锻炼？',0),
(11498628670541824,11498628532129792,'感觉紧张，焦虑或急切',0),
(11498628716679168,11498628532129792,'入睡后稍有动静就能知道。',0),
(11498628792176640,11498628532129792,'有点不顺心的事就彻夜难眠',0),
(11498628834119680,11498628532129792,'不能够停止或控制担忧',0),
(11498628876062720,11498628532129792,'有不如死掉或用某种方式伤害自己的念头',0),
(11498628922200064,11498628532129792,'整夜做梦，醒来时觉得很累。',0),
(11498628964143104,11498628532129792,'感到心情低落、沮丧或绝望',0),
(11498629035446272,11498628532129792,'食欲不振或吃太多',0),
(11498629085777920,11498628532129792,'很早就醒来，而且再也睡不着了。',0),
(11498629127720960,11498628532129792,'判断力是否出现了障碍？',0),
(11498629169664000,11498628532129792,'入睡困难、睡不安稳或睡眠过多',0),
(11498629215801344,11498628532129792,'由于不安而无法静坐 ',0),
(11498629257744384,11498628532129792,'动作或说话速度缓慢到别人已经觉察？或正好相反，烦躁或坐立不安、动来动去的情况更胜于平常',0),
(11498629299687424,11498628532129792,'是否会不断重复同一件事或同一句话？',0),
(11498629345824768,11498628532129792,'上夜班就睡眠不好。',0),
(11498629391962112,11498628532129792,'使用安眠药才能安然入睡',0),
(11498629433905152,11498628532129792,'对事物专注有困难，例如阅读报纸或看电视时不能集中注意力',0),
(11498629480042496,11498628532129792,'学习新东西使用方法时，是否会有困难？',0),
(11498629521985536,11498628532129792,'不爱活动？或对事情不感兴趣？',0),
(11498629568122880,11498628532129792,'感到似乎将有可怕的事情发生而害怕',0),
(11498629610065920,11498628532129792,'是否有时会记不清当前的月份或年份？',0),
(11498629656203264,11498628532129792,'是否会忘记与某人的约定？',0),
(11498629723312128,11498628532129792,'很难放松下来',0),
(11498629769449472,11498628532129792,'记忆或思考能力是否出现过问题？',0),
(11498629811392512,11498628532129792,'工作或娱乐至深夜。',0),
(11498629857529856,11498628532129792,'变得容易烦恼或急躁',0),
(11498629899472896,11498628532129792,'换个地方就难以入睡。',0),
(11498629941415936,11498628532129792,'感觉疲倦或没有活力',0),
(11498629987553280,11498628532129792,'觉得自己很糟，或觉得自己很失败，或让自己或家人失望',0),
(11498630025302016,11498628532129792,'躺在床上脑子里全是白天见过的人和发生的事，难以入睡。',0),
(11498630071439360,11498628532129792,'处理复杂的个人事情时，是否存在困难？',0),
(11498630113382400,11498628532129792,'做事时提不起劲或没有兴趣',0),
(11498630151131136,11498628532129792,'睡眠时间很不规律，不能按时上床睡眠。',0),
(11498630209851392,11498628532129792,'对各种各样的事情担忧过多',0);

/*!40101 SET SQL_MODE=@OLD_SQL_MODE */;
/*!40014 SET FOREIGN_KEY_CHECKS=@OLD_FOREIGN_KEY_CHECKS */;
/*!40014 SET UNIQUE_CHECKS=@OLD_UNIQUE_CHECKS */;
/*!40111 SET SQL_NOTES=@OLD_SQL_NOTES */;
